"MTurkCode","listNum","total_goal","goal","goalType","affordance","approach_avoidance_R","attainability","attainment_maintenance_R","attractiveness_achievement","attractiveness_progress","basic_needs","clarity","commonality","conflict","connectedness","construal_level","control","difficulty","end_state_specificity_R","external_importance","external_motivation","frequency_R","ideal_motivation","identified_motivation","importance","instrumentality","intrinsic_motivation","introjected_motivation","meaningfulness","measurability","ought_motivation","social_desirability","specificity","temporal_duration","visibility"
"A10LHWALI4BZPC",4,10,1,"recurrance",7,7,10,1,6,5,7,7,3,1,3,5,7,3,2,3,1,1,7,7,7,5,5,5,7,7,1,7,7,1,4
"A10LHWALI4BZPC",4,10,2,"short-term",3,7,10,7,3,3,5,7,4,1,2,3,5,2,NA,1,1,2,5,3,4,2,5,1,3,7,1,5,7,3,7
"A10LHWALI4BZPC",4,10,3,"long-term",3,7,5,7,5,5,3,5,6,1,1,4,5,6,NA,3,1,2,7,6,5,4,7,2,4,6,2,5,5,3,3
"A10LHWALI4BZPC",4,10,4,"recurrance",7,3,11,2,6,6,6,7,1,1,2,7,7,7,1,2,1,1,7,7,7,7,5,6,7,7,1,3,7,4,7
"A110BZSDZN7E16",3,4,1,"short-term",4,7,8,7,7,7,5,7,4,1,1,4,7,7,3,7,1,2,7,4,7,7,7,1,5,7,1,7,7,3,7
"A110BZSDZN7E16",3,4,2,"short-term",7,7,6,7,6,6,6,6,6,1,1,4,7,6,3,4,3,2,7,6,7,4,5,5,3,7,1,6,7,3,5
"A110BZSDZN7E16",3,4,3,"long-term",6,7,9,6,7,6,5,7,7,3,4,3,7,7,3,7,1,2,7,7,7,7,1,2,5,7,1,7,7,3,1
"A11F3MA5FWH6SJ",3,3,1,"recurrance",5,7,9,7,7,7,7,7,7,2,3,7,7,5,3,3,1,1,7,7,7,7,4,5,7,7,7,7,7,1,4
"A11F3MA5FWH6SJ",3,3,2,"recurrance",6,7,10,3,7,7,7,7,7,2,2,4,7,2,3,3,1,1,6,7,7,7,5,7,7,7,1,7,7,1,3
"A11F3MA5FWH6SJ",3,3,3,"short-term",4,7,8,NA,7,7,5,5,2,1,1,4,7,6,NA,2,5,NA,4,7,7,3,4,1,7,2,1,4,7,3,7
"A11ILN5YSUDVG8",3,3,1,"recurrance",6,6,9,6,6,7,7,6,6,2,5,3,7,6,3,5,2,1,7,7,6,6,6,6,5,7,4,5,6,3,6
"A11ILN5YSUDVG8",3,3,2,"recurrance",6,7,9,7,6,6,6,6,4,2,6,4,6,4,3,6,4,1,6,6,7,6,7,3,6,7,2,6,6,3,6
"A11ILN5YSUDVG8",3,3,3,"long-term",5,7,7,6,6,6,7,5,4,1,6,4,6,6,3,6,3,1,7,7,7,6,6,5,7,4,4,6,6,3,5
"A121T4P5NKCHCS",3,3,1,"short-term",7,7,10,7,7,6,7,7,4,1,4,2,6,6,3,7,4,2,7,7,7,7,5,4,6,6,4,7,7,3,7
"A121T4P5NKCHCS",3,3,2,"short-term",7,7,6,3,6,6,7,7,4,4,4,7,7,6,3,6,3,1,6,7,6,3,4,2,6,7,4,4,7,3,1
"A121T4P5NKCHCS",3,3,3,"short-term",4,7,7,7,6,6,7,7,2,1,4,3,7,6,3,5,5,1,7,6,6,5,1,3,4,6,4,4,7,3,4
"A12JKSH2NE5W9N",2,2,1,"recurrance",5,5,9,1,7,7,7,7,6,2,5,6,6,6,2,7,6,1,7,7,7,7,4,4,5,7,2,7,6,4,7
"A12JKSH2NE5W9N",2,2,2,"long-term",5,7,7,6,7,7,2,7,5,4,2,2,7,7,3,6,2,2,7,7,7,6,2,6,7,7,3,6,7,NA,7
"A132GRVDGXPJGY",3,3,1,"short-term",3,7,11,7,6,6,7,6,1,2,7,1,7,6,3,4,7,2,2,7,7,5,1,3,5,7,1,6,7,3,6
"A132GRVDGXPJGY",3,3,2,"short-term",3,7,7,6,7,7,7,5,5,1,2,7,5,7,1,6,2,1,6,7,7,7,1,7,4,7,1,5,4,3,5
"A132GRVDGXPJGY",3,3,3,"short-term",2,7,10,7,7,7,7,7,1,1,5,5,7,4,2,7,1,2,7,7,7,7,7,7,7,7,1,7,7,3,4
"A13FUEPWBCLBUY",2,2,1,"recurrance",7,6,10,1,7,7,6,7,6,1,6,1,7,5,3,2,1,1,7,7,7,5,6,5,7,7,1,7,7,1,6
"A13FUEPWBCLBUY",2,2,2,"recurrance",7,6,10,2,7,7,6,7,6,1,7,1,7,4,3,2,1,1,7,7,7,6,1,2,7,7,1,7,7,1,7
"A13O22EMG5ZVN0",3,5,1,"recurrance",4,4,6,4,4,3,3,4,5,4,4,5,7,7,2,4,4,1,6,4,4,5,4,4,4,4,4,5,4,3,4
"A13O22EMG5ZVN0",3,5,2,"recurrance",4,NA,6,4,4,1,5,4,7,4,4,7,3,6,NA,7,4,2,4,4,4,4,5,5,4,4,5,7,4,4,4
"A13O22EMG5ZVN0",3,5,3,"recurrance",4,2,6,4,4,5,4,4,3,4,4,4,5,4,NA,4,4,1,5,4,4,4,4,4,4,5,4,5,2,4,4
"A13WTEQ06V3B6D",3,3,1,"recurrance",7,7,8,2,6,6,7,7,7,2,7,1,6,5,3,6,2,1,7,7,7,7,1,6,6,7,6,7,7,1,7
"A13WTEQ06V3B6D",3,3,2,"recurrance",4,7,7,1,7,7,7,7,7,2,6,1,7,7,3,7,3,1,7,7,7,7,2,7,7,7,6,7,1,NA,7
"A13WTEQ06V3B6D",3,3,3,"short-term",7,7,9,7,5,5,1,7,5,5,1,1,7,4,2,4,1,1,7,5,6,4,7,1,6,7,1,6,7,3,4
"A1561P9VVA3C1C",3,3,1,"recurrance",4,7,6,7,7,6,5,5,3,1,3,2,5,7,3,4,1,2,7,7,7,4,1,1,2,7,1,7,7,3,6
"A1561P9VVA3C1C",3,3,2,"short-term",4,7,8,7,6,6,1,5,3,1,2,1,5,6,3,3,3,2,1,7,6,1,1,2,4,7,3,6,7,3,7
"A1561P9VVA3C1C",3,3,3,"long-term",3,7,3,5,6,6,3,3,7,2,3,4,5,6,2,7,1,1,7,7,7,6,1,5,4,7,3,7,6,3,5
"A15VI0QFR2YO50",2,2,1,"short-term",7,1,11,1,6,6,4,7,7,1,4,7,7,7,1,7,7,1,7,7,7,7,4,1,7,4,7,7,7,3,7
"A15VI0QFR2YO50",2,2,2,"short-term",5,7,11,1,6,6,7,7,7,1,4,7,7,7,1,4,7,1,7,7,7,6,1,1,7,6,1,4,7,3,4
"A160L76BFKQQ1Q",3,3,1,"recurrance",7,7,8,7,7,7,7,7,5,4,6,3,7,7,1,5,1,1,7,7,7,7,7,1,7,6,1,7,6,3,1
"A160L76BFKQQ1Q",3,3,2,"short-term",4,7,7,1,5,5,4,7,6,2,3,4,7,4,1,1,1,1,4,4,5,3,7,1,4,7,1,4,5,3,4
"A160L76BFKQQ1Q",3,3,3,"recurrance",7,1,6,7,7,7,7,6,7,6,6,7,7,7,1,NA,7,1,7,7,7,7,7,7,7,6,1,7,7,3,6
"A169WH54HMYS5Z",3,3,1,"recurrance",7,7,8,1,7,7,7,7,7,1,1,7,7,4,2,7,3,1,7,7,7,7,4,3,7,7,1,7,6,NA,3
"A169WH54HMYS5Z",3,3,2,"recurrance",4,7,7,7,7,7,1,7,4,4,1,4,7,6,2,1,1,1,5,4,6,5,7,2,6,5,1,6,4,NA,4
"A169WH54HMYS5Z",3,3,3,"recurrance",4,7,8,1,7,6,7,6,6,1,1,7,7,5,3,4,5,1,7,7,7,7,3,7,7,7,2,7,7,4,NA
"A16Z9FSSF1X74O",5,5,1,"recurrance",4,1,11,7,7,5,7,7,7,1,5,NA,7,7,3,7,3,1,7,7,7,7,1,5,1,7,3,7,7,1,7
"A16Z9FSSF1X74O",5,5,2,"long-term",7,7,6,7,7,6,7,5,7,1,4,1,7,7,1,3,1,1,7,7,4,6,5,1,1,7,1,7,3,4,3
"A16Z9FSSF1X74O",5,5,3,"short-term",3,7,9,7,7,6,6,6,2,1,4,4,7,4,1,1,1,1,6,5,7,6,7,1,1,4,1,4,7,3,1
"A16Z9FSSF1X74O",5,5,4,"recurrance",4,7,9,7,5,5,1,6,5,1,1,1,7,4,3,4,1,1,1,3,4,1,6,1,2,7,1,4,6,3,1
"A16Z9FSSF1X74O",5,5,5,"recurrance",6,7,12,1,5,5,1,7,4,6,1,7,7,4,1,7,7,1,4,7,7,1,1,5,7,4,1,6,7,4,7
"A1720HSKGQ41VJ",4,4,1,"short-term",5,7,5,7,7,6,6,5,5,2,1,5,5,7,3,5,4,2,4,6,6,4,2,3,4,7,5,6,7,3,4
"A1720HSKGQ41VJ",4,4,2,"short-term",4,7,8,7,7,7,6,5,5,2,2,3,7,5,2,3,3,1,7,7,6,4,3,3,5,7,2,6,5,3,1
"A1720HSKGQ41VJ",4,4,3,"long-term",4,7,4,3,4,4,5,6,4,1,1,2,7,6,3,6,7,1,4,5,3,4,1,6,4,7,7,6,7,3,3
"A1720HSKGQ41VJ",4,4,4,"recurrance",7,7,7,5,6,6,7,6,4,1,4,3,7,4,3,6,4,1,7,7,6,7,3,5,7,7,4,6,6,NA,1
"A17KN7NAP48L4B",3,3,1,"short-term",4,7,9,7,7,7,7,7,4,1,4,1,7,4,3,3,3,2,5,7,7,4,1,3,4,7,1,5,7,3,5
"A17KN7NAP48L4B",3,3,2,"recurrance",7,4,6,4,6,6,7,6,4,1,4,1,7,3,3,4,4,1,4,7,5,7,1,1,3,7,1,5,7,1,4
"A17KN7NAP48L4B",3,3,3,"recurrance",7,5,6,1,6,6,7,7,6,1,4,1,7,7,3,4,1,1,4,7,6,7,1,1,3,6,1,5,5,1,4
"A18JNQE5GZQIX5",3,3,1,"recurrance",5,7,10,1,6,5,3,7,4,1,4,4,6,3,3,3,2,1,5,6,6,5,4,2,5,7,2,6,7,3,4
"A18JNQE5GZQIX5",3,3,2,"recurrance",5,7,9,2,6,6,5,5,6,2,3,3,6,5,1,3,2,1,6,6,5,2,5,4,5,6,3,6,5,3,5
"A18JNQE5GZQIX5",3,3,3,"long-term",6,7,8,6,7,5,4,7,3,2,5,6,7,4,3,3,3,1,4,7,6,5,5,2,4,7,2,4,7,3,4
"A18SXC3JEN1O0U",2,2,1,"recurrance",4,7,10,3,4,4,7,7,7,2,3,4,7,3,1,3,1,1,5,7,5,1,1,1,7,7,1,7,7,2,2
"A18SXC3JEN1O0U",2,2,2,"recurrance",5,5,10,3,4,4,7,6,7,1,5,4,1,4,1,2,5,1,5,7,5,3,1,1,7,6,1,7,1,4,2
"A196O7GQLD3S2J",3,3,1,"short-term",5,7,6,1,7,7,7,6,2,2,4,7,5,6,1,4,6,2,7,7,7,7,1,4,6,4,3,4,7,3,7
"A196O7GQLD3S2J",3,3,2,"recurrance",4,7,5,2,NA,5,4,7,4,1,4,1,7,4,1,1,1,1,4,5,7,6,6,1,4,7,1,1,7,4,1
"A196O7GQLD3S2J",3,3,3,"recurrance",6,7,6,1,7,5,6,5,4,5,1,2,1,4,2,6,4,1,6,5,6,6,3,1,6,4,4,4,7,4,1
"A198MSVO1VTAT5",4,4,1,"short-term",7,7,11,6,6,6,4,7,7,1,5,1,7,3,3,7,1,2,4,7,7,5,1,1,7,7,4,7,7,1,7
"A198MSVO1VTAT5",4,4,2,"short-term",7,7,11,7,6,6,4,7,7,1,4,3,7,4,3,7,3,2,4,7,7,5,1,1,7,7,7,7,7,2,7
"A198MSVO1VTAT5",4,4,3,"short-term",7,7,11,4,6,6,5,7,7,1,4,1,7,4,3,5,1,2,4,4,7,5,1,1,4,7,4,7,7,3,2
"A198MSVO1VTAT5",4,4,4,"short-term",7,7,11,7,6,6,4,7,4,1,4,2,4,4,3,4,4,2,4,7,4,4,1,1,4,7,4,7,7,2,7
"A19YQU3ZZ8USPO",3,3,1,"recurrance",7,7,8,5,5,5,3,6,2,1,7,3,7,4,3,3,1,1,5,5,5,4,5,6,3,5,1,2,6,3,2
"A19YQU3ZZ8USPO",3,3,2,"short-term",7,7,9,6,6,6,2,7,1,1,7,3,7,4,2,4,1,2,5,6,5,5,4,5,4,5,1,2,6,3,3
"A19YQU3ZZ8USPO",3,3,3,"recurrance",7,7,10,3,7,7,3,5,1,1,7,7,7,4,2,6,1,1,7,7,7,7,5,5,6,6,1,1,6,4,6
"A1ABL45KAK12A5",5,4,1,"recurrance",7,7,3,7,7,7,7,6,1,1,7,6,5,7,1,7,1,1,7,7,7,7,5,1,3,7,1,7,5,4,2
"A1ABL45KAK12A5",5,4,2,"recurrance",7,7,9,7,7,7,7,7,1,1,6,6,6,6,3,7,1,1,7,7,7,7,2,1,4,7,1,5,7,4,7
"A1ABL45KAK12A5",5,4,3,"recurrance",5,7,8,7,7,7,7,7,7,1,2,4,7,7,2,7,1,1,7,7,7,7,3,1,1,5,1,7,7,4,4
"A1ABL45KAK12A5",5,4,4,"long-term",3,7,10,7,7,7,7,7,7,7,7,6,7,7,3,7,1,NA,7,7,7,7,1,6,1,7,1,7,7,3,7
"A1ABL45KAK12A5",5,4,5,"recurrance",7,7,10,7,7,7,7,7,7,1,7,5,7,6,2,7,1,1,7,7,7,7,7,1,7,7,1,7,7,4,7
"A1ADAWW4IHPCQ7",3,3,1,"long-term",5,7,11,6,6,6,6,7,2,4,3,4,7,4,NA,5,6,1,3,6,7,4,1,2,3,7,2,7,7,3,6
"A1ADAWW4IHPCQ7",3,3,2,"recurrance",5,7,8,4,7,7,6,6,7,2,5,5,7,7,3,7,2,2,5,7,6,6,1,5,3,6,4,6,7,3,7
"A1ADAWW4IHPCQ7",3,3,3,"long-term",3,5,6,6,6,6,6,5,4,3,2,6,7,7,3,7,1,2,6,6,6,6,5,2,4,4,1,5,4,4,6
"A1AIMKA54UBYIQ",2,2,1,"recurrance",4,7,9,2,5,5,5,6,5,3,4,4,6,3,2,1,2,1,5,7,6,2,1,6,2,7,1,7,5,NA,3
"A1AIMKA54UBYIQ",2,2,2,"recurrance",5,7,8,5,5,6,7,5,4,3,3,3,6,5,3,2,1,1,7,6,6,2,1,5,2,6,1,7,6,4,2
"A1AZLJ3R5FQ9B7",3,3,1,"long-term",7,7,9,7,6,6,7,6,5,1,1,4,7,6,3,6,2,2,7,7,7,4,3,3,2,7,1,6,7,3,7
"A1AZLJ3R5FQ9B7",3,3,2,"recurrance",7,7,8,7,7,7,3,6,1,1,1,4,7,5,3,6,1,1,7,7,6,4,6,5,6,7,2,5,7,3,4
"A1AZLJ3R5FQ9B7",3,3,3,"recurrance",6,7,11,7,7,7,7,7,6,1,1,7,6,7,3,7,6,1,4,7,7,6,2,7,6,7,4,7,7,3,7
"A1B5SSGMTAQ9B5",2,2,1,"short-term",5,2,6,6,6,6,4,6,7,1,5,5,7,6,3,1,1,1,5,7,5,2,2,4,5,7,2,5,7,3,5
"A1B5SSGMTAQ9B5",2,2,2,"short-term",4,7,7,6,4,4,5,6,5,5,3,5,6,4,NA,5,4,2,5,6,6,3,5,5,5,6,2,5,6,3,6
"A1BG47GSHQ9WSU",2,2,1,"short-term",6,7,8,6,5,5,7,7,7,3,2,4,7,4,2,3,4,2,5,4,5,5,1,4,6,7,2,7,4,3,3
"A1BG47GSHQ9WSU",2,2,2,"recurrance",4,7,7,3,5,5,6,6,5,3,2,5,3,5,3,4,3,1,4,5,5,2,2,3,5,6,2,6,6,3,2
"A1BIJGB7XA0GME",3,3,1,"short-term",6,7,11,1,6,7,7,7,7,2,1,4,7,3,3,7,7,2,1,7,7,1,1,3,3,7,7,7,7,3,7
"A1BIJGB7XA0GME",3,3,2,"short-term",5,7,11,1,7,7,7,7,7,1,1,7,7,5,3,4,1,2,5,7,7,1,1,7,7,7,3,7,7,3,7
"A1BIJGB7XA0GME",3,3,3,"long-term",7,7,10,1,5,5,7,7,5,1,1,3,7,4,1,5,7,1,3,7,5,1,1,7,5,7,1,7,6,3,7
"A1BSVEBYDZ0AAU",3,3,1,"recurrance",5,6,7,6,5,6,7,6,5,2,6,3,7,6,2,2,1,1,6,7,5,3,1,2,4,7,1,6,2,NA,2
"A1BSVEBYDZ0AAU",3,3,2,"recurrance",7,5,10,1,6,7,6,7,6,4,4,2,7,3,3,1,1,1,6,7,7,1,6,6,5,7,1,6,6,4,3
"A1BSVEBYDZ0AAU",3,3,3,"recurrance",7,4,4,NA,3,5,7,7,3,2,1,NA,7,5,3,2,1,1,3,6,4,1,1,4,4,3,2,6,2,NA,1
"A1BWS5AD2T4NIR",5,5,1,"short-term",7,7,9,7,6,6,1,7,7,2,1,4,7,4,3,4,2,1,7,7,5,7,4,2,7,7,4,6,7,3,4
"A1BWS5AD2T4NIR",5,5,2,"recurrance",6,7,8,1,6,6,7,7,7,1,1,1,7,5,3,4,1,1,7,7,7,4,1,4,7,7,2,7,4,NA,4
"A1BWS5AD2T4NIR",5,5,3,"recurrance",5,7,8,5,5,6,5,7,7,2,1,4,6,5,3,7,5,1,7,7,7,4,5,2,7,7,4,7,3,NA,7
"A1BWS5AD2T4NIR",5,5,4,"recurrance",6,7,10,1,5,5,7,7,7,5,4,1,6,6,3,7,4,1,7,7,7,7,1,5,7,7,4,7,7,NA,4
"A1BWS5AD2T4NIR",5,5,5,"long-term",7,7,9,7,6,6,1,7,1,2,1,5,7,7,NA,1,1,2,7,4,7,3,7,4,4,4,1,4,7,3,5
"A1CI5U3BLQ2DDS",5,5,1,"short-term",6,6,7,3,7,7,7,7,4,1,7,NA,7,4,3,7,5,2,7,7,7,7,1,5,4,7,5,7,7,3,6
"A1CI5U3BLQ2DDS",5,5,2,"long-term",7,1,7,4,6,7,7,7,5,1,7,3,7,7,1,7,6,1,7,7,7,7,1,7,7,3,7,7,1,3,7
"A1CI5U3BLQ2DDS",5,5,3,"recurrance",5,7,5,7,5,5,7,7,7,2,3,NA,7,5,3,2,1,1,5,5,7,7,1,6,4,7,7,7,7,4,3
"A1CI5U3BLQ2DDS",5,5,4,"recurrance",5,4,5,4,5,6,7,7,7,3,5,1,7,7,3,7,5,1,7,7,6,7,1,3,4,7,4,7,7,4,5
"A1CI5U3BLQ2DDS",5,5,5,"recurrance",6,NA,6,1,6,7,7,7,4,1,4,1,7,7,3,6,7,1,6,7,7,7,1,4,5,7,7,7,7,4,5
"A1CTUG0RUGCY48",1,1,1,"long-term",6,7,11,5,7,5,7,6,4,1,1,6,6,5,1,7,4,2,4,6,7,7,1,2,4,7,1,5,6,3,7
"A1D2ZSPIHOI23K",3,4,1,"short-term",5,4,8,6,5,5,5,3,4,4,4,4,5,3,1,4,3,2,4,4,5,4,5,5,2,4,4,3,6,2,3
"A1D2ZSPIHOI23K",3,4,2,"recurrance",6,3,3,5,5,3,3,5,4,3,3,4,7,3,1,5,3,2,5,5,2,4,5,3,4,3,3,3,3,3,3
"A1D2ZSPIHOI23K",3,4,3,"short-term",5,3,5,4,2,4,3,5,6,5,4,4,3,7,2,2,3,1,5,3,2,5,5,5,4,3,6,3,2,4,2
"A1D7IULWFI8PB1",3,3,1,"long-term",5,7,7,7,7,7,3,6,7,1,2,4,3,6,3,7,6,2,7,6,7,7,3,5,3,7,7,7,7,3,6
"A1D7IULWFI8PB1",3,3,2,"short-term",7,6,9,3,7,7,7,6,6,1,4,2,7,3,3,7,6,1,2,4,7,5,2,6,5,7,3,7,7,3,2
"A1D7IULWFI8PB1",3,3,3,"short-term",7,6,11,4,5,5,7,7,5,1,2,6,7,3,1,5,7,2,2,6,6,2,2,1,2,7,3,4,3,3,7
"A1DD23J1WBGQUU",3,3,1,"recurrance",6,7,8,1,6,5,7,5,5,3,4,3,7,4,3,5,4,1,7,6,6,6,3,2,7,4,3,6,6,1,4
"A1DD23J1WBGQUU",3,3,2,"recurrance",6,4,6,NA,7,7,7,5,3,2,4,2,7,7,3,3,2,1,6,7,7,4,1,5,6,7,2,4,7,3,4
"A1DD23J1WBGQUU",3,3,3,"long-term",5,NA,9,7,7,6,3,6,5,1,2,2,7,4,3,4,3,2,6,6,6,4,1,3,5,6,2,6,7,3,6
"A1EH9BPKYXFBS5",5,3,1,"short-term",4,7,10,7,6,6,7,7,7,4,7,3,7,5,3,7,1,1,7,7,7,7,7,1,7,7,1,7,7,3,5
"A1EH9BPKYXFBS5",5,3,2,"recurrance",5,7,10,2,6,6,5,7,3,1,7,2,7,6,3,1,2,1,7,5,7,7,6,1,4,7,2,5,7,2,5
"A1EH9BPKYXFBS5",5,3,3,"long-term",5,7,8,3,5,5,4,7,3,3,6,2,7,3,3,7,1,1,6,6,5,5,2,3,5,7,1,3,7,2,1
"A1EH9BPKYXFBS5",5,3,4,"recurrance",5,7,9,3,5,6,5,6,5,1,6,3,7,6,2,6,1,1,7,7,5,7,4,1,5,7,1,7,7,2,1
"A1EH9BPKYXFBS5",5,3,5,"long-term",6,7,12,7,6,6,4,7,5,1,4,2,7,3,2,5,1,1,7,7,5,4,4,1,7,4,1,7,7,4,7
"A1F1TBDHPYAAXT",3,3,1,"short-term",7,7,10,7,7,6,6,7,5,1,7,4,7,5,3,7,4,1,6,7,7,7,6,2,6,7,2,7,7,3,5
"A1F1TBDHPYAAXT",3,3,2,"short-term",7,7,6,7,7,7,7,7,6,1,7,6,7,7,3,7,7,1,7,7,7,7,2,4,7,7,5,7,7,3,7
"A1F1TBDHPYAAXT",3,3,3,"recurrance",6,7,10,7,7,7,7,7,2,1,1,4,7,4,3,3,4,1,5,7,6,6,6,1,6,7,1,4,7,4,4
"A1G187YBG0DVMQ",3,3,1,"short-term",5,6,8,1,6,5,5,6,5,2,3,5,5,6,2,6,4,1,7,6,6,4,5,2,6,6,3,6,2,3,7
"A1G187YBG0DVMQ",3,3,2,"long-term",2,6,5,7,5,6,5,6,7,2,3,2,3,4,3,6,3,2,6,5,7,5,6,6,2,6,6,6,6,4,6
"A1G187YBG0DVMQ",3,3,3,"recurrance",4,6,3,2,5,5,5,2,3,1,3,4,6,6,1,3,3,1,3,5,7,3,4,3,5,4,7,6,3,3,2
"A1G5EPLJEGL381",2,2,1,"long-term",4,7,9,6,7,6,6,7,5,2,6,6,6,4,3,1,1,2,5,7,6,7,7,5,7,7,1,6,7,4,3
"A1G5EPLJEGL381",2,2,2,"long-term",4,7,5,7,7,5,6,7,5,1,5,3,7,5,3,1,5,2,5,7,5,7,5,5,7,7,1,6,7,4,3
"A1H5Q9HRH4RPZU",3,3,1,"recurrance",3,1,5,3,3,3,5,5,5,3,5,3,6,6,1,4,2,1,5,5,5,5,1,3,3,3,2,5,5,4,5
"A1H5Q9HRH4RPZU",3,3,2,"long-term",5,6,9,7,6,5,6,6,6,2,5,4,6,5,3,3,2,2,6,6,5,7,4,5,4,7,3,6,7,3,5
"A1H5Q9HRH4RPZU",3,3,3,"short-term",4,5,6,3,4,3,7,3,7,4,4,5,5,3,1,5,3,1,5,7,4,5,3,5,4,4,5,6,4,3,5
"A1IBLFQ2E6VA2J",5,10,1,"short-term",7,7,9,1,6,6,1,7,7,2,1,4,5,5,1,7,5,2,6,7,7,5,1,7,3,7,7,7,7,3,7
"A1IBLFQ2E6VA2J",5,10,2,"recurrance",7,7,10,1,6,7,7,7,7,3,7,1,7,3,NA,7,7,1,7,7,7,7,7,7,7,7,7,7,7,2,1
"A1IBLFQ2E6VA2J",5,10,3,"short-term",3,7,7,7,7,7,7,7,4,7,7,1,7,7,3,2,5,2,7,7,7,7,7,7,4,2,1,5,7,2,1
"A1IBLFQ2E6VA2J",5,10,4,"recurrance",7,7,10,1,7,7,1,6,7,1,7,1,7,2,3,5,7,1,7,7,7,7,7,7,7,6,7,7,7,4,5
"A1IBLFQ2E6VA2J",5,10,5,"long-term",7,7,6,7,7,7,1,5,5,7,7,4,7,6,3,5,1,2,7,7,7,7,4,7,7,7,4,4,7,3,2
"A1IJ56N5Z4TT46",5,5,1,"recurrance",6,6,7,1,6,6,6,6,5,3,6,2,6,4,3,6,6,1,6,6,6,6,4,4,5,7,5,6,7,4,5
"A1IJ56N5Z4TT46",5,5,2,"recurrance",6,6,7,4,6,6,6,6,4,NA,6,3,6,4,3,6,6,1,6,6,6,6,5,4,5,6,5,6,6,4,5
"A1IJ56N5Z4TT46",5,5,3,"short-term",5,7,11,7,6,6,5,6,1,2,2,2,7,5,3,6,5,2,5,5,6,3,5,5,2,6,6,6,6,3,5
"A1IJ56N5Z4TT46",5,5,4,"short-term",5,7,9,6,6,6,4,5,1,3,2,2,6,5,3,6,5,2,4,6,6,2,5,5,2,6,6,5,6,3,5
"A1IJ56N5Z4TT46",5,5,5,"recurrance",3,4,7,1,6,6,6,5,5,3,6,3,5,6,1,6,6,1,6,6,7,6,4,3,6,5,5,6,3,4,5
"A1IL81UMEC9OJI",5,6,1,"long-term",6,1,8,2,4,5,2,6,2,1,3,3,7,4,1,7,5,1,7,7,7,3,2,5,6,6,2,7,4,3,6
"A1IL81UMEC9OJI",5,6,2,"short-term",7,5,10,6,4,4,3,6,3,1,2,2,7,2,1,5,6,2,5,7,7,4,1,6,4,4,1,6,3,1,1
"A1IL81UMEC9OJI",5,6,3,"short-term",6,6,9,6,6,5,1,6,3,1,4,5,5,3,3,NA,2,1,5,7,6,4,6,2,5,7,1,7,2,3,4
"A1IL81UMEC9OJI",5,6,4,"long-term",7,7,9,6,3,4,7,6,6,1,2,3,7,3,1,NA,2,1,5,7,6,3,3,2,3,5,1,6,2,3,2
"A1IL81UMEC9OJI",5,6,5,"long-term",7,7,12,6,7,7,1,6,5,1,4,6,6,2,1,NA,5,1,7,7,7,5,3,5,6,5,1,7,3,3,4
"A1J8TVICSRC70W",5,3,1,"short-term",4,7,4,7,6,6,5,6,7,4,4,2,3,5,3,4,3,2,6,6,5,2,1,4,2,6,2,6,7,3,5
"A1J8TVICSRC70W",5,3,2,"recurrance",5,7,9,3,4,5,6,7,5,3,5,1,6,3,2,3,2,1,5,5,5,5,5,4,2,6,2,5,7,3,4
"A1J8TVICSRC70W",5,3,3,"short-term",4,7,6,7,5,5,1,6,2,6,1,3,5,2,3,3,1,2,5,5,4,2,6,3,5,2,1,4,5,2,3
"A1J8TVICSRC70W",5,3,4,"short-term",5,7,7,7,5,6,6,6,6,2,6,3,5,5,3,3,3,1,6,5,5,6,2,4,2,5,4,6,6,3,5
"A1J8TVICSRC70W",5,3,5,"recurrance",3,1,3,5,5,6,2,5,1,1,1,2,7,7,1,6,6,1,5,5,3,1,1,5,5,7,7,4,3,4,6
"A1J9Z2VOHTT1UZ",3,3,1,"recurrance",3,7,6,5,7,7,5,6,5,2,7,1,7,5,3,1,4,1,7,7,7,7,1,4,7,5,2,6,3,NA,4
"A1J9Z2VOHTT1UZ",3,3,2,"recurrance",4,7,6,1,6,6,7,6,7,2,5,7,7,4,3,1,1,1,7,7,6,7,1,1,7,7,1,7,6,NA,4
"A1J9Z2VOHTT1UZ",3,3,3,"recurrance",4,7,6,NA,5,5,1,5,3,2,2,6,7,5,1,NA,1,2,6,4,4,2,5,1,4,6,1,3,5,NA,3
"A1K8VUKRL53OX",5,5,1,"short-term",6,6,9,1,6,6,6,6,2,6,7,2,7,2,3,6,5,2,6,6,6,6,6,6,6,6,6,6,6,1,7
"A1K8VUKRL53OX",5,5,2,"short-term",6,1,10,1,6,6,6,6,6,2,6,2,6,6,3,6,6,1,6,6,6,5,5,6,6,6,6,5,6,3,6
"A1K8VUKRL53OX",5,5,3,"recurrance",5,6,6,1,6,7,6,6,2,2,6,3,6,4,3,7,6,NA,6,6,6,6,6,2,7,5,6,7,7,4,7
"A1K8VUKRL53OX",5,5,4,"long-term",5,6,7,7,7,3,7,6,7,2,4,7,7,4,1,7,6,1,6,6,7,7,NA,6,7,NA,6,7,3,4,6
"A1K8VUKRL53OX",5,5,5,"short-term",6,6,5,6,6,3,5,6,6,2,6,6,6,7,2,7,6,1,6,6,7,3,6,3,6,6,5,7,4,3,6
"A1KC342L9WAQ2",3,3,1,"short-term",6,7,8,7,7,6,7,6,2,2,3,7,6,6,1,6,4,2,7,5,7,6,4,6,6,5,7,5,6,3,7
"A1KC342L9WAQ2",3,3,2,"short-term",6,7,8,7,6,7,4,6,5,4,5,2,7,6,3,7,4,1,5,6,7,6,1,6,5,7,5,5,7,2,5
"A1KC342L9WAQ2",3,3,3,"recurrance",6,7,9,1,5,5,7,7,7,2,2,1,6,3,3,4,4,1,5,3,4,6,5,7,5,5,4,7,7,2,5
"A1LJNQX4KBUXNP",3,2,1,"recurrance",7,7,11,7,7,7,7,7,7,1,1,7,7,7,1,7,1,1,7,7,7,7,1,7,7,7,1,7,7,4,1
"A1LJNQX4KBUXNP",3,2,2,"recurrance",4,7,11,1,7,7,7,7,7,1,7,5,7,7,1,1,1,1,7,7,7,7,7,1,7,7,1,7,7,4,7
"A1LJNQX4KBUXNP",3,2,3,"short-term",3,4,8,1,5,7,7,7,7,1,1,4,7,7,1,7,1,1,7,7,4,4,1,3,7,5,1,7,4,4,4
"A1LS7GARU7CD08",3,4,1,"recurrance",3,5,9,1,5,5,6,7,6,3,2,1,6,4,3,3,1,1,6,5,4,4,4,2,5,7,3,5,7,4,5
"A1LS7GARU7CD08",3,4,2,"recurrance",4,5,9,1,6,6,6,5,7,2,1,1,5,4,2,6,2,1,6,6,6,6,2,3,6,7,4,7,5,4,4
"A1LS7GARU7CD08",3,4,3,"long-term",4,5,8,7,6,6,5,5,6,2,3,1,6,5,3,4,2,2,5,4,4,4,4,2,5,7,2,6,7,3,5
"A1M8BYIP0KZJZX",5,7,1,"short-term",5,6,8,7,6,7,6,3,7,3,5,2,7,6,3,1,1,2,4,7,7,7,1,1,2,7,1,7,6,3,1
"A1M8BYIP0KZJZX",5,7,2,"long-term",3,5,5,2,7,7,4,3,5,1,1,7,1,5,2,6,3,1,6,7,7,2,7,2,6,4,1,7,4,NA,4
"A1M8BYIP0KZJZX",5,7,3,"short-term",3,7,7,6,6,6,7,3,6,1,2,3,7,6,3,4,2,NA,7,5,5,4,2,2,2,7,2,5,6,3,6
"A1M8BYIP0KZJZX",5,7,4,"short-term",6,7,10,7,7,7,7,7,7,2,5,2,5,4,3,4,5,2,4,7,7,7,1,3,4,7,2,7,6,3,7
"A1M8BYIP0KZJZX",5,7,5,"long-term",6,5,12,7,4,3,2,7,6,1,5,1,7,4,1,2,7,2,1,5,2,5,1,1,1,7,2,7,4,3,5
"A1MJWY7UO3CDSM",2,2,1,"short-term",5,7,8,7,7,7,6,7,6,1,2,5,7,4,3,7,1,2,4,7,7,2,6,1,6,7,1,6,6,3,7
"A1MJWY7UO3CDSM",2,2,2,"short-term",7,7,10,6,6,6,6,7,6,1,1,4,7,6,3,2,5,1,5,7,5,6,6,5,6,7,1,5,7,3,2
"A1NVF1YLDLF563",3,3,1,"recurrance",6,7,11,1,7,7,5,7,5,2,4,3,6,4,2,6,3,1,6,7,7,6,5,3,6,7,4,6,6,3,6
"A1NVF1YLDLF563",3,3,2,"recurrance",7,5,9,5,6,6,6,7,7,1,5,2,7,6,3,2,5,1,7,7,6,5,1,5,4,7,3,6,7,4,2
"A1NVF1YLDLF563",3,3,3,"recurrance",6,7,9,5,7,7,6,7,7,3,4,3,7,4,2,5,4,1,7,7,6,6,3,3,5,7,2,6,6,3,4
"A1O9PAK6THJ9Y7",2,2,1,"long-term",5,7,8,7,6,6,6,5,6,1,2,6,6,5,3,3,3,2,4,5,6,3,3,2,3,7,2,5,7,3,4
"A1O9PAK6THJ9Y7",2,2,2,"long-term",4,7,9,7,6,6,5,5,5,2,3,4,4,4,3,5,2,2,3,6,6,4,3,2,4,6,3,6,7,3,4
"A1OJV3R8BH73BD",3,4,1,"short-term",5,7,7,7,7,7,6,6,4,1,4,6,4,6,3,7,6,2,7,6,7,7,5,5,5,3,5,5,6,3,7
"A1OJV3R8BH73BD",3,4,2,"short-term",4,7,9,5,5,5,7,7,6,1,5,2,7,5,3,3,5,2,6,6,6,7,3,6,4,7,2,6,7,3,1
"A1OJV3R8BH73BD",3,4,3,"short-term",7,1,5,NA,4,5,4,7,5,1,1,2,7,6,3,2,2,2,5,5,5,4,1,5,2,7,2,5,7,3,1
"A1OR82RF1ZFWP",3,3,1,"recurrance",7,1,10,3,6,6,7,6,5,1,2,7,7,6,1,7,6,1,7,7,7,5,2,6,7,6,7,7,7,2,6
"A1OR82RF1ZFWP",3,3,2,"short-term",7,7,8,7,6,6,2,6,2,1,2,4,7,5,3,5,1,2,3,6,5,1,1,3,3,5,1,4,6,3,4
"A1OR82RF1ZFWP",3,3,3,"recurrance",6,5,9,1,6,5,6,6,5,2,2,5,5,3,2,6,1,1,6,6,6,4,5,5,6,6,2,6,6,1,5
"A1P3I7YCWXF9YG",2,2,1,"long-term",7,7,11,1,7,7,7,7,7,1,1,7,7,7,NA,7,7,1,7,7,7,7,2,7,7,7,7,7,7,3,7
"A1P3I7YCWXF9YG",2,2,2,"recurrance",7,7,11,7,7,7,6,7,7,1,1,7,7,7,2,7,5,2,7,7,7,7,6,7,7,7,7,7,7,3,7
"A1QT7BQZVOBSY0",4,4,1,"recurrance",6,7,10,5,7,7,7,7,5,1,1,4,6,6,3,2,5,1,4,7,7,5,3,2,3,7,1,6,7,3,1
"A1QT7BQZVOBSY0",4,4,2,"short-term",4,6,10,7,6,6,2,6,3,3,NA,4,7,6,1,1,5,2,4,6,6,4,2,5,4,7,1,4,7,3,4
"A1QT7BQZVOBSY0",4,4,3,"recurrance",6,6,8,2,6,5,5,5,4,1,5,3,7,4,3,1,1,1,6,5,4,4,6,1,1,7,1,4,7,2,1
"A1QT7BQZVOBSY0",4,4,4,"recurrance",7,4,10,5,7,7,7,7,3,1,2,6,7,4,3,7,3,1,7,7,7,4,5,6,7,7,1,5,7,3,1
"A1R5W4RQZTROD8",4,4,1,"long-term",6,7,9,7,6,6,1,7,3,2,1,5,3,5,1,2,1,1,2,7,7,2,4,1,3,6,1,6,5,3,6
"A1R5W4RQZTROD8",4,4,2,"recurrance",5,7,10,5,7,6,7,7,2,4,1,5,6,2,1,1,1,1,7,2,5,1,7,1,7,3,1,2,7,NA,2
"A1R5W4RQZTROD8",4,4,3,"recurrance",5,7,10,3,4,4,6,7,7,2,1,2,6,4,3,3,1,1,4,5,4,5,1,1,2,7,1,4,7,3,4
"A1R5W4RQZTROD8",4,4,4,"recurrance",6,7,9,1,6,5,7,7,5,2,2,4,7,4,3,4,1,1,6,5,6,4,2,1,3,7,1,5,6,3,2
"A1ROEDVMTO9Y3X",2,2,1,"short-term",5,4,8,6,5,6,6,6,5,5,5,4,6,5,3,5,5,1,5,6,5,6,4,2,4,5,5,6,6,2,6
"A1ROEDVMTO9Y3X",2,2,2,"short-term",6,7,6,1,5,6,6,6,6,2,3,4,5,6,1,4,6,2,6,4,6,5,5,1,4,5,4,5,6,2,6
"A1RQUOVV8PCXBM",5,5,1,"long-term",5,6,8,1,7,6,6,3,6,3,5,6,3,5,1,7,6,1,6,7,7,6,6,6,6,5,5,5,7,3,4
"A1RQUOVV8PCXBM",5,5,2,"recurrance",6,6,4,2,6,7,7,6,7,3,4,3,7,7,3,5,5,1,7,7,7,6,2,6,5,6,4,6,7,4,5
"A1RQUOVV8PCXBM",5,5,3,"short-term",5,5,6,6,6,6,3,3,6,2,5,5,6,6,1,7,2,1,6,7,6,6,2,6,5,5,3,6,5,3,5
"A1RQUOVV8PCXBM",5,5,4,"recurrance",5,3,5,1,7,6,7,5,6,3,6,5,7,7,2,7,3,1,7,7,6,6,3,5,6,5,3,6,6,4,5
"A1RQUOVV8PCXBM",5,5,5,"recurrance",5,5,7,2,7,7,6,6,6,1,6,6,6,6,1,6,6,1,7,6,7,7,5,7,7,5,3,7,3,4,5
"A1RWNYJA5X25YH",5,5,1,"recurrance",7,5,9,6,6,5,7,7,7,1,4,4,7,3,2,7,4,1,7,7,7,4,1,1,3,7,5,7,6,2,4
"A1RWNYJA5X25YH",5,5,2,"long-term",6,7,10,1,7,7,7,7,7,2,5,3,4,6,3,3,7,1,7,7,7,2,2,1,7,7,3,7,7,3,4
"A1RWNYJA5X25YH",5,5,3,"recurrance",6,7,11,4,7,7,7,7,4,2,4,7,7,1,1,NA,6,1,7,7,7,7,7,4,7,7,6,7,7,4,6
"A1RWNYJA5X25YH",5,5,4,"short-term",7,7,10,4,5,5,7,7,7,1,4,2,7,6,3,NA,2,2,7,7,5,5,1,1,3,7,1,7,7,3,4
"A1RWNYJA5X25YH",5,5,5,"recurrance",5,4,8,6,7,7,7,7,7,1,4,7,5,7,1,NA,7,1,7,7,7,7,1,6,7,7,2,7,7,4,4
"A1SISJL5ST2PWH",3,3,1,"recurrance",2,7,7,1,4,5,5,5,6,1,3,1,6,2,3,2,5,1,5,5,4,5,4,2,2,7,2,4,6,4,1
"A1SISJL5ST2PWH",3,3,2,"short-term",4,7,4,6,5,5,5,6,6,1,4,3,6,6,3,4,2,2,5,5,4,4,4,2,2,6,3,5,6,3,2
"A1SISJL5ST2PWH",3,3,3,"short-term",6,7,3,7,5,5,4,5,4,1,1,7,2,6,3,4,2,2,4,4,3,4,4,2,2,6,2,5,6,3,1
"A1SL72YBUW8Q8K",4,4,1,"recurrance",7,7,10,4,7,7,7,7,7,1,4,4,7,4,3,4,1,1,7,7,7,7,4,1,7,7,1,7,7,NA,7
"A1SL72YBUW8Q8K",4,4,2,"recurrance",7,7,9,7,7,7,7,7,7,1,5,5,7,6,3,4,1,1,7,7,6,7,4,1,4,7,1,7,7,4,4
"A1SL72YBUW8Q8K",4,4,3,"short-term",7,7,10,7,7,7,6,7,4,1,1,6,7,6,3,7,6,2,7,7,7,1,6,5,7,7,1,7,7,3,7
"A1SL72YBUW8Q8K",4,4,4,"recurrance",7,7,9,7,7,7,3,7,6,1,1,4,7,3,1,3,1,1,4,7,5,1,2,1,7,3,1,7,5,NA,1
"A1T83SZBP2DN65",2,2,1,"short-term",6,7,7,7,7,7,7,7,7,1,2,7,5,7,3,6,7,2,6,7,7,3,4,4,4,5,2,7,7,3,6
"A1T83SZBP2DN65",2,2,2,"long-term",5,7,8,7,7,6,3,6,4,3,4,5,7,4,3,5,2,2,6,6,7,5,6,6,4,6,4,5,6,3,6
"A1TPGXT718D68E",3,3,1,"short-term",4,7,9,7,7,7,2,7,4,3,4,3,7,4,3,7,6,2,7,7,7,4,5,5,7,7,7,7,7,3,7
"A1TPGXT718D68E",3,3,2,"short-term",3,7,11,1,7,7,7,7,7,4,7,2,7,7,1,7,7,2,4,7,7,7,1,7,4,7,1,7,7,2,7
"A1TPGXT718D68E",3,3,3,"short-term",4,7,6,7,7,7,6,5,7,4,1,7,1,6,3,7,7,2,4,7,7,7,4,7,7,7,5,7,7,2,7
"A1U8LTCX5XYJ45",3,3,1,"long-term",7,7,11,7,7,7,7,7,7,1,1,4,7,7,2,1,1,1,7,7,7,7,4,1,7,7,1,7,4,4,4
"A1U8LTCX5XYJ45",3,3,2,"long-term",7,7,11,7,7,7,1,7,7,1,4,7,7,4,3,7,7,2,7,7,7,7,4,7,4,7,7,7,7,4,7
"A1U8LTCX5XYJ45",3,3,3,"long-term",7,1,11,7,7,7,4,7,7,1,4,4,7,1,1,7,4,1,7,7,7,7,4,7,7,7,4,7,1,4,4
"A1VFRCYMWGWWCZ",5,6,1,"recurrance",2,7,5,1,5,6,2,5,6,4,1,4,3,5,3,2,2,1,2,6,4,6,7,3,3,7,2,5,7,3,5
"A1VFRCYMWGWWCZ",5,6,2,"long-term",2,7,5,7,7,6,7,3,3,5,1,7,4,7,3,5,2,2,7,7,7,7,3,6,1,7,1,3,7,3,1
"A1VFRCYMWGWWCZ",5,6,3,"recurrance",4,7,8,4,6,7,2,6,4,6,2,5,3,6,3,6,7,1,5,6,6,3,1,5,3,6,5,6,7,4,1
"A1VFRCYMWGWWCZ",5,6,4,"recurrance",6,1,9,5,6,4,3,6,6,4,4,3,7,5,NA,7,3,1,5,6,6,5,3,7,5,5,4,7,4,4,6
"A1VFRCYMWGWWCZ",5,6,5,"long-term",1,4,8,5,3,4,5,4,5,1,3,2,2,4,1,4,1,1,5,6,3,3,7,1,2,3,1,7,3,3,1
"A1VRG5HKZC0H0C",5,5,1,"short-term",4,7,9,7,7,5,2,6,2,3,2,3,5,4,3,1,2,2,4,4,6,2,7,6,4,7,1,5,7,2,7
"A1VRG5HKZC0H0C",5,5,2,"short-term",2,4,10,6,7,7,7,2,7,1,4,7,2,5,3,7,7,2,7,7,7,7,2,2,7,7,2,7,7,2,7
"A1VRG5HKZC0H0C",5,5,3,"short-term",5,3,10,3,5,5,5,6,7,6,4,6,5,6,3,4,7,1,5,7,6,4,1,7,6,6,7,7,5,2,4
"A1VRG5HKZC0H0C",5,5,4,"recurrance",3,7,6,5,6,5,5,4,4,3,3,1,6,5,2,4,2,1,5,5,4,4,4,2,5,7,1,4,6,3,1
"A1VRG5HKZC0H0C",5,5,5,"recurrance",4,5,6,5,6,6,5,5,4,2,3,1,7,4,2,3,4,1,6,5,4,3,3,4,5,5,2,5,5,3,4
"A1W7I6FN183I8F",5,7,1,"recurrance",6,7,9,2,6,7,5,7,6,2,4,4,5,7,2,2,2,1,7,6,6,6,2,6,6,6,1,7,3,4,6
"A1W7I6FN183I8F",5,7,2,"recurrance",4,7,10,3,6,5,5,6,5,2,3,2,3,4,3,5,1,1,3,6,7,6,1,2,4,7,3,7,7,4,7
"A1W7I6FN183I8F",5,7,3,"short-term",5,6,8,7,7,6,3,6,4,3,2,1,5,4,3,4,5,2,1,7,5,4,2,5,3,7,5,6,6,3,6
"A1W7I6FN183I8F",5,7,4,"recurrance",3,7,10,3,4,7,4,4,7,5,2,4,5,4,2,7,3,1,5,7,7,4,7,5,7,4,3,7,2,4,4
"A1W7I6FN183I8F",5,7,5,"recurrance",5,6,7,3,6,6,2,5,4,1,1,3,7,2,3,2,1,1,6,3,4,4,7,1,5,5,1,5,3,3,3
"A1W850QN9RK019",5,5,1,"long-term",5,7,8,1,7,5,5,6,3,5,2,5,6,5,3,5,1,2,4,6,4,4,4,7,4,6,1,5,4,3,6
"A1W850QN9RK019",5,5,2,"short-term",3,7,7,3,6,6,5,5,5,3,5,2,5,6,2,6,7,1,7,4,6,5,1,6,5,4,6,6,6,3,7
"A1W850QN9RK019",5,5,3,"long-term",5,7,6,7,6,7,5,5,4,2,3,4,4,6,1,6,4,2,6,5,7,6,2,1,5,6,3,2,6,4,5
"A1W850QN9RK019",5,5,4,"short-term",5,6,10,5,7,6,6,6,7,4,6,4,7,6,3,6,6,2,6,6,7,7,6,2,5,7,5,5,6,3,7
"A1W850QN9RK019",5,5,5,"recurrance",5,6,8,1,6,6,6,5,6,3,2,1,7,6,3,6,6,1,5,5,7,5,6,2,6,5,3,6,5,4,6
"A1WJYF201K77BI",5,5,1,"recurrance",5,7,9,7,7,7,7,6,7,4,1,3,7,5,3,2,2,1,7,7,7,5,2,6,5,7,3,7,7,3,4
"A1WJYF201K77BI",5,5,2,"recurrance",5,7,6,2,6,6,6,5,7,2,4,3,7,5,3,2,2,1,7,5,6,5,5,3,3,5,3,6,6,3,3
"A1WJYF201K77BI",5,5,3,"recurrance",5,7,5,5,6,6,4,3,2,2,1,1,7,6,2,1,1,1,7,5,7,2,6,5,4,5,2,2,2,3,3
"A1WJYF201K77BI",5,5,4,"recurrance",5,7,6,1,5,5,2,5,2,2,4,1,7,3,2,1,2,1,6,5,4,2,5,4,3,6,2,3,5,4,3
"A1WJYF201K77BI",5,5,5,"recurrance",5,6,10,2,6,6,6,6,6,4,5,2,6,5,3,2,2,1,6,6,7,4,6,4,5,6,2,5,6,3,3
"A1WQACYPLESVGL",5,6,1,"short-term",4,7,8,6,6,6,7,5,7,3,6,4,5,4,1,6,6,2,7,7,6,6,5,3,7,5,3,6,5,3,4
"A1WQACYPLESVGL",5,6,2,"short-term",4,2,6,7,5,5,7,6,5,3,7,1,6,5,2,3,2,1,6,6,6,5,1,2,7,7,1,6,7,3,1
"A1WQACYPLESVGL",5,6,3,"recurrance",2,7,6,6,6,5,7,5,6,2,6,3,6,6,2,2,3,1,6,6,6,6,3,2,6,6,1,6,6,3,2
"A1WQACYPLESVGL",5,6,4,"recurrance",3,6,8,6,6,6,6,6,5,2,6,2,5,4,2,2,2,1,7,6,5,6,4,2,7,7,1,5,6,3,1
"A1WQACYPLESVGL",5,6,5,"short-term",4,7,6,7,6,6,7,7,5,3,5,4,6,5,3,1,3,2,6,6,3,6,5,1,6,7,1,5,7,3,1
"A1WS9UHL45VZ0X",3,3,1,"short-term",5,4,7,5,5,5,2,7,6,2,5,3,5,5,2,6,5,2,7,7,7,7,2,3,7,7,2,7,7,3,6
"A1WS9UHL45VZ0X",3,3,2,"recurrance",5,7,5,1,4,4,7,5,7,1,3,5,7,3,3,3,3,1,3,5,4,2,2,5,4,3,4,5,5,4,3
"A1WS9UHL45VZ0X",3,3,3,"recurrance",3,7,4,2,6,5,7,3,6,4,2,5,7,5,3,3,2,1,6,7,5,3,1,5,5,4,4,6,5,4,3
"A1WZY0K6IE3ASG",5,7,1,"recurrance",7,7,8,NA,6,6,6,6,5,1,4,6,7,4,3,6,4,1,6,7,7,5,2,3,3,7,1,7,7,3,6
"A1WZY0K6IE3ASG",5,7,2,"recurrance",6,7,9,NA,6,5,5,7,3,1,6,5,7,3,2,3,3,1,5,5,7,6,3,4,3,6,2,7,6,3,6
"A1WZY0K6IE3ASG",5,7,3,"recurrance",5,7,10,3,5,6,6,6,2,2,4,5,5,4,2,5,5,1,4,6,5,5,3,3,4,7,1,5,6,4,4
"A1WZY0K6IE3ASG",5,7,4,"recurrance",7,7,7,1,4,5,6,6,6,2,3,4,6,5,1,4,5,1,6,5,5,6,2,1,5,3,2,6,3,3,1
"A1WZY0K6IE3ASG",5,7,5,"recurrance",6,1,6,1,6,5,5,7,6,1,2,3,7,3,3,6,1,1,6,5,3,7,1,1,6,7,4,6,7,3,1
"A1X388C6SDCDEY",4,4,1,"recurrance",7,NA,7,NA,7,7,2,4,6,3,4,7,7,7,1,2,1,1,7,7,7,7,2,1,7,5,1,7,6,4,2
"A1X388C6SDCDEY",4,4,2,"recurrance",3,NA,4,6,7,7,1,4,4,6,2,3,7,7,1,2,1,1,7,5,5,2,5,1,4,4,1,5,5,4,2
"A1X388C6SDCDEY",4,4,3,"recurrance",7,7,7,1,7,7,5,3,6,2,5,7,7,7,1,7,7,1,7,7,7,6,4,1,7,3,1,5,5,4,1
"A1X388C6SDCDEY",4,4,4,"recurrance",5,NA,3,1,7,7,7,3,7,1,7,7,7,7,1,7,7,1,7,7,7,7,1,1,7,5,1,7,5,4,1
"A1XRWOK00HK1J4",4,4,1,"recurrance",7,7,6,7,6,6,5,7,6,1,3,3,7,7,3,1,1,1,2,4,5,1,1,5,5,7,1,6,7,3,1
"A1XRWOK00HK1J4",4,4,2,"recurrance",5,7,9,1,7,7,7,7,2,1,4,7,7,7,3,7,1,1,7,7,7,7,1,1,7,7,1,6,7,NA,1
"A1XRWOK00HK1J4",4,4,3,"recurrance",5,7,10,1,6,6,7,7,7,1,1,4,7,4,3,1,1,1,1,7,7,1,1,1,4,7,1,7,7,NA,1
"A1XRWOK00HK1J4",4,4,4,"recurrance",6,7,9,1,7,7,7,5,1,1,5,7,7,7,3,4,1,1,7,7,7,6,3,1,7,6,1,5,7,NA,1
"A1XUZFDVKP95VC",2,2,1,"long-term",4,4,8,6,7,6,3,5,2,2,5,6,3,5,1,5,2,2,6,6,6,7,2,4,4,5,1,6,6,3,5
"A1XUZFDVKP95VC",2,2,2,"short-term",7,NA,6,NA,7,7,7,5,1,3,4,4,2,6,NA,7,6,2,6,7,7,7,1,4,3,6,2,7,7,3,6
"A1YPOIURXB6ESR",4,4,1,"short-term",4,1,11,7,6,6,6,7,6,3,4,2,6,5,3,2,1,2,6,6,6,6,2,4,4,7,2,6,6,3,4
"A1YPOIURXB6ESR",4,4,2,"recurrance",7,4,11,1,6,6,6,7,7,2,6,2,7,2,3,6,2,1,4,7,6,7,2,4,4,7,2,7,7,NA,6
"A1YPOIURXB6ESR",4,4,3,"short-term",4,7,7,7,5,6,7,5,4,5,3,1,7,6,3,6,6,2,6,7,7,7,1,7,6,7,6,7,7,3,4
"A1YPOIURXB6ESR",4,4,4,"short-term",3,7,6,7,6,6,6,6,6,4,4,2,7,5,3,7,6,2,6,6,7,5,1,6,6,7,6,7,7,3,3
"A1Z2ZGPJRGG0G3",3,3,1,"recurrance",4,4,8,7,7,7,7,6,4,1,7,4,6,7,3,1,1,1,7,7,7,6,5,1,6,7,1,4,7,3,1
"A1Z2ZGPJRGG0G3",3,3,2,"recurrance",4,7,6,7,6,6,6,6,4,4,3,2,6,4,NA,1,1,1,6,3,4,1,5,1,1,4,1,4,6,3,4
"A1Z2ZGPJRGG0G3",3,3,3,"short-term",7,7,10,7,7,7,5,7,6,2,2,3,7,3,NA,7,1,1,7,7,7,1,7,1,7,6,1,4,6,2,1
"A1ZT0TLZZTT47M",5,6,1,"recurrance",4,6,10,1,6,5,6,6,6,2,3,6,7,4,NA,4,2,1,6,6,6,5,2,2,6,4,2,6,2,4,5
"A1ZT0TLZZTT47M",5,6,2,"recurrance",4,7,10,7,6,6,2,6,2,4,5,6,7,5,2,4,2,1,6,6,6,4,6,2,4,6,2,5,5,3,4
"A1ZT0TLZZTT47M",5,6,3,"short-term",4,7,11,7,7,7,1,6,1,4,5,7,7,6,3,6,3,NA,7,7,7,2,6,1,6,5,2,6,7,3,6
"A1ZT0TLZZTT47M",5,6,4,"recurrance",3,7,8,7,6,5,2,4,1,4,1,3,7,6,1,2,2,1,6,6,4,2,6,1,6,4,2,3,3,4,1
"A1ZT0TLZZTT47M",5,6,5,"recurrance",5,7,10,7,5,6,6,6,5,4,2,6,7,5,1,6,2,1,6,6,6,5,2,2,5,4,2,6,2,4,3
"A1ZT30BGR3266K",2,2,1,"recurrance",6,6,8,2,5,5,6,6,6,2,4,2,6,5,3,3,2,1,6,5,6,4,3,5,6,6,3,6,7,3,5
"A1ZT30BGR3266K",2,2,2,"recurrance",4,2,8,2,5,5,5,5,5,2,4,2,6,4,3,3,2,1,5,5,4,3,2,5,4,6,2,6,6,3,3
"A207IHY6GERCFO",3,3,1,"recurrance",6,7,10,7,5,5,6,7,7,2,6,6,4,2,3,5,5,1,7,6,6,7,3,6,5,7,5,7,6,3,5
"A207IHY6GERCFO",3,3,2,"short-term",3,7,3,7,7,7,5,5,7,4,4,6,2,7,3,6,4,2,6,6,5,6,6,5,5,7,6,6,6,3,4
"A207IHY6GERCFO",3,3,3,"recurrance",5,7,6,7,5,5,5,6,6,3,4,5,5,4,1,4,6,1,5,5,4,5,4,3,5,6,5,6,3,3,4
"A2196WCNDZULFS",3,3,1,"long-term",6,6,8,6,7,6,5,7,7,2,4,5,3,7,NA,4,2,NA,7,7,7,5,2,3,7,7,1,7,6,3,6
"A2196WCNDZULFS",3,3,2,"long-term",5,6,5,5,7,7,6,6,7,2,2,6,6,7,3,5,2,NA,7,7,7,6,2,3,7,7,1,7,7,NA,3
"A2196WCNDZULFS",3,3,3,"long-term",4,6,7,NA,7,7,6,6,7,2,3,6,5,7,1,7,3,1,7,7,7,7,1,5,7,7,3,7,5,NA,6
"A21BXRUD15TQL8",3,3,1,"long-term",5,5,7,6,6,5,3,5,5,2,4,5,7,4,3,4,3,2,5,6,5,5,2,2,4,4,3,6,4,4,4
"A21BXRUD15TQL8",3,3,2,"short-term",6,7,10,3,6,5,5,6,7,1,2,2,7,2,3,2,3,1,4,5,5,2,3,2,3,7,1,6,5,3,5
"A21BXRUD15TQL8",3,3,3,"recurrance",5,6,9,2,6,6,5,7,6,2,5,2,7,4,3,NA,1,1,5,5,5,2,4,2,4,6,2,6,6,3,5
"A21ZYTE6WOKUA",4,2,1,"long-term",7,1,9,7,7,7,7,7,7,1,1,4,7,4,1,7,4,1,7,7,7,7,7,4,7,7,7,7,7,3,7
"A21ZYTE6WOKUA",4,2,2,"long-term",7,4,9,4,7,7,1,7,7,1,3,7,7,7,3,7,7,2,7,7,7,7,7,1,7,7,7,7,7,4,1
"A21ZYTE6WOKUA",4,2,3,"long-term",1,7,8,5,7,7,7,4,7,4,1,4,7,7,NA,7,1,2,7,7,7,7,1,7,7,7,7,3,7,4,4
"A21ZYTE6WOKUA",4,2,4,"short-term",7,4,10,1,7,7,1,7,7,5,4,7,4,7,NA,7,7,2,7,7,7,7,1,1,7,7,7,7,7,3,1
"A225BMTMXUR5F4",5,7,1,"short-term",4,7,11,1,7,7,4,7,4,2,7,5,7,4,1,4,1,2,7,7,7,7,4,1,7,7,1,4,7,2,7
"A225BMTMXUR5F4",5,7,2,"recurrance",2,7,9,5,7,7,5,3,4,5,7,3,6,5,1,3,1,1,7,7,7,7,4,1,7,7,1,4,4,4,5
"A225BMTMXUR5F4",5,7,3,"long-term",7,7,8,7,6,6,7,2,6,4,5,6,3,7,1,6,6,2,4,4,7,7,2,1,5,1,6,6,1,NA,7
"A225BMTMXUR5F4",5,7,4,"recurrance",4,4,9,7,4,3,5,6,1,5,5,1,6,6,3,4,2,1,2,4,4,3,2,1,3,7,2,4,7,3,4
"A225BMTMXUR5F4",5,7,5,"recurrance",5,7,9,7,6,5,4,7,2,5,5,4,6,5,3,7,2,1,4,7,7,3,6,1,7,7,1,4,6,3,6
"A22DDO8NILSX6O",4,4,1,"recurrance",5,6,7,6,6,6,6,6,7,1,5,4,7,5,2,3,1,1,5,6,7,5,5,3,4,5,1,6,5,3,5
"A22DDO8NILSX6O",4,4,2,"recurrance",5,5,4,2,5,6,2,4,5,3,2,2,7,6,2,5,1,1,5,5,5,5,3,4,4,3,2,5,5,3,2
"A22DDO8NILSX6O",4,4,3,"recurrance",5,6,9,3,6,6,5,7,6,2,3,2,7,3,3,NA,1,1,5,5,6,5,3,1,3,7,1,5,7,3,1
"A22DDO8NILSX6O",4,4,4,"recurrance",4,2,5,5,6,6,6,5,6,2,5,1,7,5,1,NA,1,1,3,5,6,5,2,3,3,3,1,5,6,3,1
"A22SZHZTF72TRM",4,4,1,"short-term",6,6,11,7,6,6,6,6,4,1,4,4,7,6,3,4,1,1,6,7,7,4,5,4,1,7,4,7,7,3,6
"A22SZHZTF72TRM",4,4,2,"short-term",6,6,10,7,5,6,6,6,7,1,7,3,7,4,3,2,4,2,6,6,6,7,4,4,4,7,1,6,7,3,4
"A22SZHZTF72TRM",4,4,3,"recurrance",7,7,9,1,6,6,7,4,7,1,2,7,7,3,3,4,7,1,7,7,7,4,6,2,7,1,1,7,7,1,2
"A22SZHZTF72TRM",4,4,4,"recurrance",5,NA,7,1,6,6,7,5,7,2,3,5,6,6,1,6,6,1,7,7,7,4,2,6,4,6,6,7,2,2,7
"A248PLZABUKB62",5,5,1,"short-term",5,4,9,4,7,7,5,6,2,7,5,7,4,5,1,7,5,2,4,7,7,5,1,7,7,5,5,7,6,3,7
"A248PLZABUKB62",5,5,2,"short-term",5,4,9,4,7,6,2,7,2,5,5,7,7,4,3,7,5,2,2,7,7,4,4,6,7,7,2,7,7,3,7
"A248PLZABUKB62",5,5,3,"short-term",5,4,9,4,6,6,2,7,5,5,5,7,5,4,3,7,4,2,2,7,7,6,2,7,7,7,2,7,5,3,7
"A248PLZABUKB62",5,5,4,"short-term",4,6,10,5,4,4,5,7,3,4,2,3,7,4,3,3,1,2,7,5,5,3,6,3,4,7,1,4,7,3,4
"A248PLZABUKB62",5,5,5,"short-term",5,7,8,7,6,6,7,7,6,4,3,3,7,6,3,2,1,2,7,5,5,3,5,2,4,7,1,5,7,3,2
"A255RBA8P0K0XV",5,3,1,"recurrance",6,6,10,3,5,4,6,6,3,3,4,7,7,3,2,6,2,1,6,6,6,6,7,5,6,6,5,4,6,3,4
"A255RBA8P0K0XV",5,3,2,"long-term",4,7,9,2,5,5,6,6,6,3,4,7,7,5,3,6,6,1,6,6,6,6,5,6,6,6,6,6,6,3,6
"A255RBA8P0K0XV",5,3,3,"recurrance",5,6,10,1,5,5,6,6,5,2,6,5,6,2,1,5,5,1,6,6,6,5,4,2,6,5,6,6,3,4,3
"A255RBA8P0K0XV",5,3,4,"recurrance",5,7,8,2,6,4,6,6,2,3,5,6,7,4,3,6,3,1,6,6,7,5,5,5,6,5,5,5,6,4,4
"A255RBA8P0K0XV",5,3,5,"long-term",4,7,6,6,6,6,5,6,6,4,6,6,5,4,3,6,6,2,6,6,6,6,7,6,7,6,6,7,6,3,6
"A2615YW1YERQBO",3,3,1,"long-term",5,7,4,7,4,4,5,4,1,3,2,4,4,4,1,3,4,2,4,3,4,3,2,2,3,4,4,4,6,3,3
"A2615YW1YERQBO",3,3,2,"long-term",3,7,5,6,5,5,4,4,4,2,2,5,6,4,3,2,4,2,2,5,4,3,1,6,2,6,3,4,6,4,3
"A2615YW1YERQBO",3,3,3,"long-term",4,7,4,7,5,5,5,3,5,1,6,7,7,5,1,3,3,NA,5,5,5,7,3,5,4,4,2,6,4,4,4
"A26NGLGGFTATVN",2,2,1,"recurrance",7,7,11,7,6,6,7,7,7,1,2,7,7,7,1,1,1,1,7,7,7,7,7,1,7,7,1,7,4,4,7
"A26NGLGGFTATVN",2,2,2,"recurrance",4,7,8,1,7,7,7,7,7,1,3,7,5,7,2,7,7,1,7,7,7,7,4,7,7,7,3,7,7,4,7
"A26UAJWMMNN351",3,3,1,"short-term",7,7,11,7,6,7,7,7,7,1,4,4,6,2,3,7,5,2,1,7,7,1,4,1,7,7,1,7,7,2,7
"A26UAJWMMNN351",3,3,2,"long-term",7,7,6,4,4,4,7,7,7,4,1,4,7,4,1,4,1,1,6,4,4,4,7,7,7,4,1,7,7,3,7
"A26UAJWMMNN351",3,3,3,"short-term",7,7,11,1,6,6,7,7,7,1,4,4,7,4,2,7,7,1,7,7,7,7,1,7,4,7,4,7,7,4,7
"A27INSDNTACWAM",4,4,1,"recurrance",4,4,9,7,7,7,1,6,3,4,3,7,7,7,1,7,1,1,5,7,7,1,7,1,5,4,1,5,7,4,7
"A27INSDNTACWAM",4,4,2,"recurrance",7,7,10,7,6,6,3,7,2,4,4,4,7,4,3,7,5,1,1,7,7,7,2,1,1,4,5,7,7,3,7
"A27INSDNTACWAM",4,4,3,"long-term",1,7,6,7,7,7,7,7,5,1,5,7,7,7,3,5,7,2,7,7,7,6,1,3,7,7,1,7,7,3,4
"A27INSDNTACWAM",4,4,4,"long-term",2,7,6,7,7,7,7,5,1,7,7,7,5,7,3,7,7,2,7,7,7,7,1,7,7,2,1,7,7,4,7
"A286W816CMIZL9",3,2,1,"long-term",4,7,8,7,7,7,6,7,5,1,7,4,6,6,3,6,5,2,7,5,7,7,1,3,5,7,5,6,7,3,1
"A286W816CMIZL9",3,2,2,"recurrance",5,7,6,6,5,5,5,7,7,1,7,1,7,5,3,2,1,1,4,4,5,7,3,1,5,7,1,5,7,3,1
"A286W816CMIZL9",3,2,3,"recurrance",4,7,6,1,5,6,6,5,6,1,7,1,7,6,2,2,1,1,3,5,6,7,1,2,4,5,1,5,5,3,1
"A28J7H4TH29DC3",3,3,1,"short-term",7,7,6,4,6,6,6,7,7,4,6,4,7,6,3,1,2,2,6,5,6,6,1,5,4,7,2,6,7,3,5
"A28J7H4TH29DC3",3,3,2,"recurrance",6,3,5,3,5,5,5,7,7,2,7,2,7,4,1,1,3,1,5,6,6,7,1,3,3,7,1,7,5,4,2
"A28J7H4TH29DC3",3,3,3,"recurrance",6,1,4,7,7,7,7,6,7,2,7,5,7,7,1,7,7,1,7,7,7,7,1,6,4,7,6,7,6,4,4
"A2ASTDMWBCFIP0",2,2,1,"short-term",4,6,7,5,7,7,7,5,6,4,3,6,6,7,3,5,3,NA,6,6,7,6,4,5,5,5,4,6,6,3,6
"A2ASTDMWBCFIP0",2,2,2,"short-term",4,7,9,7,7,7,6,6,7,4,4,7,7,3,1,6,2,2,7,7,7,7,5,4,4,4,3,7,6,3,7
"A2AT6TSPPCR106",4,3,1,"recurrance",4,7,8,7,7,7,7,6,6,2,5,4,7,6,3,2,1,1,7,7,7,7,2,3,6,7,4,5,7,3,4
"A2AT6TSPPCR106",4,3,2,"recurrance",6,7,8,6,7,7,7,6,6,1,5,4,7,5,3,2,2,1,7,7,7,7,1,2,7,7,2,6,7,3,4
"A2AT6TSPPCR106",4,3,3,"long-term",6,7,10,3,7,7,4,6,7,1,3,4,6,5,3,7,1,1,6,7,7,7,5,3,7,7,1,6,7,3,2
"A2AT6TSPPCR106",4,3,4,"recurrance",6,7,11,2,7,7,5,7,6,1,2,6,7,2,1,7,1,1,7,7,7,5,7,4,7,6,2,6,4,4,6
"A2AZYU1CT24O0K",5,5,1,"short-term",4,7,4,7,6,6,5,7,7,3,4,3,7,5,1,5,3,2,5,7,7,6,3,7,5,7,2,6,7,3,1
"A2AZYU1CT24O0K",5,5,2,"recurrance",7,1,7,1,4,4,7,5,6,1,3,2,5,4,1,7,5,1,4,6,5,7,3,7,4,7,3,7,6,4,1
"A2AZYU1CT24O0K",5,5,3,"recurrance",7,7,9,4,4,4,7,7,6,1,5,1,7,5,2,7,3,1,5,7,6,7,3,5,4,6,5,6,5,4,4
"A2AZYU1CT24O0K",5,5,4,"long-term",2,1,2,1,6,6,7,4,6,1,7,1,5,4,1,4,2,2,4,7,4,7,2,3,3,4,3,7,5,3,3
"A2AZYU1CT24O0K",5,5,5,"recurrance",7,7,4,7,3,3,5,6,5,1,6,2,7,4,3,2,2,1,4,5,3,4,5,5,4,7,2,5,7,4,1
"A2B0FLA55RH047",4,4,1,"long-term",4,6,9,6,7,5,7,6,7,2,4,5,6,4,2,7,3,1,7,7,7,7,3,5,7,4,5,7,4,4,5
"A2B0FLA55RH047",4,4,2,"recurrance",4,5,10,3,7,6,7,7,7,2,4,2,6,4,2,5,2,1,7,7,6,5,2,4,7,4,5,7,5,3,6
"A2B0FLA55RH047",4,4,3,"short-term",4,7,10,7,6,6,6,6,5,2,7,6,5,4,3,NA,5,2,6,7,7,7,3,5,6,4,4,5,6,3,5
"A2B0FLA55RH047",4,4,4,"recurrance",3,5,9,2,7,7,7,7,7,2,4,3,3,3,1,NA,1,1,7,7,7,6,5,5,7,3,1,7,2,3,4
"A2BEBDMQ7SI4IY",5,1,1,"short-term",7,3,9,3,5,5,7,5,7,7,5,4,6,5,2,6,6,2,6,6,5,7,6,7,5,6,7,5,5,3,6
"A2BEBDMQ7SI4IY",5,1,2,"short-term",5,3,10,2,4,4,5,5,6,6,6,1,6,6,2,6,5,1,7,5,5,7,7,4,5,5,5,6,5,2,5
"A2BEBDMQ7SI4IY",5,1,3,"recurrance",7,2,8,2,6,4,7,6,6,6,5,2,4,6,1,NA,6,2,7,7,5,4,5,5,5,5,7,7,6,2,4
"A2BEBDMQ7SI4IY",5,1,4,"long-term",6,3,7,3,5,6,5,5,5,7,6,3,6,5,2,NA,5,2,7,7,6,6,6,7,7,6,6,5,7,3,5
"A2BEBDMQ7SI4IY",5,1,5,"short-term",5,2,7,2,4,7,6,6,5,5,5,4,5,6,3,NA,5,2,5,5,5,7,5,5,5,6,6,7,6,1,5
"A2BJTPZLXIGO8D",3,3,1,"recurrance",4,7,9,7,6,6,7,7,4,1,4,3,7,4,2,1,1,1,7,7,7,7,7,1,7,5,1,6,7,3,7
"A2BJTPZLXIGO8D",3,3,2,"recurrance",4,7,7,7,4,4,5,5,4,3,4,7,7,6,1,1,1,1,5,7,7,7,5,1,5,4,1,5,3,4,4
"A2BJTPZLXIGO8D",3,3,3,"recurrance",5,7,3,7,7,7,4,5,7,2,4,4,7,7,1,6,1,1,7,7,7,4,4,5,4,3,1,7,4,3,4
"A2CP6MLJVJYBO7",2,3,1,"recurrance",7,7,9,2,6,6,7,7,5,1,5,3,6,4,2,5,4,1,7,6,7,6,6,1,6,6,1,7,6,3,6
"A2CP6MLJVJYBO7",2,3,2,"recurrance",6,7,6,2,6,6,7,7,7,1,6,2,6,4,2,6,1,1,7,7,7,7,4,2,6,6,1,7,6,4,7
"A2CYMT8T33U6EE",5,4,1,"recurrance",6,7,9,1,6,6,7,7,6,3,4,3,7,7,2,1,1,1,6,7,6,3,5,1,4,7,1,6,6,4,4
"A2CYMT8T33U6EE",5,4,2,"recurrance",6,7,8,1,6,6,7,7,7,1,3,3,7,7,1,1,2,1,5,7,6,3,1,1,2,7,1,7,6,4,5
"A2CYMT8T33U6EE",5,4,3,"recurrance",7,7,11,1,6,6,6,7,6,5,5,6,6,4,2,NA,5,1,6,6,6,7,1,4,6,6,1,7,6,3,7
"A2CYMT8T33U6EE",5,4,4,"recurrance",7,7,10,2,7,7,5,7,1,4,1,3,6,7,1,NA,5,1,7,6,7,3,7,5,7,4,6,7,6,3,7
"A2CYMT8T33U6EE",5,4,5,"recurrance",4,7,9,2,6,6,7,7,7,1,5,7,5,6,2,NA,7,1,2,7,7,6,1,2,3,7,5,7,7,4,7
"A2DVV59R1CQU6T",3,3,1,"long-term",7,7,6,5,6,5,5,7,5,2,5,5,6,6,1,7,6,2,7,7,7,7,4,7,6,5,6,6,7,4,7
"A2DVV59R1CQU6T",3,3,2,"recurrance",4,7,10,1,7,7,7,5,3,2,1,1,2,3,3,6,5,1,5,6,7,4,7,2,6,4,5,4,7,4,2
"A2DVV59R1CQU6T",3,3,3,"recurrance",5,7,8,1,6,6,7,7,7,2,3,2,3,4,3,4,3,1,7,7,7,6,5,7,7,7,5,7,7,4,7
"A2EK1HDV4I4GSK",2,2,1,"long-term",4,7,9,7,5,6,6,6,5,3,2,6,7,6,1,4,4,1,7,6,6,6,4,4,4,7,3,5,6,3,4
"A2EK1HDV4I4GSK",2,2,2,"long-term",6,6,10,4,6,6,4,6,5,3,3,5,4,6,3,7,6,2,5,6,7,5,7,6,5,7,5,6,6,3,6
"A2EMTSJS47K8SU",3,3,1,"long-term",6,7,8,3,6,6,7,7,6,4,4,3,6,6,3,3,1,1,7,7,7,7,4,5,5,7,1,7,7,4,7
"A2EMTSJS47K8SU",3,3,2,"recurrance",7,7,11,3,7,7,7,7,4,1,3,5,7,3,3,7,4,1,7,7,7,7,1,4,7,3,1,7,5,4,7
"A2EMTSJS47K8SU",3,3,3,"short-term",5,7,8,7,6,6,2,7,4,4,4,2,6,5,3,7,4,2,1,6,6,3,2,1,7,7,1,7,7,3,7
"A2ESBX4C2Q6TQY",5,5,1,"short-term",4,7,9,7,7,7,7,7,7,1,7,3,7,7,NA,7,6,2,7,7,7,7,1,1,1,7,5,7,7,2,4
"A2ESBX4C2Q6TQY",5,5,2,"long-term",4,7,10,3,7,7,7,6,7,1,4,4,7,7,NA,7,5,1,7,7,7,6,1,1,2,7,2,7,5,3,7
"A2ESBX4C2Q6TQY",5,5,3,"long-term",7,7,6,7,6,6,6,7,7,1,1,2,2,6,NA,7,6,1,1,7,6,1,6,1,1,7,5,7,7,3,7
"A2ESBX4C2Q6TQY",5,5,4,"long-term",6,7,8,7,7,7,7,6,7,1,7,6,2,6,1,3,1,1,7,7,7,7,5,1,7,7,1,7,6,4,7
"A2ESBX4C2Q6TQY",5,5,5,"recurrance",7,7,12,7,5,5,7,7,7,1,1,4,7,1,3,1,1,1,6,7,7,1,5,1,7,7,1,7,7,1,2
"A2F5QCUTZU7KF7",3,3,1,"recurrance",7,7,11,1,6,6,6,7,5,2,3,3,7,3,3,5,2,1,7,7,6,6,7,2,7,3,2,7,5,4,6
"A2F5QCUTZU7KF7",3,3,2,"long-term",5,7,9,7,7,7,7,5,5,4,5,2,6,6,3,5,5,2,6,7,7,5,3,3,5,5,5,7,6,3,5
"A2F5QCUTZU7KF7",3,3,3,"recurrance",7,7,10,1,7,7,6,6,3,2,4,4,5,3,1,6,2,1,7,6,7,5,6,2,6,2,2,7,5,4,6
"A2FP41BSPG0Y4A",5,4,1,"recurrance",7,7,9,4,7,6,6,7,4,3,3,7,7,5,2,7,1,1,6,7,7,7,1,1,4,7,2,6,7,3,5
"A2FP41BSPG0Y4A",5,4,2,"recurrance",4,7,4,4,5,5,5,4,4,7,5,5,7,7,1,7,4,1,5,7,7,4,4,1,4,4,4,5,3,3,3
"A2FP41BSPG0Y4A",5,4,3,"long-term",4,7,5,4,5,7,3,6,1,4,4,5,7,7,2,6,6,NA,7,7,7,7,4,1,4,6,1,3,5,4,2
"A2FP41BSPG0Y4A",5,4,4,"recurrance",4,7,9,2,6,6,4,5,7,1,1,3,7,7,1,4,6,NA,6,4,4,2,4,6,3,4,7,6,3,3,4
"A2FP41BSPG0Y4A",5,4,5,"short-term",4,7,7,7,7,5,6,6,5,4,1,1,7,5,3,7,6,2,4,4,4,2,7,1,4,2,1,4,7,2,4
"A2GTBBZA2M82NR",4,4,1,"recurrance",7,7,4,7,6,6,1,7,3,1,2,1,7,5,3,1,1,1,7,7,5,5,6,1,6,7,1,6,7,1,1
"A2GTBBZA2M82NR",4,4,2,"short-term",7,7,6,7,7,7,7,7,7,1,4,7,6,4,3,7,4,2,7,7,7,7,1,4,7,7,2,7,7,3,7
"A2GTBBZA2M82NR",4,4,3,"recurrance",5,7,7,6,5,6,7,7,7,2,1,2,7,3,3,NA,1,1,7,7,5,2,4,5,7,7,3,7,7,3,1
"A2GTBBZA2M82NR",4,4,4,"recurrance",3,4,3,5,6,6,7,3,6,1,3,1,7,6,2,NA,6,1,7,7,5,4,1,6,4,6,1,7,6,3,1
"A2H0VR477QHYO7",4,3,1,"long-term",7,6,9,6,7,7,5,6,5,5,5,6,7,7,1,6,6,2,6,7,7,6,3,7,5,6,3,7,6,2,7
"A2H0VR477QHYO7",4,3,2,"long-term",5,6,7,4,7,7,7,6,7,5,6,6,7,7,2,6,5,1,6,7,7,7,5,6,7,7,6,6,6,3,6
"A2H0VR477QHYO7",4,3,3,"long-term",6,7,8,7,7,7,7,6,7,6,7,7,7,7,3,7,6,NA,6,7,7,6,5,3,7,5,6,7,6,4,7
"A2H0VR477QHYO7",4,3,4,"long-term",7,5,8,1,6,6,5,5,7,3,5,5,7,4,1,7,6,1,6,5,5,6,5,3,3,5,6,6,6,3,6
"A2H6Q22X1V1FTX",3,3,1,"short-term",7,6,10,5,2,3,5,6,3,1,2,1,7,3,3,1,1,1,6,2,5,6,5,1,6,4,1,4,3,3,6
"A2H6Q22X1V1FTX",3,3,2,"long-term",6,5,10,2,2,4,7,6,3,5,7,6,5,5,3,7,7,1,1,7,7,6,1,6,6,3,4,5,NA,3,7
"A2H6Q22X1V1FTX",3,3,3,"short-term",2,5,9,6,5,2,3,5,4,2,3,2,3,5,3,6,5,2,5,5,3,1,1,2,2,6,2,5,3,3,6
"A2H92K2776A1IC",4,4,1,"short-term",5,7,9,7,7,7,6,7,6,1,4,5,7,7,3,4,2,2,7,7,7,5,3,5,4,7,2,5,7,3,6
"A2H92K2776A1IC",4,4,2,"short-term",5,7,10,6,7,7,5,7,NA,2,5,3,7,5,3,7,1,1,5,5,6,4,6,1,3,7,3,5,7,2,4
"A2H92K2776A1IC",4,4,3,"short-term",5,7,11,7,7,7,5,7,6,2,5,3,7,4,3,NA,5,1,5,6,7,6,1,5,5,7,5,7,7,3,6
"A2H92K2776A1IC",4,4,4,"short-term",5,7,10,7,7,7,3,7,5,3,5,3,7,4,3,NA,1,1,5,7,5,6,1,3,4,7,2,6,7,2,6
"A2HJYX70UQW9XR",5,4,1,"short-term",6,7,6,6,5,4,6,5,6,2,2,2,7,4,3,4,5,2,6,6,6,4,2,5,5,6,4,6,7,3,3
"A2HJYX70UQW9XR",5,4,2,"recurrance",5,1,7,3,4,4,6,5,6,1,5,4,7,5,1,3,3,1,6,5,4,4,2,4,3,4,3,4,2,4,2
"A2HJYX70UQW9XR",5,4,3,"long-term",5,7,5,4,6,5,5,5,4,2,2,4,7,5,1,NA,6,1,6,5,5,3,2,6,3,3,6,7,2,4,2
"A2HJYX70UQW9XR",5,4,4,"recurrance",6,2,8,5,5,5,6,6,4,1,4,3,6,4,1,NA,4,1,5,5,4,4,2,5,4,5,3,5,3,4,4
"A2HJYX70UQW9XR",5,4,5,"recurrance",3,6,9,3,4,5,5,7,5,3,2,2,7,3,1,NA,6,1,5,5,4,4,2,6,3,4,6,6,2,4,4
"A2HQMB1GSEADL",5,13,1,"short-term",6,7,8,5,6,6,2,6,2,3,1,1,3,3,3,4,6,2,3,6,5,1,2,3,2,7,6,5,6,3,6
"A2HQMB1GSEADL",5,13,2,"recurrance",6,7,6,3,6,5,4,6,5,3,1,1,7,4,3,1,1,1,2,2,3,2,5,1,3,7,1,2,7,3,3
"A2HQMB1GSEADL",5,13,3,"short-term",5,7,6,7,6,6,7,5,7,2,1,2,6,4,3,3,3,2,5,6,5,3,1,4,1,7,4,5,7,3,5
"A2HQMB1GSEADL",5,13,4,"recurrance",6,7,5,3,5,4,1,5,3,5,1,1,7,5,3,2,2,1,5,5,3,4,6,1,4,6,5,6,7,3,3
"A2HQMB1GSEADL",5,13,5,"recurrance",5,7,8,1,4,4,1,5,5,4,4,2,7,3,3,1,1,1,2,2,3,3,6,1,2,6,1,3,4,3,1
"A2IJEKMVEHQ90W",5,2,1,"recurrance",6,7,10,1,6,6,7,6,7,2,7,7,7,6,3,6,5,1,7,6,7,6,7,1,6,5,6,5,7,4,2
"A2IJEKMVEHQ90W",5,2,2,"long-term",5,3,8,5,1,6,2,7,NA,5,2,5,5,5,3,5,3,2,2,6,5,4,6,7,5,3,2,5,7,3,6
"A2IJEKMVEHQ90W",5,2,3,"recurrance",3,5,2,1,1,5,3,7,7,6,2,3,6,6,2,7,6,1,2,3,7,7,1,2,6,6,6,7,5,4,1
"A2IJEKMVEHQ90W",5,2,4,"recurrance",5,6,9,1,6,5,2,7,2,3,1,2,7,2,NA,7,6,1,5,7,7,6,4,1,2,5,7,7,5,4,5
"A2IJEKMVEHQ90W",5,2,5,"long-term",4,4,5,7,4,6,1,1,7,2,1,2,7,4,3,7,1,1,2,2,3,3,7,1,3,3,1,6,4,2,6
"A2KOR4003SVNC5",3,3,1,"short-term",5,7,10,2,7,7,2,3,1,3,1,3,7,5,2,7,4,2,7,7,7,7,2,6,7,6,2,7,5,3,4
"A2KOR4003SVNC5",3,3,2,"long-term",4,7,11,1,7,7,7,7,7,4,4,4,7,7,3,3,2,1,7,7,7,7,5,4,7,6,1,7,4,3,4
"A2KOR4003SVNC5",3,3,3,"long-term",6,1,9,2,7,6,7,6,7,3,7,2,7,6,3,4,1,1,7,6,4,3,4,4,3,7,1,7,5,2,1
"A2LT6KC1X51FVW",2,2,1,"recurrance",7,7,10,NA,7,7,7,7,4,1,2,4,7,3,3,5,1,1,7,7,7,5,4,2,7,7,1,7,7,4,7
"A2LT6KC1X51FVW",2,2,2,"recurrance",6,NA,7,1,7,7,7,7,7,1,2,NA,7,7,3,7,4,1,7,7,7,5,4,4,7,7,2,7,7,4,7
"A2LU3430Q972IN",3,3,1,"short-term",4,7,9,4,7,6,7,5,4,2,1,5,7,7,1,3,4,NA,4,7,7,5,4,5,3,4,1,5,7,3,4
"A2LU3430Q972IN",3,3,2,"short-term",5,7,11,4,6,6,1,6,4,1,4,1,4,6,NA,4,1,1,1,7,7,7,4,1,3,7,5,4,7,2,6
"A2LU3430Q972IN",3,3,3,"short-term",5,4,11,4,5,6,1,7,3,2,4,1,7,4,3,4,1,NA,1,5,4,2,4,1,1,7,1,4,7,3,1
"A2NAKIXS3DVGAA",1,1,1,"recurrance",6,7,10,1,4,4,5,6,5,1,1,1,6,3,2,2,2,1,5,5,4,2,4,2,4,7,2,5,6,4,2
"A2NHFSO7GMM8QR",2,3,1,"long-term",7,7,8,1,7,7,7,7,1,4,4,7,7,7,2,7,7,1,7,7,7,7,7,1,7,7,1,7,7,3,1
"A2NHFSO7GMM8QR",2,3,2,"recurrance",7,7,6,1,6,6,7,7,5,1,1,4,7,4,2,7,7,NA,7,7,7,4,7,4,7,4,7,7,4,2,7
"A2O2Q0LVWOWJ1G",4,4,1,"long-term",4,7,6,6,6,7,7,7,7,1,1,6,7,4,1,4,5,2,7,7,7,4,3,2,5,6,1,6,5,4,4
"A2O2Q0LVWOWJ1G",4,4,2,"short-term",7,7,9,7,5,6,5,3,3,1,4,6,7,6,1,5,5,2,6,7,7,6,1,3,7,4,1,7,6,4,6
"A2O2Q0LVWOWJ1G",4,4,3,"short-term",3,7,5,7,7,7,7,6,7,3,2,5,7,7,3,2,5,2,7,7,7,5,1,3,5,7,1,7,6,2,1
"A2O2Q0LVWOWJ1G",4,4,4,"short-term",7,7,8,7,6,6,5,6,5,1,1,2,7,4,3,6,3,2,7,7,6,1,1,4,3,7,1,5,7,2,7
"A2PE32I58ANCDD",2,2,1,"recurrance",6,4,6,3,5,5,1,5,5,2,2,5,6,5,NA,5,4,NA,6,5,5,3,2,6,6,5,2,6,4,NA,2
"A2PE32I58ANCDD",2,2,2,"recurrance",6,2,6,3,5,5,5,3,6,2,1,6,6,7,NA,3,3,NA,6,5,4,5,2,2,5,3,3,6,5,NA,4
"A2R75YFKVALBXE",5,5,1,"long-term",7,7,9,7,7,7,5,7,3,2,6,7,6,7,3,7,2,2,7,7,7,6,7,3,7,6,2,4,7,4,6
"A2R75YFKVALBXE",5,5,2,"long-term",7,7,11,7,7,7,6,7,6,3,7,5,7,5,3,5,3,2,7,7,7,7,2,6,6,7,1,7,7,3,7
"A2R75YFKVALBXE",5,5,3,"long-term",6,7,9,7,7,6,6,7,7,4,7,7,6,6,1,6,3,2,7,7,7,7,2,2,6,7,2,5,6,4,2
"A2R75YFKVALBXE",5,5,4,"recurrance",7,7,10,1,7,7,7,7,6,2,5,3,6,6,3,6,5,1,7,7,7,6,5,5,5,7,2,7,7,3,6
"A2R75YFKVALBXE",5,5,5,"long-term",6,7,10,7,7,7,7,7,7,2,4,4,7,6,3,6,3,2,6,7,7,6,2,5,5,7,1,7,7,3,2
"A2R9OK4M877ZCC",3,2,1,"short-term",3,7,9,7,7,7,7,7,7,2,3,6,1,4,2,7,2,2,1,7,7,6,7,5,7,4,2,7,7,3,7
"A2R9OK4M877ZCC",3,2,2,"recurrance",4,3,7,1,7,7,7,7,7,2,7,7,7,4,1,6,3,1,7,7,7,7,1,7,7,7,5,7,7,3,7
"A2R9OK4M877ZCC",3,2,3,"recurrance",5,7,10,7,7,7,7,7,7,2,4,7,6,6,1,7,1,2,6,7,7,7,1,5,7,7,1,7,7,4,7
"A2RMJNF6IPI42F",5,5,1,"long-term",5,7,10,7,3,6,7,7,2,1,4,3,7,5,2,1,2,1,4,7,6,3,2,2,4,4,1,7,7,4,1
"A2RMJNF6IPI42F",5,5,2,"long-term",5,4,9,5,6,6,7,6,7,1,4,2,7,4,1,1,1,1,4,7,7,4,1,4,4,5,4,7,6,4,1
"A2RMJNF6IPI42F",5,5,3,"long-term",2,7,3,7,6,5,6,5,7,3,4,2,7,7,2,7,2,1,5,7,7,5,1,4,4,6,4,7,6,4,1
"A2RMJNF6IPI42F",5,5,4,"long-term",4,7,9,7,3,2,4,5,7,3,3,1,7,7,2,6,7,1,5,6,7,6,1,6,4,7,2,7,7,4,1
"A2RMJNF6IPI42F",5,5,5,"long-term",2,7,5,7,5,6,6,4,7,4,5,4,7,7,1,7,6,1,4,7,7,6,1,6,4,5,4,7,3,4,1
"A2SFFO79KSG5VA",5,5,1,"short-term",6,7,8,5,6,6,4,7,6,1,4,4,6,4,3,1,1,2,5,5,4,3,2,3,5,7,1,4,7,3,3
"A2SFFO79KSG5VA",5,5,2,"recurrance",7,7,9,7,4,4,1,7,2,1,3,4,6,3,3,1,1,1,5,2,4,3,5,1,3,7,1,2,7,3,2
"A2SFFO79KSG5VA",5,5,3,"recurrance",6,7,7,1,7,6,2,6,4,1,6,5,6,5,3,4,1,1,6,4,6,5,4,2,5,7,1,4,7,4,1
"A2SFFO79KSG5VA",5,5,4,"recurrance",6,7,7,1,4,4,4,6,6,1,4,4,6,5,2,2,4,1,4,5,4,4,1,2,4,6,1,5,5,4,4
"A2SFFO79KSG5VA",5,5,5,"long-term",6,7,10,7,6,6,1,6,6,2,3,4,5,4,3,7,7,2,4,7,7,4,1,7,5,7,7,5,7,3,7
"A2SKOPFTRTNFUY",4,3,1,"short-term",6,7,9,7,7,5,7,6,6,1,4,6,7,7,3,6,1,2,7,7,7,6,3,1,5,7,1,6,7,3,4
"A2SKOPFTRTNFUY",4,3,2,"recurrance",6,7,9,7,6,6,4,7,1,1,4,6,7,7,3,1,1,2,4,6,7,4,7,1,4,7,1,4,7,3,1
"A2SKOPFTRTNFUY",4,3,3,"recurrance",5,7,9,7,6,6,1,7,1,1,4,4,7,6,3,6,1,1,5,5,4,4,7,1,4,7,1,NA,7,3,1
"A2SKOPFTRTNFUY",4,3,4,"recurrance",4,1,9,7,7,7,7,7,2,1,6,6,7,7,2,6,6,1,7,7,7,7,1,5,7,7,5,6,7,3,4
"A2TLN8489YGY81",1,1,1,"recurrance",4,7,8,6,6,4,4,6,7,4,4,4,4,4,1,5,3,1,4,7,7,7,1,5,7,4,1,7,1,3,7
"A2VGEE0ZIZ8CBQ",3,3,1,"recurrance",6,7,10,6,6,6,7,7,4,2,4,2,7,4,3,6,5,1,6,6,6,5,3,5,6,7,4,6,5,NA,6
"A2VGEE0ZIZ8CBQ",3,3,2,"recurrance",4,6,9,7,5,5,5,7,5,3,2,1,4,4,3,5,6,1,2,6,4,4,2,4,3,7,5,6,7,4,4
"A2VGEE0ZIZ8CBQ",3,3,3,"recurrance",6,5,10,6,7,7,6,7,7,2,4,4,6,3,1,7,5,1,6,7,6,6,3,5,6,4,6,7,2,4,6
"A2VGFS03KCCR1Q",2,2,1,"short-term",5,7,7,1,7,7,7,7,7,3,1,6,7,7,1,1,4,1,7,6,7,5,1,5,2,7,1,7,5,3,5
"A2VGFS03KCCR1Q",2,2,2,"recurrance",6,1,8,1,7,7,7,7,7,1,2,5,7,4,3,4,5,1,5,7,5,7,1,7,1,7,5,7,7,4,1
"A2VNSNAN1LZBAM",3,3,1,"long-term",3,3,8,7,7,7,7,7,7,1,1,6,7,7,3,7,5,2,5,7,7,1,1,2,1,7,1,7,7,3,7
"A2VNSNAN1LZBAM",3,3,2,"long-term",7,7,10,3,7,7,7,7,7,1,1,6,7,6,1,4,5,2,6,7,7,1,1,3,1,4,1,7,7,3,7
"A2VNSNAN1LZBAM",3,3,3,"short-term",7,7,6,7,7,7,7,5,4,1,1,7,5,7,2,7,7,2,7,7,7,1,5,2,4,4,1,7,7,3,7
"A2W0G89O7E9EFO",5,3,1,"long-term",3,7,7,7,6,4,6,6,2,1,2,7,5,6,3,6,5,2,6,7,7,6,2,3,5,6,2,6,6,3,7
"A2W0G89O7E9EFO",5,3,2,"short-term",6,7,9,7,5,5,3,7,3,2,2,3,6,3,3,3,2,1,3,6,5,4,3,5,5,7,1,5,7,3,5
"A2W0G89O7E9EFO",5,3,3,"long-term",5,7,8,7,5,5,5,6,2,2,4,3,6,4,3,1,2,2,7,6,6,3,7,2,5,7,2,5,6,3,7
"A2W0G89O7E9EFO",5,3,4,"long-term",5,7,9,7,6,6,5,6,4,1,6,4,6,4,3,2,2,2,6,6,7,4,7,1,5,7,1,5,5,3,7
"A2W0G89O7E9EFO",5,3,5,"long-term",4,7,8,7,6,5,2,3,2,1,2,2,7,5,3,2,2,2,3,6,4,2,2,2,4,7,2,3,6,3,5
"A2WJMGV0HKQG3Z",3,3,1,"recurrance",7,7,11,7,7,7,7,7,7,1,1,4,7,7,1,7,7,1,7,7,7,1,7,1,7,7,4,7,7,3,7
"A2WJMGV0HKQG3Z",3,3,2,"long-term",7,7,9,7,7,7,7,7,7,1,1,7,4,7,3,7,7,NA,7,7,7,5,7,1,7,7,7,7,7,3,7
"A2WJMGV0HKQG3Z",3,3,3,"recurrance",7,7,8,7,7,7,7,7,7,1,1,7,4,7,3,7,7,1,7,7,7,7,7,1,7,7,4,7,7,4,7
"A2WZ8ZEB00LYF7",2,2,1,"long-term",5,3,8,3,5,5,5,5,5,4,6,5,5,5,2,5,4,2,3,4,5,4,5,5,4,4,5,5,6,1,5
"A2WZ8ZEB00LYF7",2,2,2,"short-term",4,4,8,3,5,5,5,5,5,4,6,6,5,6,1,5,4,1,5,5,7,7,1,4,5,5,7,6,5,3,5
"A2X3FSFHV5GHJU",3,3,1,"long-term",4,7,11,7,6,6,2,6,1,1,2,6,7,4,1,2,3,1,7,7,6,4,5,1,6,6,1,6,6,3,6
"A2X3FSFHV5GHJU",3,3,2,"recurrance",4,6,9,6,5,5,6,6,5,2,2,4,7,3,3,2,1,1,4,5,4,3,6,1,3,6,1,6,7,3,4
"A2X3FSFHV5GHJU",3,3,3,"long-term",3,6,8,6,7,5,5,6,6,1,2,7,7,6,1,2,2,1,6,7,4,4,1,2,6,6,1,6,5,4,3
"A2Y0WNHMT4PZ4C",3,3,1,"long-term",5,7,8,6,7,7,7,5,7,1,6,6,7,7,1,6,5,1,7,7,7,6,3,4,5,4,5,7,7,3,6
"A2Y0WNHMT4PZ4C",3,3,2,"recurrance",7,7,11,4,6,6,7,7,6,1,6,4,7,6,3,6,2,1,7,7,7,7,3,4,4,7,3,5,7,3,4
"A2Y0WNHMT4PZ4C",3,3,3,"long-term",4,7,9,7,6,6,1,7,7,1,1,3,5,4,3,4,2,2,1,7,7,3,4,1,4,6,1,5,7,3,1
"A2YVAWO75X8R78",5,8,1,"long-term",6,7,5,7,7,7,6,5,5,1,4,6,7,7,3,5,5,NA,5,7,7,4,1,5,3,5,3,6,7,3,4
"A2YVAWO75X8R78",5,8,2,"recurrance",6,6,9,1,6,6,7,7,6,1,5,2,7,6,3,5,5,1,5,7,6,6,5,6,4,7,5,6,7,4,4
"A2YVAWO75X8R78",5,8,3,"recurrance",6,7,8,1,6,6,5,5,6,2,2,6,6,4,1,7,4,1,7,7,7,6,7,2,7,4,3,6,3,4,4
"A2YVAWO75X8R78",5,8,4,"recurrance",6,6,6,6,4,4,6,5,5,1,5,2,6,7,1,4,3,1,5,5,6,6,3,3,1,4,3,5,4,4,4
"A2YVAWO75X8R78",5,8,5,"recurrance",6,NA,7,1,4,4,2,6,1,1,1,NA,7,4,3,5,2,1,4,5,4,1,1,6,3,7,3,4,6,2,2
"A2ZGAH6NOSU2PO",5,6,1,"recurrance",6,6,7,1,6,5,7,6,4,3,6,4,7,7,2,5,6,1,6,6,7,3,4,2,5,7,2,6,7,3,4
"A2ZGAH6NOSU2PO",5,6,2,"short-term",6,7,9,7,6,6,6,6,5,2,3,4,7,4,3,5,3,2,6,7,7,6,4,5,1,7,1,1,7,3,1
"A2ZGAH6NOSU2PO",5,6,3,"long-term",6,7,6,5,6,7,7,6,5,1,2,4,7,7,2,5,7,1,4,6,7,4,2,2,2,7,2,7,7,4,3
"A2ZGAH6NOSU2PO",5,6,4,"short-term",7,7,10,3,7,6,7,7,4,1,4,5,7,7,2,7,1,1,7,7,6,7,5,1,7,7,1,6,7,3,1
"A2ZGAH6NOSU2PO",5,6,5,"short-term",6,7,12,5,6,6,4,6,3,1,2,3,5,5,2,6,4,1,3,6,6,2,5,2,4,7,2,7,6,3,1
"A302KOFOYLD89A",3,2,1,"long-term",5,7,9,6,5,6,6,3,5,2,2,5,4,5,3,7,6,2,6,6,6,6,2,2,7,7,2,7,6,3,5
"A302KOFOYLD89A",3,2,2,"recurrance",4,7,7,1,7,7,6,5,3,3,2,6,6,6,3,3,5,1,5,6,7,5,2,2,7,7,2,6,7,3,4
"A302KOFOYLD89A",3,2,3,"recurrance",5,1,9,1,5,5,6,6,3,2,2,7,6,6,1,5,6,1,6,7,7,6,1,2,6,5,3,5,5,3,6
"A30FIPRPFQRBO6",3,3,1,"recurrance",4,7,6,7,7,7,7,7,7,1,4,4,7,7,3,7,7,2,7,7,7,7,4,7,7,7,4,4,7,3,7
"A30FIPRPFQRBO6",3,3,2,"recurrance",4,7,6,7,7,7,7,7,7,4,4,4,7,7,3,7,1,1,7,7,7,7,1,7,4,7,4,7,7,3,7
"A30FIPRPFQRBO6",3,3,3,"long-term",4,4,6,4,4,4,4,4,4,4,4,4,4,4,2,7,4,1,4,4,4,4,4,4,4,4,4,4,4,3,4
"A30HUZHJBOX1LK",2,2,1,"recurrance",7,7,10,7,5,6,6,7,4,1,4,1,6,5,3,5,5,1,6,7,6,5,2,5,5,7,3,7,7,3,7
"A30HUZHJBOX1LK",2,2,2,"recurrance",6,7,9,3,6,6,7,5,3,1,6,1,6,6,3,6,5,1,6,6,6,5,2,2,4,7,2,6,7,3,7
"A314XJY8V1YL12",4,4,1,"long-term",5,7,6,7,7,7,7,4,5,3,3,7,6,7,NA,6,2,1,6,7,6,3,4,5,4,6,3,6,6,4,6
"A314XJY8V1YL12",4,4,2,"long-term",4,7,8,7,6,6,4,7,6,2,3,6,6,7,1,7,5,1,6,7,7,5,2,6,4,7,5,6,6,3,4
"A314XJY8V1YL12",4,4,3,"recurrance",4,6,4,7,6,6,5,4,6,2,4,5,5,7,NA,4,6,1,5,7,7,5,2,5,5,6,5,5,5,4,3
"A314XJY8V1YL12",4,4,4,"recurrance",3,6,8,6,6,6,3,5,4,3,6,4,6,6,1,5,5,1,5,5,6,5,2,5,6,6,4,5,5,3,2
"A321WQIFK10UV3",3,3,1,"long-term",7,7,11,7,7,7,7,7,7,1,4,1,7,7,3,4,1,1,7,7,7,7,7,3,7,7,1,7,7,3,7
"A321WQIFK10UV3",3,3,2,"recurrance",7,7,10,1,7,5,7,7,5,1,7,1,7,7,3,7,7,1,7,7,7,7,1,7,7,7,1,7,7,4,7
"A321WQIFK10UV3",3,3,3,"short-term",7,7,11,7,6,6,7,7,7,1,7,1,7,7,3,7,7,1,7,7,7,7,4,7,7,7,2,7,7,3,7
"A33RI08QRVG5Q0",5,5,1,"recurrance",7,6,10,1,6,5,6,6,5,1,6,2,6,3,3,4,2,1,5,6,5,5,5,2,6,6,2,6,6,4,6
"A33RI08QRVG5Q0",5,5,2,"recurrance",7,7,10,1,6,6,6,6,6,1,6,2,7,3,3,5,5,1,6,6,6,6,6,3,6,7,5,5,6,4,5
"A33RI08QRVG5Q0",5,5,3,"recurrance",6,6,9,1,6,6,5,6,5,2,6,4,5,5,NA,6,6,1,6,6,6,5,6,5,6,6,6,7,6,4,6
"A33RI08QRVG5Q0",5,5,4,"recurrance",6,6,9,1,6,5,4,6,4,2,3,1,6,4,3,5,3,1,5,4,4,3,4,1,3,6,2,4,6,3,6
"A33RI08QRVG5Q0",5,5,5,"recurrance",5,6,9,6,4,4,2,6,4,2,3,2,6,5,3,5,2,1,4,5,4,3,5,2,4,7,3,5,6,3,3
"A34VLM2UC0JY11",2,2,1,"short-term",4,7,11,7,7,7,7,7,7,1,7,4,7,4,3,7,7,2,7,7,7,7,1,1,7,7,1,7,7,3,7
"A34VLM2UC0JY11",2,2,2,"long-term",1,7,11,1,7,7,7,7,7,1,7,7,7,4,2,4,1,1,7,7,4,7,4,1,4,7,1,7,7,4,7
"A350SLJRMBIFM4",4,4,1,"long-term",6,7,9,7,5,6,1,5,1,1,1,1,4,3,3,1,1,2,4,5,2,1,5,1,6,6,1,2,7,3,7
"A350SLJRMBIFM4",4,4,2,"long-term",6,7,8,6,6,6,5,6,5,1,4,3,7,3,3,3,5,NA,5,6,5,4,5,2,4,6,1,5,6,3,1
"A350SLJRMBIFM4",4,4,3,"short-term",6,7,10,6,6,6,7,6,7,1,3,3,6,4,3,1,2,2,7,7,7,5,6,2,6,7,2,6,7,3,2
"A350SLJRMBIFM4",4,4,4,"recurrance",4,5,9,5,4,4,7,6,1,6,2,3,6,4,2,7,7,1,4,7,7,1,1,6,5,7,6,3,7,3,3
"A351LMMMFYPM7U",5,5,1,"recurrance",5,7,8,3,5,6,6,5,4,1,2,3,6,3,3,3,4,1,6,6,6,5,4,1,4,6,1,5,7,4,2
"A351LMMMFYPM7U",5,5,2,"short-term",3,7,9,7,6,6,7,4,4,1,2,4,3,4,3,5,4,2,6,7,7,5,1,1,2,6,1,5,7,3,5
"A351LMMMFYPM7U",5,5,3,"long-term",4,6,5,7,6,5,6,4,5,2,1,2,3,6,1,6,4,2,2,6,6,5,1,1,1,4,1,4,6,3,6
"A351LMMMFYPM7U",5,5,4,"long-term",3,7,7,6,6,5,7,5,6,1,1,2,5,3,3,4,4,2,5,6,5,4,1,1,1,6,2,4,7,3,1
"A351LMMMFYPM7U",5,5,5,"long-term",4,7,8,6,7,5,6,4,5,1,1,6,6,5,1,6,3,1,7,6,6,2,4,4,6,4,2,4,4,3,4
"A36ZURENFWTYOZ",5,7,1,"long-term",4,7,10,4,7,7,4,7,2,1,4,1,7,7,3,1,1,2,2,5,5,2,7,1,2,7,1,7,7,4,1
"A36ZURENFWTYOZ",5,7,2,"long-term",5,7,8,2,6,4,6,6,1,2,4,3,7,4,1,5,1,1,5,6,5,7,1,1,4,4,1,5,6,3,2
"A36ZURENFWTYOZ",5,7,3,"short-term",5,7,10,4,6,6,1,7,1,3,1,1,6,6,3,4,5,2,1,6,6,1,2,2,2,7,3,4,7,2,4
"A36ZURENFWTYOZ",5,7,4,"recurrance",6,7,6,NA,6,6,2,6,7,1,2,1,7,4,3,4,1,1,5,7,4,5,5,1,3,7,1,7,7,3,1
"A36ZURENFWTYOZ",5,7,5,"short-term",6,7,8,7,7,6,7,5,7,1,2,2,1,6,NA,7,6,2,3,7,7,7,1,7,5,5,4,7,5,3,4
"A37PUSY6CJ7TQ0",5,6,1,"short-term",7,7,7,5,6,6,6,7,4,1,3,3,6,3,3,1,1,1,7,6,6,3,7,1,3,7,1,4,3,2,1
"A37PUSY6CJ7TQ0",5,6,2,"long-term",4,7,6,7,5,5,5,3,6,2,6,5,6,5,2,5,3,2,5,7,7,7,3,3,3,5,2,6,4,3,7
"A37PUSY6CJ7TQ0",5,6,3,"short-term",5,7,10,5,6,6,5,6,5,3,4,5,6,4,3,2,1,2,4,7,7,2,3,1,3,7,1,6,7,3,5
"A37PUSY6CJ7TQ0",5,6,4,"short-term",6,6,5,3,5,5,5,4,2,3,3,2,5,4,3,2,1,1,5,5,4,2,7,1,5,6,1,4,4,3,2
"A37PUSY6CJ7TQ0",5,6,5,"long-term",6,3,8,1,6,6,6,6,5,1,3,4,6,3,1,5,1,1,5,6,6,5,3,1,2,4,1,6,6,NA,2
"A38BO0BRCQX6OV",3,3,1,"long-term",7,6,6,1,6,6,7,5,7,2,4,6,6,7,2,4,1,1,7,6,6,6,5,5,4,6,3,6,7,3,5
"A38BO0BRCQX6OV",3,3,2,"long-term",6,4,8,7,6,6,3,6,5,1,6,7,7,6,3,6,2,1,6,5,6,7,7,2,4,7,1,7,7,3,5
"A38BO0BRCQX6OV",3,3,3,"recurrance",6,4,6,1,7,7,7,5,6,1,6,5,7,7,1,NA,1,1,7,7,6,7,1,4,5,6,2,4,7,4,4
"A38DHLB88V8DL8",4,4,1,"recurrance",6,6,10,6,7,7,6,6,6,1,4,4,7,4,1,4,2,1,7,7,7,NA,4,3,7,7,3,6,4,3,4
"A38DHLB88V8DL8",4,4,2,"short-term",4,7,6,5,7,7,6,5,6,2,5,3,6,7,3,7,1,2,6,7,7,5,1,5,6,7,3,5,7,3,4
"A38DHLB88V8DL8",4,4,3,"short-term",4,6,6,6,6,5,5,5,4,3,6,1,6,4,3,5,1,1,6,5,5,5,1,4,6,6,2,6,5,3,2
"A38DHLB88V8DL8",4,4,4,"recurrance",4,6,6,1,6,6,6,3,5,1,6,1,6,4,1,5,1,1,6,6,6,6,1,3,6,4,2,5,1,NA,4
"A3989GRV3UV5VW",3,3,1,"recurrance",7,7,7,5,6,5,4,5,2,3,4,7,5,6,3,4,1,1,6,6,7,6,6,1,6,7,2,6,7,3,5
"A3989GRV3UV5VW",3,3,2,"long-term",6,7,9,3,7,7,7,7,5,3,6,3,7,5,2,7,1,1,7,7,7,6,7,5,6,7,1,7,5,4,2
"A3989GRV3UV5VW",3,3,3,"long-term",6,7,7,5,5,6,4,4,3,1,2,4,5,6,1,5,1,1,6,4,5,3,5,1,4,4,1,4,7,4,3
"A39H9RIYRB5ZYV",5,6,1,"recurrance",6,7,11,3,7,6,1,6,1,2,5,5,7,4,2,7,1,1,4,7,7,7,1,1,7,7,1,7,7,3,7
"A39H9RIYRB5ZYV",5,6,2,"recurrance",7,7,10,3,6,6,6,7,1,1,7,7,7,7,1,7,1,1,7,7,7,7,1,1,7,3,1,6,4,4,7
"A39H9RIYRB5ZYV",5,6,3,"long-term",7,6,7,3,6,6,7,6,4,1,7,3,7,1,1,5,1,1,7,6,6,7,5,1,6,5,1,5,6,4,4
"A39H9RIYRB5ZYV",5,6,4,"recurrance",6,6,10,3,6,7,4,5,5,1,5,7,5,3,1,5,1,1,6,7,7,6,7,1,7,5,1,7,7,3,6
"A39H9RIYRB5ZYV",5,6,5,"long-term",7,5,12,1,6,7,7,6,5,1,5,5,7,2,1,6,1,1,6,7,6,7,7,1,7,6,1,6,4,3,6
"A3AE0JEXW4DB34",5,4,1,"short-term",7,7,11,1,7,7,7,7,5,1,4,7,7,5,3,3,4,1,7,7,7,7,6,3,6,7,1,7,7,3,6
"A3AE0JEXW4DB34",5,4,2,"recurrance",7,7,10,1,7,7,7,6,6,1,6,2,7,3,2,2,2,1,6,7,7,7,7,2,5,7,1,7,6,NA,3
"A3AE0JEXW4DB34",5,4,3,"long-term",5,7,11,1,7,7,6,6,7,1,3,2,7,4,1,NA,5,1,7,7,7,7,3,5,2,6,7,7,5,3,6
"A3AE0JEXW4DB34",5,4,4,"recurrance",7,7,11,1,7,7,2,7,3,1,1,1,7,1,NA,NA,2,1,7,6,7,7,6,2,4,6,1,5,7,NA,2
"A3AE0JEXW4DB34",5,4,5,"long-term",7,7,8,1,7,7,2,7,5,1,1,7,7,6,3,NA,4,2,7,7,7,7,6,1,4,7,1,7,7,2,7
"A3AJJHOAV7WIUQ",3,3,1,"short-term",6,7,10,7,5,6,7,5,5,4,3,4,6,4,2,5,7,2,6,6,7,6,2,6,7,7,3,7,6,3,5
"A3AJJHOAV7WIUQ",3,3,2,"long-term",5,7,6,7,7,6,7,5,7,4,4,5,7,6,2,7,3,2,7,6,7,6,2,7,7,4,3,7,6,4,4
"A3AJJHOAV7WIUQ",3,3,3,"short-term",6,7,8,3,5,6,6,6,5,3,5,5,5,4,3,4,5,1,7,6,6,6,3,4,7,6,3,6,5,3,4
"A3BE3KXD518TZ4",3,3,1,"short-term",5,6,9,3,6,6,7,7,5,3,4,6,7,5,1,3,3,1,3,7,7,6,5,7,6,7,1,6,7,4,3
"A3BE3KXD518TZ4",3,3,2,"recurrance",7,7,9,4,6,7,7,7,7,1,1,4,7,5,1,7,3,1,7,7,7,5,7,6,6,6,3,7,6,4,7
"A3BE3KXD518TZ4",3,3,3,"long-term",7,NA,6,7,7,6,4,7,4,1,5,7,7,6,2,6,4,2,7,7,7,7,6,1,4,5,7,7,7,4,7
"A3CAF7LTD3ORSG",3,3,1,"short-term",5,7,10,7,6,6,5,5,5,2,6,5,6,3,2,1,1,2,4,6,7,6,6,4,5,6,2,4,7,3,1
"A3CAF7LTD3ORSG",3,3,2,"short-term",6,7,8,4,5,6,4,6,4,1,1,4,5,5,NA,1,1,2,2,5,6,7,6,4,6,5,2,6,3,3,3
"A3CAF7LTD3ORSG",3,3,3,"recurrance",4,7,11,5,7,5,5,5,6,1,2,5,7,1,3,6,1,NA,5,1,6,6,4,2,NA,5,1,6,5,3,1
"A3E76V59BKGKCQ",3,2,1,"long-term",7,4,4,7,7,7,7,6,6,2,6,7,7,6,3,6,4,2,7,6,7,7,6,5,7,5,4,7,6,4,7
"A3E76V59BKGKCQ",3,2,2,"recurrance",7,7,10,1,6,6,7,7,5,3,7,4,7,2,1,6,6,1,7,6,7,7,7,6,7,7,5,7,6,4,7
"A3E76V59BKGKCQ",3,2,3,"short-term",6,7,5,3,6,6,7,6,6,1,2,2,7,7,1,3,2,1,7,6,6,4,4,3,3,6,3,6,6,3,2
"A3EXD5E390Z6B3",3,3,1,"recurrance",3,7,9,5,7,7,5,6,6,5,2,5,5,7,3,4,4,1,6,6,4,5,3,4,6,6,3,7,5,4,3
"A3EXD5E390Z6B3",3,3,2,"recurrance",4,7,8,2,7,7,3,6,4,4,3,2,6,7,3,7,3,1,7,7,7,4,5,7,7,6,6,7,4,3,2
"A3EXD5E390Z6B3",3,3,3,"short-term",4,7,6,1,6,5,4,7,7,7,2,2,4,7,3,7,7,1,3,6,7,2,1,1,2,7,7,7,7,3,7
"A3GI28OVLDI9ST",5,5,1,"short-term",7,7,11,6,7,5,3,7,1,3,4,1,7,4,3,4,4,2,6,7,7,5,5,5,3,7,2,5,7,3,7
"A3GI28OVLDI9ST",5,5,2,"short-term",7,7,7,7,7,6,7,7,6,4,4,4,7,4,3,5,4,1,7,6,7,7,5,6,4,7,4,6,7,3,4
"A3GI28OVLDI9ST",5,5,3,"short-term",7,7,10,7,7,5,4,6,2,2,4,1,7,4,3,4,6,2,2,7,6,6,2,3,4,6,3,4,7,3,6
"A3GI28OVLDI9ST",5,5,4,"long-term",6,7,7,7,6,5,6,6,7,3,6,1,7,4,3,4,4,2,4,6,6,4,3,3,5,4,4,4,7,3,4
"A3GI28OVLDI9ST",5,5,5,"short-term",6,7,10,7,7,6,7,6,7,2,4,1,7,5,3,4,7,2,6,7,6,6,7,6,6,4,6,4,7,3,4
"A3GZXU4FUJTKZD",5,40,1,"short-term",2,7,10,7,5,5,4,6,2,7,4,5,7,6,3,6,7,2,5,6,7,2,1,7,3,7,7,4,7,2,6
"A3GZXU4FUJTKZD",5,40,2,"short-term",2,7,9,7,7,6,4,5,6,5,3,6,7,5,2,2,2,2,5,7,7,2,6,2,6,3,2,5,5,3,4
"A3GZXU4FUJTKZD",5,40,3,"long-term",2,7,5,7,5,5,1,6,4,1,6,1,7,4,3,5,1,2,2,7,5,5,2,6,3,7,2,5,7,3,4
"A3GZXU4FUJTKZD",5,40,4,"short-term",3,7,8,7,5,5,2,5,2,2,4,2,7,3,3,2,2,2,4,5,3,6,5,3,5,7,2,5,7,3,4
"A3GZXU4FUJTKZD",5,40,5,"short-term",3,7,4,7,4,6,3,4,6,1,4,1,7,3,3,2,5,2,1,4,3,5,3,6,2,7,5,6,7,3,2
"A3HXM7BGH18FOW",3,3,1,"recurrance",7,7,7,3,6,6,7,5,7,1,5,4,7,4,3,5,1,1,5,7,6,4,3,1,4,7,1,7,6,3,6
"A3HXM7BGH18FOW",3,3,2,"long-term",4,7,6,5,6,5,1,2,1,1,1,1,5,7,1,1,1,1,1,3,4,1,5,1,1,3,1,3,4,3,4
"A3HXM7BGH18FOW",3,3,3,"recurrance",3,1,6,1,6,6,7,3,7,1,6,1,6,6,1,1,1,1,1,7,7,3,1,1,3,1,1,7,1,3,5
"A3KFFIBJZVM0J2",4,4,1,"short-term",6,7,10,7,6,5,1,7,1,4,1,5,7,5,3,4,5,2,4,5,5,3,5,1,4,7,1,5,7,3,7
"A3KFFIBJZVM0J2",4,4,2,"short-term",5,7,8,6,7,7,6,7,5,3,2,4,7,7,3,2,1,1,6,6,7,2,5,2,4,7,1,6,7,3,6
"A3KFFIBJZVM0J2",4,4,3,"short-term",4,7,11,7,6,6,2,5,2,2,3,5,7,5,3,5,5,2,2,5,6,2,5,1,4,7,2,4,7,3,4
"A3KFFIBJZVM0J2",4,4,4,"short-term",6,7,11,7,6,6,2,7,5,2,2,1,5,6,3,6,7,2,4,7,7,6,1,7,6,7,7,5,7,2,7
"A3KIDRWRKC7RI5",5,5,1,"long-term",6,4,8,6,7,6,7,7,4,1,2,6,7,6,3,6,4,2,5,7,7,3,1,2,5,7,1,6,7,3,4
"A3KIDRWRKC7RI5",5,5,2,"short-term",5,5,6,7,6,5,4,6,4,4,3,4,7,6,3,1,2,2,5,6,5,5,1,1,2,5,1,6,6,3,2
"A3KIDRWRKC7RI5",5,5,3,"recurrance",4,7,6,3,5,6,7,6,6,2,2,3,7,5,3,4,5,1,7,5,5,4,3,4,1,5,2,7,7,1,5
"A3KIDRWRKC7RI5",5,5,4,"long-term",4,7,8,7,6,5,6,5,6,1,5,4,6,7,3,5,5,2,4,7,7,7,2,2,4,3,3,6,7,3,6
"A3KIDRWRKC7RI5",5,5,5,"recurrance",3,7,4,3,6,6,1,4,2,4,1,2,7,7,3,1,4,1,5,3,4,2,3,1,4,4,1,4,7,2,6
"A3KIZLHCD945UK",3,3,1,"short-term",4,6,10,7,7,7,7,7,6,1,7,5,7,6,3,5,1,2,7,7,7,4,1,5,3,7,1,7,7,3,6
"A3KIZLHCD945UK",3,3,2,"recurrance",7,7,10,4,6,6,6,7,5,1,7,6,7,4,3,4,1,1,7,7,7,4,2,6,2,7,1,6,7,3,7
"A3KIZLHCD945UK",3,3,3,"short-term",5,1,9,7,7,7,6,7,5,6,6,7,7,7,3,7,4,2,7,7,7,6,1,7,4,7,7,7,7,3,7
"A3KNLR8H286IHT",3,3,1,"short-term",7,7,7,7,3,4,4,6,1,1,7,6,7,6,3,1,1,2,7,7,7,7,6,3,7,7,1,4,7,2,1
"A3KNLR8H286IHT",3,3,2,"recurrance",7,7,8,1,5,5,7,7,7,1,5,4,7,4,3,3,3,2,7,7,7,7,5,7,7,7,5,7,7,2,3
"A3KNLR8H286IHT",3,3,3,"recurrance",2,7,3,1,7,7,5,7,4,1,2,6,7,6,3,7,5,1,5,7,7,7,1,7,7,7,4,4,7,3,1
"A3LL096CAY5WHB",2,2,1,"recurrance",5,6,6,1,7,6,7,6,6,2,6,5,7,7,1,7,2,1,5,6,6,4,2,5,6,5,2,6,6,3,5
"A3LL096CAY5WHB",2,2,2,"recurrance",5,7,6,1,6,5,6,6,6,1,5,5,6,7,1,7,5,1,6,6,6,5,6,6,5,7,5,7,6,3,5
"A3M81P9BEVE1GD",5,5,1,"short-term",6,2,9,2,6,6,6,7,6,6,6,6,5,5,3,6,5,1,6,7,7,5,5,5,6,6,5,6,6,3,5
"A3M81P9BEVE1GD",5,5,2,"recurrance",6,2,10,1,5,6,6,5,7,7,4,5,7,5,2,6,5,2,5,5,5,6,6,7,7,7,7,5,7,3,6
"A3M81P9BEVE1GD",5,5,3,"recurrance",5,2,7,1,6,7,5,6,7,5,7,6,7,6,2,5,6,1,7,5,5,6,4,7,5,7,5,7,4,3,7
"A3M81P9BEVE1GD",5,5,4,"short-term",5,1,6,1,6,7,6,5,5,5,6,7,6,7,3,7,5,2,6,6,6,6,5,6,7,5,6,5,3,4,5
"A3M81P9BEVE1GD",5,5,5,"long-term",7,1,8,3,7,5,5,6,6,7,5,5,5,7,2,5,6,1,5,5,7,5,5,5,5,7,6,4,6,4,7
"A3NKNOE5HIXXL",3,2,1,"short-term",5,7,11,7,7,7,2,7,5,2,3,3,7,7,1,4,5,2,5,7,7,7,1,1,6,6,1,6,6,3,7
"A3NKNOE5HIXXL",3,2,2,"long-term",5,7,8,1,NA,7,7,5,6,2,5,6,7,7,1,7,1,1,6,5,6,7,5,5,4,7,1,7,2,3,4
"A3NKNOE5HIXXL",3,2,3,"long-term",3,7,6,1,7,7,7,5,6,2,5,1,7,7,3,5,2,1,6,7,5,7,1,2,7,7,1,6,6,3,1
"A3NLSGHK6RFXA8",4,4,1,"long-term",6,7,8,7,7,6,7,5,4,1,4,4,6,6,3,6,4,2,6,6,7,7,2,5,6,7,1,7,7,3,4
"A3NLSGHK6RFXA8",4,4,2,"recurrance",6,1,8,1,6,6,7,6,2,1,4,1,7,6,3,4,6,1,5,7,6,7,1,2,6,7,2,6,7,3,3
"A3NLSGHK6RFXA8",4,4,3,"short-term",7,7,9,7,7,7,4,7,1,1,1,6,5,7,3,6,1,2,6,7,6,7,6,1,5,7,1,4,7,3,1
"A3NLSGHK6RFXA8",4,4,4,"long-term",5,7,8,7,7,6,7,6,4,1,4,3,7,7,3,1,1,1,7,6,5,5,4,1,6,7,1,2,7,3,1
"A3NRAEKWOKVUNN",2,2,1,"recurrance",4,6,8,4,3,4,3,6,2,2,3,1,5,3,3,1,2,1,4,4,4,3,2,1,3,7,1,4,6,3,2
"A3NRAEKWOKVUNN",2,2,2,"long-term",3,7,4,7,4,4,3,4,2,1,4,1,4,7,3,3,3,2,4,5,3,4,4,1,3,7,1,5,7,4,1
"A3NXT3OVGL7QNR",1,2,1,"long-term",4,7,10,4,7,7,4,6,3,1,3,7,4,7,1,5,1,1,7,7,7,6,4,4,7,6,1,4,7,3,4
"A3O0ZQMDKOKAMR",2,2,1,"recurrance",5,7,8,6,6,6,7,6,5,3,5,6,6,4,2,7,3,1,6,7,7,6,3,5,5,6,2,6,6,4,6
"A3O0ZQMDKOKAMR",2,2,2,"long-term",6,7,9,6,6,7,6,6,6,2,4,7,6,5,1,7,1,NA,6,7,7,7,5,2,6,6,1,6,6,3,6
"A3OAXRZT3MVJML",3,2,1,"long-term",4,7,8,7,6,6,6,6,6,1,4,NA,6,7,1,1,2,2,4,6,7,6,2,2,2,6,2,4,7,4,2
"A3OAXRZT3MVJML",3,2,2,"short-term",4,7,11,6,5,5,4,6,5,1,4,4,6,4,3,1,4,2,2,4,4,3,2,2,2,4,2,4,4,3,2
"A3OAXRZT3MVJML",3,2,3,"long-term",4,7,8,7,6,6,6,5,7,1,1,NA,7,5,1,1,4,2,6,6,5,5,4,5,1,5,2,6,6,3,3
"A3OLRWACCCCUTU",5,6,1,"short-term",7,7,9,7,6,6,2,7,1,2,7,2,5,4,2,7,1,2,5,7,7,6,2,1,4,7,1,5,7,3,7
"A3OLRWACCCCUTU",5,6,2,"short-term",4,7,7,7,5,4,1,6,3,3,1,1,7,4,1,1,1,2,4,5,4,1,5,1,1,7,1,6,7,3,5
"A3OLRWACCCCUTU",5,6,3,"recurrance",5,7,9,7,5,5,7,7,5,4,5,2,6,5,3,4,1,1,5,7,7,4,4,2,2,7,1,7,7,4,5
"A3OLRWACCCCUTU",5,6,4,"recurrance",5,7,5,3,6,6,7,6,6,4,6,2,7,7,3,2,1,1,4,7,7,5,1,3,4,7,1,7,7,4,3
"A3OLRWACCCCUTU",5,6,5,"short-term",6,7,10,7,7,7,5,7,2,3,7,3,7,3,3,7,1,2,6,7,7,6,6,1,1,7,1,7,7,2,7
"A3OPRR8AXT6OSJ",3,3,1,"recurrance",6,7,10,5,6,6,6,6,4,3,6,4,7,7,3,3,1,1,6,7,7,7,5,3,6,7,1,4,7,2,4
"A3OPRR8AXT6OSJ",3,3,2,"recurrance",5,2,9,6,7,7,7,6,5,1,7,6,6,6,3,4,1,1,7,7,7,7,5,5,7,7,2,5,7,1,4
"A3OPRR8AXT6OSJ",3,3,3,"recurrance",6,7,11,7,6,6,7,7,5,1,7,4,7,4,3,7,1,1,7,7,7,7,5,4,7,7,1,5,7,1,4
"A3OUNEJO97MM8E",3,3,1,"short-term",5,7,10,1,6,6,3,5,6,2,4,6,5,5,1,6,5,2,4,5,6,3,4,2,4,6,4,5,7,2,7
"A3OUNEJO97MM8E",3,3,2,"long-term",7,7,6,7,7,7,6,7,6,5,5,7,5,6,3,7,7,2,6,7,7,7,7,7,7,7,7,7,7,3,7
"A3OUNEJO97MM8E",3,3,3,"short-term",5,7,11,6,6,5,4,6,6,2,3,3,5,4,3,2,6,2,2,5,6,6,7,6,3,7,7,6,7,3,7
"A3PGCZCYMXQMZ8",4,4,1,"recurrance",6,4,10,2,6,6,7,7,7,1,4,2,7,5,1,6,3,1,7,7,7,7,1,4,5,6,1,7,6,3,7
"A3PGCZCYMXQMZ8",4,4,2,"long-term",7,7,10,6,7,7,1,7,5,1,2,4,7,7,1,1,1,2,7,3,3,5,7,1,5,6,1,6,6,3,4
"A3PGCZCYMXQMZ8",4,4,3,"long-term",5,7,9,6,7,7,6,7,7,1,5,2,7,7,1,NA,3,1,7,7,7,7,1,7,7,7,1,7,6,4,4
"A3PGCZCYMXQMZ8",4,4,4,"long-term",6,7,10,7,6,6,1,7,3,1,1,4,3,6,1,NA,7,1,1,7,7,1,2,2,4,5,2,7,4,3,5
"A3PSV85ZUXP9VF",3,3,1,"long-term",6,7,7,4,6,6,3,6,6,1,1,5,5,6,2,4,4,1,4,6,7,5,2,2,1,6,2,5,7,3,4
"A3PSV85ZUXP9VF",3,3,2,"short-term",6,7,9,7,6,7,3,6,7,1,1,3,6,6,3,2,1,2,2,6,6,1,3,1,1,3,1,6,7,3,6
"A3PSV85ZUXP9VF",3,3,3,"short-term",6,7,8,4,7,7,4,6,7,4,4,2,7,6,3,6,1,2,1,6,7,7,1,1,4,6,2,6,6,3,6
"A3QSFE6GKO157S",2,2,1,"recurrance",7,7,9,1,6,6,7,7,5,1,7,2,7,5,2,1,1,1,6,5,6,5,1,1,4,7,1,6,7,4,1
"A3QSFE6GKO157S",2,2,2,"recurrance",6,7,9,2,6,6,7,7,7,1,7,2,7,6,1,1,1,1,7,7,7,6,1,1,4,7,1,7,7,3,1
"A3ROYUO9LWA22S",5,5,1,"short-term",7,7,10,7,7,7,7,7,5,4,7,7,7,2,3,6,7,2,6,7,7,7,3,7,7,7,5,7,7,2,7
"A3ROYUO9LWA22S",5,5,2,"short-term",5,7,11,1,7,7,7,7,7,4,5,7,7,4,3,6,7,1,7,7,7,7,5,7,7,7,5,7,7,3,7
"A3ROYUO9LWA22S",5,5,3,"long-term",6,7,9,7,7,7,7,7,4,1,7,5,7,5,2,4,7,1,7,7,7,7,5,4,7,7,5,7,6,3,6
"A3ROYUO9LWA22S",5,5,4,"short-term",7,7,10,7,7,7,7,6,4,6,7,5,7,6,1,4,7,1,5,7,7,7,7,5,7,7,5,6,6,3,5
"A3ROYUO9LWA22S",5,5,5,"recurrance",3,7,9,7,7,7,7,7,7,1,7,7,7,6,3,7,5,1,7,7,7,7,7,7,7,7,5,7,7,4,7
"A3U2S6OPJNS4AQ",1,1,1,"short-term",1,4,9,4,6,6,6,7,7,1,6,6,5,4,1,5,4,1,6,7,7,6,5,1,6,5,1,5,6,3,4
"A3U4SSUB9ZZ9T0",3,3,1,"long-term",4,7,9,2,6,7,7,6,5,6,4,7,6,7,1,6,5,1,7,7,7,6,1,6,7,7,4,7,7,4,7
"A3U4SSUB9ZZ9T0",3,3,2,"recurrance",6,6,10,6,6,6,6,6,6,2,5,4,7,5,3,5,2,1,6,6,6,6,4,4,5,6,3,7,5,4,4
"A3U4SSUB9ZZ9T0",3,3,3,"recurrance",5,7,10,7,7,6,5,5,5,2,7,7,5,7,NA,7,3,1,6,7,6,7,2,7,6,7,3,6,7,4,7
"A3UUH3632AI3ZX",1,1,1,"short-term",7,7,10,6,7,7,4,7,5,1,4,7,7,6,1,7,1,2,7,7,7,7,4,6,7,7,1,7,7,3,7
"A3VYBAO7UQQHGC",3,3,1,"short-term",5,7,9,4,6,6,7,5,7,1,2,2,7,4,3,2,2,2,4,5,5,5,4,5,4,7,2,4,7,2,2
"A3VYBAO7UQQHGC",3,3,2,"short-term",7,4,10,7,6,7,7,7,4,1,4,3,7,4,3,1,4,1,7,7,7,7,4,4,7,7,1,7,7,3,1
"A3VYBAO7UQQHGC",3,3,3,"short-term",4,4,8,7,7,7,5,5,4,1,1,2,7,7,3,7,1,2,6,6,6,5,6,4,7,7,1,4,7,3,1
"A3VZUPCZB4Q9XW",5,6,1,"recurrance",5,5,10,3,5,5,5,6,2,3,6,3,6,4,2,5,2,1,3,6,5,6,2,2,4,7,2,3,6,4,4
"A3VZUPCZB4Q9XW",5,6,2,"long-term",4,5,6,5,6,5,3,5,2,3,6,2,6,6,3,4,5,2,3,5,4,5,2,3,3,5,2,3,5,4,2
"A3VZUPCZB4Q9XW",5,6,3,"long-term",4,6,8,6,4,4,3,5,2,2,6,3,6,3,3,2,3,2,3,3,4,5,3,5,5,6,2,4,6,3,2
"A3VZUPCZB4Q9XW",5,6,4,"long-term",5,7,4,6,6,4,3,5,6,4,2,5,6,3,3,4,4,2,5,5,5,2,2,5,5,5,4,3,5,4,4
"A3VZUPCZB4Q9XW",5,6,5,"recurrance",4,6,10,1,2,3,2,5,2,3,6,1,6,3,2,4,2,1,2,3,2,3,2,2,3,6,2,3,5,4,2
"A47VCO946DO5K",3,3,1,"short-term",7,7,9,3,6,6,3,7,7,1,4,3,7,5,1,7,3,2,7,7,7,7,5,6,6,7,2,7,5,3,7
"A47VCO946DO5K",3,3,2,"long-term",6,7,8,5,7,7,6,5,3,1,2,2,7,5,1,1,1,2,6,6,5,1,3,1,6,5,1,6,4,3,2
"A47VCO946DO5K",3,3,3,"long-term",6,7,9,7,7,7,3,5,5,1,3,1,6,3,NA,NA,1,2,7,7,7,1,7,2,6,2,1,6,3,3,5
"A49CVVOWN4D6Y",5,4,1,"long-term",3,3,9,7,5,6,7,7,7,3,7,4,7,5,1,1,1,2,5,5,7,7,1,1,4,5,1,7,7,3,2
"A49CVVOWN4D6Y",5,4,2,"long-term",3,4,8,1,7,4,7,7,7,1,7,6,4,6,3,1,2,1,7,7,7,7,2,5,7,7,5,7,7,3,4
"A49CVVOWN4D6Y",5,4,3,"long-term",4,6,11,7,7,5,7,7,7,1,7,4,7,1,3,7,7,2,3,7,7,7,1,7,7,7,7,7,7,3,7
"A49CVVOWN4D6Y",5,4,4,"long-term",4,7,9,7,7,6,7,4,5,1,7,4,7,7,1,4,2,2,7,7,7,7,4,7,7,5,1,7,7,3,1
"A49CVVOWN4D6Y",5,4,5,"short-term",3,7,10,4,6,4,3,7,1,1,4,7,7,5,2,1,1,2,7,7,7,7,7,5,5,7,1,3,7,3,4
"A4BDXOXC4D8FX",3,3,1,"short-term",7,7,11,7,7,7,7,7,6,1,1,7,7,5,NA,7,1,2,1,7,7,7,5,7,1,7,1,7,7,3,7
"A4BDXOXC4D8FX",3,3,2,"short-term",7,7,10,7,7,7,7,7,1,1,1,7,7,4,NA,1,1,2,7,7,7,7,6,1,4,7,1,7,7,3,6
"A4BDXOXC4D8FX",3,3,3,"recurrance",7,7,11,1,7,7,5,7,7,1,1,1,7,3,1,7,1,1,7,7,7,1,1,1,4,7,1,7,7,2,3
"A5A14MTB35J23",5,6,1,"recurrance",7,7,9,5,5,6,7,7,1,2,5,1,6,5,2,4,2,1,5,5,6,5,5,1,2,7,2,5,7,3,4
"A5A14MTB35J23",5,6,2,"recurrance",7,7,8,4,6,6,6,7,2,1,NA,1,6,5,3,4,1,1,4,5,5,4,1,1,1,7,1,5,7,3,5
"A5A14MTB35J23",5,6,3,"short-term",7,4,10,7,5,6,1,5,1,1,1,1,7,4,3,1,1,2,1,1,5,1,5,1,6,7,1,4,7,3,7
"A5A14MTB35J23",5,6,4,"recurrance",5,4,8,1,6,5,1,6,1,NA,1,4,5,4,3,2,1,1,6,6,6,1,7,1,6,7,2,5,6,4,6
"A5A14MTB35J23",5,6,5,"long-term",5,4,8,7,6,6,1,6,4,1,1,7,4,7,3,6,4,2,7,7,6,3,1,3,7,7,4,6,7,4,7
"A5E2P5F1AXYZ1",5,5,1,"recurrance",4,7,8,5,5,6,5,6,4,3,4,6,6,4,3,4,3,1,5,7,7,4,4,5,4,7,2,5,6,4,4
"A5E2P5F1AXYZ1",5,5,2,"recurrance",5,7,9,3,6,6,7,7,7,3,5,6,6,4,3,4,3,1,7,7,7,4,4,6,4,6,3,6,7,3,6
"A5E2P5F1AXYZ1",5,5,3,"long-term",4,7,9,6,6,6,5,5,5,3,3,5,5,4,3,4,3,1,5,7,7,4,2,5,4,7,1,7,6,3,4
"A5E2P5F1AXYZ1",5,5,4,"long-term",4,7,10,6,5,4,5,6,5,3,3,5,6,4,1,4,2,1,5,7,5,3,2,5,6,4,2,7,3,3,4
"A5E2P5F1AXYZ1",5,5,5,"recurrance",5,7,10,7,6,6,7,7,5,2,4,5,6,7,3,6,5,2,7,7,7,4,4,5,6,7,2,7,7,3,4
"A6JUD4NCQCDWG",2,2,1,"long-term",4,7,6,5,7,6,4,6,7,6,3,4,NA,4,3,4,4,2,5,6,7,5,2,2,4,5,2,5,6,2,2
"A6JUD4NCQCDWG",2,2,2,"short-term",6,7,9,6,7,7,6,7,7,3,6,4,6,4,3,2,2,2,3,5,7,1,7,6,4,3,1,7,7,3,NA
"A6R5AQ4D638BH",3,3,1,"long-term",7,7,10,5,7,7,3,7,1,1,1,4,7,6,1,7,3,1,6,7,7,5,7,1,6,6,5,6,6,3,5
"A6R5AQ4D638BH",3,3,2,"short-term",7,7,10,5,7,7,5,7,7,1,4,5,7,4,2,5,1,1,5,6,6,5,6,1,5,7,4,7,7,3,7
"A6R5AQ4D638BH",3,3,3,"short-term",7,7,11,6,7,7,7,7,7,1,4,4,7,3,2,NA,5,1,7,7,7,4,4,4,7,7,5,7,7,3,7
"A770OB1ZAGJ4G",4,4,1,"recurrance",6,7,7,6,7,7,4,7,6,2,3,6,7,7,1,3,5,2,4,7,7,6,1,6,4,7,6,7,7,4,7
"A770OB1ZAGJ4G",4,4,2,"recurrance",6,7,5,1,6,7,6,6,7,4,5,7,7,7,1,4,5,1,5,6,7,6,1,6,5,7,5,6,7,4,6
"A770OB1ZAGJ4G",4,4,3,"recurrance",6,7,7,7,7,7,6,7,7,3,6,7,7,7,1,7,6,1,5,7,7,6,1,6,5,7,6,6,7,4,6
"A770OB1ZAGJ4G",4,4,4,"recurrance",7,7,8,1,7,7,7,7,5,1,7,7,7,7,1,7,7,1,7,7,7,7,3,7,7,7,6,7,7,4,7
"A7P3R1AIA4TVV",3,3,1,"recurrance",3,6,6,3,4,5,5,5,4,1,5,1,6,5,3,2,3,1,4,5,4,5,1,2,4,6,2,5,7,3,1
"A7P3R1AIA4TVV",3,3,2,"long-term",4,7,4,7,7,7,5,5,6,2,5,1,5,7,3,3,4,2,7,7,6,5,1,5,3,7,3,6,7,3,1
"A7P3R1AIA4TVV",3,3,3,"short-term",4,7,8,7,6,6,2,6,3,5,2,1,6,5,2,4,2,2,6,6,5,5,1,3,5,7,2,6,7,2,1
"AADRZTXSE7211",4,3,1,"recurrance",6,7,9,4,5,5,5,7,3,3,3,6,5,7,3,5,7,1,4,7,7,5,1,1,6,7,2,4,7,3,4
"AADRZTXSE7211",4,3,2,"short-term",5,7,8,7,5,5,6,5,5,3,4,4,5,5,3,3,5,2,5,5,6,6,1,4,5,7,3,6,7,3,3
"AADRZTXSE7211",4,3,3,"recurrance",6,7,11,4,5,5,6,6,5,3,4,4,6,4,2,6,5,1,4,6,6,5,2,2,6,7,2,5,6,3,4
"AADRZTXSE7211",4,3,4,"recurrance",5,7,7,1,5,5,4,6,3,3,3,3,7,6,3,4,5,1,6,7,6,5,1,4,6,7,3,4,6,4,4
"AAHZCL4LIPCBQ",3,3,1,"long-term",7,7,11,1,7,7,7,7,7,1,7,7,7,4,1,7,1,1,7,7,7,7,7,1,7,7,7,7,7,1,7
"AAHZCL4LIPCBQ",3,3,2,"recurrance",7,7,11,1,7,7,7,7,7,1,7,7,7,4,1,7,1,1,7,7,7,7,7,1,7,7,7,7,7,3,7
"AAHZCL4LIPCBQ",3,3,3,"recurrance",7,7,9,1,7,7,7,7,7,1,7,7,7,7,3,7,1,1,7,7,7,7,7,1,7,7,7,7,7,3,7
"ABOEYY9Y0PFRI",3,3,1,"recurrance",4,5,7,2,3,3,5,5,4,2,2,1,6,4,1,1,1,1,4,4,4,2,1,1,2,5,1,4,6,2,3
"ABOEYY9Y0PFRI",3,3,2,"recurrance",3,7,6,5,5,5,4,6,5,2,3,2,5,5,3,1,1,1,5,5,5,2,4,2,4,6,1,5,7,2,1
"ABOEYY9Y0PFRI",3,3,3,"recurrance",3,7,6,4,NA,4,2,5,4,4,2,1,5,4,3,NA,1,1,5,4,3,2,5,1,3,6,1,5,7,3,1
"ADJ9I7ZBFYFH7",3,4,1,"short-term",6,7,6,6,6,5,2,7,3,1,7,1,7,6,3,1,1,2,4,4,5,3,7,1,3,7,1,6,7,3,3
"ADJ9I7ZBFYFH7",3,4,2,"short-term",7,7,8,7,5,5,6,7,7,1,6,3,5,4,3,3,4,2,6,7,6,7,2,5,6,7,4,7,7,3,4
"ADJ9I7ZBFYFH7",3,4,3,"recurrance",6,1,7,3,4,4,6,7,6,1,4,1,7,4,2,3,2,1,6,6,5,6,1,5,5,7,4,7,6,NA,2
"ADYMIMV1PE14V",3,2,1,"long-term",7,1,10,7,7,7,7,5,7,1,4,7,7,7,NA,7,5,2,7,7,7,7,1,7,7,7,7,7,7,3,6
"ADYMIMV1PE14V",3,2,2,"recurrance",7,7,9,1,7,6,7,7,7,1,6,4,7,4,3,5,5,1,7,7,7,7,1,7,7,7,7,7,7,2,4
"ADYMIMV1PE14V",3,2,3,"short-term",4,7,10,7,5,7,5,6,5,1,4,7,7,4,2,1,2,2,4,6,4,4,5,2,5,7,1,5,7,2,4
"AF0W4ZBY7VXOU",3,3,1,"recurrance",4,7,8,1,7,7,7,7,4,5,7,7,7,4,3,4,1,1,7,7,7,7,7,7,7,7,6,6,7,4,5
"AF0W4ZBY7VXOU",3,3,2,"short-term",4,7,9,7,6,5,7,7,7,1,7,7,7,7,3,6,4,2,7,7,6,7,6,5,7,5,2,5,7,3,7
"AF0W4ZBY7VXOU",3,3,3,"recurrance",4,7,8,1,7,7,7,7,7,1,7,4,7,4,3,7,1,1,7,7,7,7,7,7,7,7,1,7,7,4,1
"AFMAFX0P2YRRV",1,1,1,"short-term",4,7,11,1,5,6,7,7,4,1,4,3,7,4,NA,4,7,2,1,7,5,4,1,4,4,7,1,4,7,2,5
"AH00EJ6PK1H3A",3,3,1,"short-term",6,7,10,5,6,6,7,7,5,1,1,4,7,4,3,1,1,2,6,7,7,4,3,4,7,7,1,5,6,3,1
"AH00EJ6PK1H3A",3,3,2,"recurrance",7,7,6,2,4,4,2,7,4,1,4,1,7,2,2,1,1,1,4,6,4,4,4,1,4,7,1,4,7,2,1
"AH00EJ6PK1H3A",3,3,3,"recurrance",7,7,5,3,6,6,3,6,3,1,4,4,7,4,1,4,1,1,5,6,7,2,6,1,5,7,1,4,5,2,1
"AHGDYNKOKJWFJ",3,2,1,"short-term",5,7,7,7,5,6,6,5,7,2,2,4,6,5,3,5,2,2,6,5,6,5,2,5,2,7,2,6,6,4,6
"AHGDYNKOKJWFJ",3,2,2,"short-term",6,7,9,7,4,4,4,6,5,2,2,5,5,5,1,3,2,2,5,5,6,4,2,3,5,4,2,6,5,3,4
"AHGDYNKOKJWFJ",3,2,3,"short-term",6,6,10,5,5,5,3,5,7,2,3,4,6,3,1,2,2,1,3,6,4,3,2,2,2,4,3,5,6,3,2
"AHKRGPN5D3I2G",5,4,1,"recurrance",7,7,10,7,7,6,5,7,1,1,7,4,7,7,1,6,1,1,7,7,7,7,7,1,7,7,1,5,7,3,1
"AHKRGPN5D3I2G",5,4,2,"short-term",5,7,11,7,7,7,6,7,4,1,7,7,7,7,3,7,1,2,7,7,7,7,7,1,7,7,1,7,7,2,2
"AHKRGPN5D3I2G",5,4,3,"long-term",7,7,10,7,7,6,5,7,6,1,7,7,7,7,3,7,7,NA,7,7,7,7,7,7,7,7,7,7,7,3,4
"AHKRGPN5D3I2G",5,4,4,"recurrance",7,7,11,7,7,6,6,7,7,1,7,5,7,7,1,7,6,1,7,7,7,7,7,7,7,7,7,7,7,4,7
"AHKRGPN5D3I2G",5,4,5,"long-term",7,7,12,7,7,7,7,7,1,1,7,6,7,7,3,7,7,2,7,7,7,7,7,7,7,7,7,7,7,3,1
"AHYTT3T8W9Y9Y",1,1,1,"recurrance",6,7,8,2,6,6,7,6,7,1,2,3,7,6,1,6,2,1,7,6,6,3,3,5,3,7,2,6,7,3,4
"AIA7RZSAONU5M",3,3,1,"recurrance",3,7,6,1,6,6,6,3,7,2,6,1,6,7,3,4,5,1,5,5,5,6,2,3,3,4,3,7,3,1,5
"AIA7RZSAONU5M",3,3,2,"recurrance",3,7,2,1,6,6,6,3,7,1,6,1,7,7,3,6,5,1,5,5,6,6,2,4,4,7,3,7,6,2,5
"AIA7RZSAONU5M",3,3,3,"recurrance",2,7,3,1,7,6,7,7,2,1,6,1,7,7,3,6,4,1,6,7,7,7,2,5,4,7,5,6,7,1,7
"AIHHRINW9IN1I",3,3,1,"short-term",5,5,9,7,6,6,5,7,5,1,1,4,5,4,3,1,4,2,4,7,7,3,1,5,4,7,1,4,7,3,1
"AIHHRINW9IN1I",3,3,2,"short-term",6,7,8,7,6,6,7,7,6,1,1,3,6,4,3,3,NA,2,5,7,6,1,1,5,4,7,2,4,7,3,4
"AIHHRINW9IN1I",3,3,3,"short-term",4,7,11,7,5,5,6,6,5,1,3,2,7,4,3,3,3,1,5,7,7,6,1,4,4,5,3,7,5,2,4
"AIHUIAQ4922K3",2,2,1,"recurrance",6,6,9,2,5,5,6,5,5,2,6,5,7,4,1,3,2,1,6,6,5,4,5,2,4,6,2,6,6,3,6
"AIHUIAQ4922K3",2,2,2,"recurrance",6,1,2,1,6,6,6,6,5,1,2,6,7,6,1,3,1,1,6,6,6,4,2,3,3,6,2,5,6,4,5
"AJ4T7PTRYNSUW",3,3,1,"long-term",4,3,6,7,7,7,7,7,3,3,3,5,7,7,3,3,7,2,7,7,4,7,1,7,5,7,7,5,7,4,7
"AJ4T7PTRYNSUW",3,3,2,"long-term",2,5,7,7,7,7,7,7,7,3,5,5,5,5,3,6,3,2,4,7,6,7,1,3,4,3,3,7,7,3,4
"AJ4T7PTRYNSUW",3,3,3,"long-term",3,7,7,5,5,5,5,7,5,1,1,3,7,5,1,3,1,2,5,5,4,2,5,1,3,7,3,6,7,3,1
"AJ9O2ZA0E8UDZ",3,3,1,"recurrance",6,7,8,7,7,3,6,5,5,2,5,7,7,6,2,4,7,1,5,5,7,4,5,1,5,4,1,4,5,3,1
"AJ9O2ZA0E8UDZ",3,3,2,"recurrance",4,7,6,1,6,5,7,6,7,2,5,4,7,7,1,4,5,1,5,5,5,7,4,5,5,4,5,4,5,3,1
"AJ9O2ZA0E8UDZ",3,3,3,"short-term",4,7,6,7,7,7,5,5,7,7,5,7,5,7,3,NA,7,1,5,7,7,4,5,5,6,5,7,7,7,3,7
"AJDHPRCJ985C7",5,4,1,"recurrance",7,6,9,1,6,6,7,7,6,3,3,NA,6,4,3,3,1,1,2,6,6,3,6,1,2,7,1,4,7,4,4
"AJDHPRCJ985C7",5,4,2,"recurrance",6,5,5,2,5,5,7,7,4,1,6,2,7,5,2,7,6,1,1,4,5,6,1,5,2,7,6,4,7,3,7
"AJDHPRCJ985C7",5,4,3,"short-term",3,7,8,7,7,7,1,5,3,3,2,4,7,6,3,7,4,2,6,6,7,4,6,2,4,7,2,NA,7,3,4
"AJDHPRCJ985C7",5,4,4,"recurrance",5,7,9,2,6,6,1,7,3,3,1,1,7,4,3,2,1,1,7,7,5,3,7,1,6,7,2,2,3,4,7
"AJDHPRCJ985C7",5,4,5,"long-term",3,6,7,2,6,5,1,6,1,5,4,3,6,7,1,2,3,1,5,3,5,2,5,3,3,7,2,1,3,4,5
"AJMWITY1XT7H7",4,2,1,"recurrance",7,7,7,6,5,5,7,7,6,4,6,1,7,4,3,4,3,1,2,7,7,4,1,6,4,7,1,7,7,4,7
"AJMWITY1XT7H7",4,2,2,"recurrance",5,7,8,7,6,6,7,7,5,1,6,1,7,4,3,1,1,1,4,5,4,4,1,2,4,7,1,5,7,4,4
"AJMWITY1XT7H7",4,2,3,"short-term",4,7,9,7,6,7,1,6,7,1,6,2,7,4,3,1,1,2,7,6,7,4,1,7,1,7,1,6,7,3,4
"AJMWITY1XT7H7",4,2,4,"recurrance",4,7,9,1,6,6,7,7,7,4,5,2,7,4,2,4,1,1,5,7,7,4,1,7,1,7,1,7,2,4,7
"AJQ71YIGY01HZ",2,2,1,"long-term",6,7,11,7,6,6,6,6,6,1,1,4,6,4,3,3,1,2,6,5,6,6,3,6,6,6,1,6,6,3,6
"AJQ71YIGY01HZ",2,2,2,"long-term",5,7,2,7,7,7,7,6,7,1,3,7,6,6,3,7,1,2,7,7,7,7,3,1,6,7,1,7,6,4,6
"AKMOBFEEKW378",5,3,1,"recurrance",5,7,9,6,6,5,7,7,5,1,4,1,7,4,3,4,1,1,7,7,7,7,2,3,4,7,1,7,7,4,4
"AKMOBFEEKW378",5,3,2,"recurrance",4,7,8,5,7,7,7,7,6,4,4,1,7,6,3,4,1,1,7,7,7,5,5,5,4,7,5,7,7,4,4
"AKMOBFEEKW378",5,3,3,"recurrance",3,7,5,4,7,7,5,7,4,5,7,1,7,7,3,4,1,1,7,7,7,4,7,6,7,7,1,4,7,4,2
"AKMOBFEEKW378",5,3,4,"long-term",3,7,9,7,7,5,5,5,7,4,2,4,7,4,3,4,6,2,6,7,7,7,1,7,3,7,1,7,7,3,1
"AKMOBFEEKW378",5,3,5,"long-term",3,7,6,7,7,5,5,6,4,3,4,7,7,6,3,5,1,2,4,7,7,4,2,6,3,7,1,7,7,3,4
"AKX5RHHO8BIUX",5,5,1,"short-term",5,7,10,7,6,6,6,7,5,3,4,2,7,3,3,2,5,2,5,7,5,6,5,7,5,7,1,7,7,3,4
"AKX5RHHO8BIUX",5,5,2,"recurrance",7,5,8,1,7,7,6,6,1,5,5,7,7,7,1,7,7,1,7,7,7,3,2,7,7,5,5,7,6,4,7
"AKX5RHHO8BIUX",5,5,3,"short-term",4,6,10,7,6,5,5,7,3,2,3,3,6,2,3,2,7,2,4,5,5,4,2,6,3,7,1,6,7,3,2
"AKX5RHHO8BIUX",5,5,4,"short-term",5,6,9,3,6,6,3,5,4,3,5,2,7,6,3,3,5,2,5,6,6,5,2,6,5,5,5,6,6,3,5
"AKX5RHHO8BIUX",5,5,5,"short-term",5,6,10,1,6,6,3,5,5,2,4,1,7,3,1,4,5,2,3,6,5,4,5,6,6,6,3,6,6,2,5
"AL7UTA8J27TFK",4,3,1,"recurrance",7,7,10,1,7,7,7,7,5,1,7,6,7,7,3,7,6,2,7,7,7,7,1,3,5,7,4,6,7,3,7
"AL7UTA8J27TFK",4,3,2,"long-term",7,7,10,5,6,6,5,7,6,1,5,5,7,4,3,1,1,1,6,5,7,6,6,1,7,7,1,6,7,3,7
"AL7UTA8J27TFK",4,3,3,"short-term",7,7,11,7,7,6,7,7,4,1,3,5,7,3,3,4,1,2,6,7,7,4,7,1,6,7,1,7,7,3,7
"AL7UTA8J27TFK",4,3,4,"long-term",5,7,9,1,7,7,7,6,7,2,7,2,7,7,3,7,7,1,6,7,7,7,1,5,4,7,4,7,6,3,7
"ALAOEYIYW0CW7",5,5,1,"long-term",2,2,10,3,7,7,6,5,6,4,7,NA,7,6,1,6,7,1,7,7,7,7,3,7,7,5,5,7,5,4,1
"ALAOEYIYW0CW7",5,5,2,"recurrance",7,6,11,3,7,6,7,7,7,6,6,7,7,3,3,7,5,1,7,7,7,6,4,6,7,7,6,7,7,4,7
"ALAOEYIYW0CW7",5,5,3,"recurrance",4,7,11,5,7,7,7,6,4,6,7,7,7,5,2,NA,1,1,7,7,7,7,6,7,7,4,7,7,7,4,1
"ALAOEYIYW0CW7",5,5,4,"long-term",2,4,11,1,7,7,5,7,6,1,3,2,7,4,1,NA,6,1,7,7,7,5,6,7,7,4,4,6,6,3,4
"ALAOEYIYW0CW7",5,5,5,"recurrance",4,4,12,2,7,7,7,6,7,3,7,7,7,6,3,NA,7,1,7,7,7,7,4,7,7,7,6,5,7,4,5
"ALDQRWYZ8KQ9A",3,3,1,"long-term",7,7,2,7,7,4,5,7,7,3,2,5,7,7,3,2,1,2,7,5,6,3,1,6,4,7,2,6,7,3,1
"ALDQRWYZ8KQ9A",3,3,2,"recurrance",6,7,9,1,5,5,7,7,3,5,1,3,5,5,2,2,2,1,4,7,7,2,1,6,6,7,2,5,6,3,3
"ALDQRWYZ8KQ9A",3,3,3,"recurrance",7,7,6,3,6,4,2,6,5,3,2,2,7,5,3,2,2,1,2,6,6,1,1,6,4,7,4,6,7,3,5
"AM0QVBV8L6QCJ",2,2,1,"long-term",6,7,7,7,7,5,7,7,6,1,1,2,7,6,3,4,1,2,4,7,7,6,2,3,4,7,2,7,7,3,7
"AM0QVBV8L6QCJ",2,2,2,"long-term",6,7,6,7,7,7,7,7,1,1,1,6,5,7,3,7,1,2,7,7,7,4,1,2,7,6,1,7,7,4,4
"AMA18W8F60Y2J",1,3,1,"short-term",4,7,6,7,5,5,3,5,7,3,4,2,5,4,3,5,1,1,4,7,6,5,1,1,4,7,1,5,7,3,4
"AMTTB8JUWRRM7",2,2,1,"long-term",6,7,6,7,6,6,5,7,7,1,1,4,5,7,3,1,1,2,7,7,7,4,1,2,7,7,1,4,7,3,2
"AMTTB8JUWRRM7",2,2,2,"recurrance",4,2,8,NA,6,6,6,4,7,1,1,1,4,4,2,1,1,1,7,7,7,1,1,1,7,7,1,7,5,4,1
"ANZNAAS2K0DSY",3,2,1,"short-term",6,7,10,1,6,6,7,7,5,1,5,5,6,4,3,6,3,1,7,7,7,7,2,3,6,7,1,7,6,3,4
"ANZNAAS2K0DSY",3,2,2,"short-term",3,7,10,7,5,3,7,4,6,1,1,2,3,4,3,6,7,2,3,7,7,4,1,7,6,5,1,6,7,3,5
"ANZNAAS2K0DSY",3,2,3,"short-term",7,7,11,7,4,4,2,7,3,1,1,1,7,1,3,1,1,2,4,2,3,1,7,1,5,7,1,4,7,2,2
"AOS2PVHT2HYTL",3,5,1,"short-term",7,7,9,1,7,7,7,7,7,1,1,4,7,4,NA,2,4,2,7,7,7,1,3,5,4,7,4,7,7,3,7
"AOS2PVHT2HYTL",3,5,2,"short-term",7,7,11,7,7,7,7,7,1,1,1,7,7,4,3,6,4,2,5,7,7,1,6,1,5,6,1,7,7,3,7
"AOS2PVHT2HYTL",3,5,3,"short-term",7,7,9,3,7,7,6,7,7,1,3,6,7,3,3,1,4,1,4,7,7,4,1,1,4,7,1,7,7,3,7
"APY7YO8CH0ZDP",3,3,1,"recurrance",4,7,8,3,7,7,6,5,7,1,6,7,7,7,3,3,5,1,5,7,7,6,1,4,4,4,1,6,7,3,6
"APY7YO8CH0ZDP",3,3,2,"recurrance",4,7,9,1,6,6,7,7,5,1,7,7,7,4,2,4,1,1,7,7,7,4,4,2,3,4,1,4,7,4,4
"APY7YO8CH0ZDP",3,3,3,"recurrance",4,5,6,1,6,5,6,4,4,2,4,6,7,4,2,7,1,1,7,7,7,3,1,1,6,5,1,4,5,4,2
"AQAXDL1INQC9Q",3,3,1,"recurrance",6,7,7,3,6,6,3,7,5,3,1,4,6,5,3,3,2,1,7,5,7,2,3,3,5,7,1,6,7,4,3
"AQAXDL1INQC9Q",3,3,2,"recurrance",4,7,6,1,6,5,5,7,3,4,1,3,6,5,3,2,2,1,3,5,7,6,2,2,5,7,1,5,7,NA,3
"AQAXDL1INQC9Q",3,3,3,"recurrance",7,7,8,1,5,6,1,6,2,4,1,4,3,5,3,7,5,1,3,6,7,2,2,5,5,6,3,7,7,4,5
"AQMLJYUQCSG22",3,3,1,"recurrance",4,7,9,6,5,6,7,6,7,1,1,4,7,4,3,1,1,2,6,4,5,2,3,4,5,7,3,7,6,2,3
"AQMLJYUQCSG22",3,3,2,"long-term",2,7,6,7,6,4,3,6,7,2,1,3,7,5,2,2,1,2,5,3,5,1,7,1,3,6,1,6,5,3,6
"AQMLJYUQCSG22",3,3,3,"short-term",7,7,10,7,4,2,5,7,5,3,2,2,7,1,3,1,1,2,4,3,3,3,5,1,5,7,1,5,5,2,5
"ARQR5NIFA1AJ",3,3,1,"long-term",4,7,7,6,5,6,7,5,7,3,4,3,7,4,2,6,2,1,5,6,6,3,2,2,6,6,2,6,5,3,2
"ARQR5NIFA1AJ",3,3,2,"recurrance",6,7,9,2,6,7,4,5,6,2,5,6,3,3,1,7,5,2,6,5,6,5,6,5,6,3,6,6,4,3,7
"ARQR5NIFA1AJ",3,3,3,"short-term",6,5,11,7,5,4,4,5,4,1,3,3,3,3,3,2,3,2,3,6,4,5,2,1,2,7,4,6,7,3,6
"AS2MFSWNC5CQI",4,4,1,"long-term",7,7,11,4,7,7,7,7,2,3,5,7,7,7,3,1,1,2,7,7,7,7,1,1,4,7,1,7,7,4,7
"AS2MFSWNC5CQI",4,4,2,"long-term",7,7,11,7,7,6,7,7,7,4,5,6,7,4,3,7,1,2,7,7,7,7,1,7,7,7,1,7,7,4,7
"AS2MFSWNC5CQI",4,4,3,"long-term",4,7,9,7,5,3,4,7,4,3,1,1,7,3,1,7,1,1,4,5,4,1,7,4,4,4,1,5,7,3,7
"AS2MFSWNC5CQI",4,4,4,"long-term",5,7,2,1,5,5,7,6,7,1,1,4,7,5,1,4,1,1,4,3,4,3,1,4,3,3,1,4,7,3,3
"AS6FM754MF2B2",4,3,1,"recurrance",3,5,10,1,6,7,7,6,6,5,7,4,7,5,3,2,1,1,7,7,7,4,5,6,6,7,2,7,7,3,4
"AS6FM754MF2B2",4,3,2,"recurrance",3,7,10,3,6,6,7,7,7,1,7,5,7,4,1,3,4,1,7,7,7,6,3,7,6,5,4,7,4,3,5
"AS6FM754MF2B2",4,3,3,"long-term",3,7,7,7,7,6,5,6,5,5,5,4,4,6,1,4,3,1,5,7,7,7,2,3,4,7,4,7,6,4,2
"AS6FM754MF2B2",4,3,4,"short-term",3,7,6,7,5,6,5,6,7,5,2,1,4,4,1,4,1,2,5,4,4,4,7,3,4,7,2,6,6,3,4
"ASY5W2HJPIPF4",2,3,1,"short-term",6,7,10,7,6,5,1,7,2,1,2,5,7,5,3,2,1,2,3,3,4,1,7,1,1,7,1,2,7,2,5
"ASY5W2HJPIPF4",2,3,2,"short-term",4,7,6,5,6,6,7,4,7,1,3,6,6,4,3,7,6,1,6,7,6,2,1,6,3,7,4,7,7,3,7
"AT6LDQNLKTUSE",2,2,1,"short-term",7,7,10,7,7,6,5,7,5,2,5,5,5,5,3,4,4,2,6,7,7,6,4,5,6,7,4,7,7,3,7
"AT6LDQNLKTUSE",2,2,2,"long-term",5,7,7,2,6,6,5,7,5,4,3,3,7,6,1,5,4,1,5,7,6,6,1,6,6,7,5,7,3,3,6
"AU34T9OMHN4Z4",3,6,1,"recurrance",4,7,9,1,7,7,7,5,1,1,1,NA,7,5,NA,3,1,1,7,7,7,5,1,7,4,7,1,7,7,3,3
"AU34T9OMHN4Z4",3,6,2,"recurrance",7,7,8,3,7,7,7,7,7,1,7,4,7,4,2,3,1,1,7,7,7,7,1,4,3,4,1,7,7,3,7
"AU34T9OMHN4Z4",3,6,3,"long-term",7,7,8,4,7,7,7,7,7,1,7,3,7,7,NA,7,1,1,7,7,7,7,1,7,4,7,5,7,1,3,7
"AUQTHU5AOZVQC",5,15,1,"short-term",7,6,11,6,7,7,7,7,7,2,3,5,7,5,3,4,5,2,7,7,7,7,4,7,6,7,2,7,7,3,7
"AUQTHU5AOZVQC",5,15,2,"short-term",7,7,11,7,7,7,3,7,3,4,6,7,7,4,3,3,7,2,7,7,7,7,5,7,7,7,1,5,7,2,7
"AUQTHU5AOZVQC",5,15,3,"short-term",4,7,7,7,7,7,7,6,6,1,7,6,7,7,2,7,4,1,7,7,7,7,4,7,6,7,3,7,7,3,7
"AUQTHU5AOZVQC",5,15,4,"short-term",6,7,9,7,7,7,6,5,4,3,7,5,6,3,1,7,3,1,7,7,7,7,2,7,7,7,1,7,6,3,6
"AUQTHU5AOZVQC",5,15,5,"recurrance",7,7,10,1,7,7,7,7,7,2,6,4,6,4,3,7,6,1,7,7,7,7,4,7,7,7,2,7,7,4,3
"AVKMFV9CZ0MLR",5,5,1,"recurrance",7,7,11,1,7,7,7,7,1,1,7,7,7,4,2,7,7,1,7,7,7,7,1,7,7,7,4,7,7,2,7
"AVKMFV9CZ0MLR",5,5,2,"recurrance",7,7,11,1,7,7,7,7,1,1,7,7,7,7,2,4,7,1,7,7,7,7,1,7,7,7,1,7,7,3,4
"AVKMFV9CZ0MLR",5,5,3,"recurrance",7,7,11,1,7,7,7,7,1,7,7,7,7,4,2,7,7,1,7,7,7,7,7,7,7,7,1,7,7,3,1
"AVKMFV9CZ0MLR",5,5,4,"recurrance",7,7,11,1,7,7,7,7,1,1,7,7,7,7,2,4,7,1,7,7,7,7,1,7,7,7,4,4,7,3,1
"AVKMFV9CZ0MLR",5,5,5,"recurrance",7,7,12,1,7,7,7,7,1,1,7,7,7,4,2,7,7,1,7,7,7,7,4,7,7,7,4,7,7,3,1
"AWTGJ45ZWUCHH",5,3,1,"short-term",7,7,11,1,7,7,7,7,7,1,1,7,7,4,NA,7,4,NA,7,7,7,7,7,4,7,4,1,7,7,3,4
"AWTGJ45ZWUCHH",5,3,2,"short-term",4,4,11,7,4,6,4,7,4,1,1,1,7,1,NA,1,7,NA,1,7,4,7,4,1,1,7,1,7,7,3,1
"AWTGJ45ZWUCHH",5,3,3,"long-term",7,7,11,1,7,7,7,7,7,1,4,4,7,4,NA,7,7,2,7,7,7,7,7,7,7,7,4,7,7,3,1
"AWTGJ45ZWUCHH",5,3,4,"short-term",7,4,11,4,7,7,7,6,1,1,2,6,7,4,NA,7,7,2,4,7,7,1,7,7,7,7,1,6,7,2,4
"AWTGJ45ZWUCHH",5,3,5,"short-term",4,7,12,7,7,7,4,7,4,1,4,4,7,7,NA,7,1,2,4,7,4,4,7,4,4,6,1,4,4,2,1
"AWVLT2L5AP873",3,3,1,"recurrance",4,7,10,1,5,6,5,7,2,1,4,2,7,5,3,5,5,1,2,6,6,4,1,2,5,7,6,4,7,3,7
"AWVLT2L5AP873",3,3,2,"recurrance",7,7,11,1,7,7,7,7,1,5,1,NA,7,4,2,5,6,1,4,7,7,6,6,5,1,7,1,1,6,4,3
"AWVLT2L5AP873",3,3,3,"recurrance",3,7,8,1,5,4,7,6,5,5,4,4,7,4,2,4,7,1,5,7,6,5,3,7,3,7,2,4,7,4,2
"AXF0OX50YZQC6",5,6,1,"recurrance",7,1,10,1,5,5,7,7,7,1,7,1,7,4,2,4,1,1,7,4,7,7,1,5,4,7,1,7,7,NA,7
"AXF0OX50YZQC6",5,6,2,"short-term",7,7,7,6,7,7,6,7,7,1,7,7,7,7,3,7,1,2,7,7,7,7,1,1,7,7,1,7,7,3,4
"AXF0OX50YZQC6",5,6,3,"long-term",7,7,7,1,6,6,7,7,7,1,7,1,7,4,2,7,1,1,7,7,7,7,7,1,7,4,1,7,7,3,7
"AXF0OX50YZQC6",5,6,4,"long-term",7,7,10,7,6,6,7,7,7,1,5,5,7,4,3,7,1,2,7,7,7,7,5,5,7,7,1,7,7,3,7
"AXF0OX50YZQC6",5,6,5,"recurrance",7,7,10,1,5,5,7,7,7,1,7,1,7,4,2,7,1,1,7,7,7,7,1,1,7,7,1,7,7,NA,1
"AY4E4CDN0J6JL",4,4,1,"short-term",4,7,8,7,6,6,1,7,1,2,1,5,7,7,3,5,1,2,7,7,7,7,5,1,4,7,5,7,7,3,7
"AY4E4CDN0J6JL",4,4,2,"recurrance",6,7,4,7,5,6,7,7,7,1,1,2,7,4,3,2,1,1,7,7,5,4,1,5,5,7,5,7,7,3,3
"AY4E4CDN0J6JL",4,4,3,"short-term",4,7,4,7,6,5,3,5,7,2,1,2,5,7,3,7,5,2,5,7,4,3,1,7,5,7,6,7,7,2,7
"AY4E4CDN0J6JL",4,4,4,"short-term",7,7,10,7,5,6,4,7,7,1,1,1,3,3,3,3,5,2,3,6,4,3,6,1,5,7,1,7,6,3,7
"AY5QPUSEADPBG",2,2,1,"short-term",5,7,9,7,7,7,7,7,1,4,4,7,7,4,3,1,1,2,7,7,7,4,7,1,7,7,1,4,7,3,4
"AY5QPUSEADPBG",2,2,2,"recurrance",3,7,6,1,7,7,7,5,7,5,4,7,7,7,1,3,1,1,7,7,7,4,7,7,7,7,1,7,6,4,7
"AYA1LRB27KSR1",5,7,1,"short-term",7,7,9,7,7,7,7,7,5,1,4,7,3,6,1,7,1,2,7,7,7,7,2,1,7,7,7,7,4,3,7
"AYA1LRB27KSR1",5,7,2,"recurrance",7,7,7,1,7,7,7,7,3,1,5,7,7,7,3,7,1,1,7,7,7,7,1,1,7,7,7,7,7,4,7
"AYA1LRB27KSR1",5,7,3,"recurrance",7,7,8,1,7,7,7,7,6,2,4,7,7,7,3,7,1,1,7,7,7,7,1,1,7,7,7,7,7,3,7
"AYA1LRB27KSR1",5,7,4,"recurrance",4,7,6,1,6,6,7,7,6,1,7,7,7,7,1,7,7,1,7,7,7,7,1,7,7,7,7,7,4,4,7
"AYA1LRB27KSR1",5,7,5,"recurrance",7,7,8,1,6,6,7,7,5,1,7,7,7,7,3,7,6,1,7,7,7,7,7,1,7,7,7,7,7,4,7
"AYNDATHZBJZ6E",3,3,1,"recurrance",7,7,7,5,7,7,6,6,1,2,3,6,NA,4,2,7,2,1,7,7,7,7,6,5,7,7,2,7,4,NA,7
"AYNDATHZBJZ6E",3,3,2,"long-term",5,6,6,4,6,7,7,6,7,2,4,2,7,6,3,7,7,1,7,7,7,7,4,5,7,7,4,7,5,NA,7
"AYNDATHZBJZ6E",3,3,3,"recurrance",5,7,8,3,7,7,7,5,7,3,4,2,7,6,2,7,7,1,7,7,7,5,1,7,7,4,4,7,2,NA,7
"AYPOAY43REHC8",5,5,1,"long-term",7,7,6,1,7,7,7,7,7,1,4,7,7,4,3,7,7,2,7,7,7,7,4,7,7,7,1,7,7,3,7
"AYPOAY43REHC8",5,5,2,"short-term",7,7,11,1,7,7,7,7,7,1,7,7,7,4,3,7,7,1,7,7,7,7,7,7,7,7,1,7,7,4,4
"AYPOAY43REHC8",5,5,3,"recurrance",4,1,11,1,4,6,7,7,7,1,4,7,7,7,NA,NA,1,1,7,7,7,7,1,7,7,1,1,7,1,NA,4
"AYPOAY43REHC8",5,5,4,"recurrance",7,7,11,1,7,6,4,7,7,1,4,6,7,1,3,NA,1,1,7,7,7,7,7,4,7,2,1,4,7,NA,7
"AYPOAY43REHC8",5,5,5,"recurrance",7,7,12,1,7,7,7,7,7,1,4,4,7,1,3,NA,1,1,7,7,7,7,4,4,7,1,1,4,7,4,1
