"MTurkCode","goal","goalType","Value","Clarity","External","Consensus"
"A10LHWALI4BZPC",1,"recurrance",5.5,6.28571428571429,2.8,3
"A10LHWALI4BZPC",2,"short-term",3,5.42857142857143,2.2,2.25
"A10LHWALI4BZPC",3,"long-term",4.7,4,2.2,1.75
"A10LHWALI4BZPC",4,"recurrance",6.3,6.42857142857143,3.4,1.25
"A110BZSDZN7E16",1,"short-term",5.6,5.57142857142857,3.4,2.25
"A110BZSDZN7E16",2,"short-term",5,5.57142857142857,3.6,3.25
"A110BZSDZN7E16",3,"long-term",6,5.71428571428571,2.4,4.5
"A11F3MA5FWH6SJ",1,"recurrance",6.4,5.71428571428571,4,4.25
"A11F3MA5FWH6SJ",2,"recurrance",5.6,6,3,4
"A11F3MA5FWH6SJ",3,"short-term",5.3,4.57142857142857,3.2,1.75
"A11ILN5YSUDVG8",1,"recurrance",5.8,5.57142857142857,4.6,3
"A11ILN5YSUDVG8",2,"recurrance",5.7,5.42857142857143,4.2,2.25
"A11ILN5YSUDVG8",3,"long-term",6.2,4.57142857142857,4.6,2.75
"A121T4P5NKCHCS",1,"short-term",5.9,6,5.2,3.25
"A121T4P5NKCHCS",2,"short-term",5.7,5.28571428571429,3.2,2.75
"A121T4P5NKCHCS",3,"short-term",5.3,5.28571428571429,4.2,3
"A12JKSH2NE5W9N",1,"recurrance",6.4,5.42857142857143,5.2,4
"A12JKSH2NE5W9N",2,"long-term",5.9,5.14285714285714,4.8,2.75
"A132GRVDGXPJGY",1,"short-term",5.2,5.57142857142857,4.2,3.25
"A132GRVDGXPJGY",2,"short-term",6.1,4.28571428571429,4.2,4
"A132GRVDGXPJGY",3,"short-term",6.3,5.57142857142857,4,2
"A13FUEPWBCLBUY",1,"recurrance",5.9,6.28571428571429,3,3.25
"A13FUEPWBCLBUY",2,"recurrance",6,6.28571428571429,2.6,4.5
"A13O22EMG5ZVN0",1,"recurrance",4.6,3.57142857142857,4,2.25
"A13O22EMG5ZVN0",2,"recurrance",4.2,3,5,3.5
"A13O22EMG5ZVN0",3,"recurrance",4.2,3.14285714285714,4,2
"A13WTEQ06V3B6D",1,"recurrance",5.9,5.71428571428571,5.4,5
"A13WTEQ06V3B6D",2,"recurrance",6.3,4.42857142857143,6,4.75
"A13WTEQ06V3B6D",3,"short-term",4.4,5.57142857142857,2.2,1.25
"A1561P9VVA3C1C",1,"recurrance",5.2,4.71428571428571,2.6,3.5
"A1561P9VVA3C1C",2,"short-term",4,5,3.6,2.25
"A1561P9VVA3C1C",3,"long-term",5.6,3.57142857142857,4.2,4
"A15VI0QFR2YO50",1,"short-term",6.5,6,5.8,3.5
"A15VI0QFR2YO50",2,"short-term",6.4,6,3.4,4.25
"A160L76BFKQQ1Q",1,"recurrance",6.5,5.28571428571429,1.8,3
"A160L76BFKQQ1Q",2,"short-term",4.1,5,1.6,1.75
"A160L76BFKQQ1Q",3,"recurrance",6.9,4.71428571428571,NA,3.5
"A169WH54HMYS5Z",1,"recurrance",6.1,5.85714285714286,3.4,4.25
"A169WH54HMYS5Z",2,"recurrance",5.1,4.28571428571429,1.8,1
"A169WH54HMYS5Z",3,"recurrance",6.1,5.42857142857143,NA,4.25
"A16Z9FSSF1X74O",1,"recurrance",NA,6,5,5
"A16Z9FSSF1X74O",2,"long-term",5,4.85714285714286,1.8,4
"A16Z9FSSF1X74O",3,"short-term",5,5,1,1.25
"A16Z9FSSF1X74O",4,"recurrance",2.7,5.42857142857143,1.6,1
"A16Z9FSSF1X74O",5,"recurrance",4.8,5.28571428571429,5.4,2.5
"A1720HSKGQ41VJ",1,"short-term",5,4.57142857142857,4.2,3.75
"A1720HSKGQ41VJ",2,"short-term",5.3,4.85714285714286,2.4,3.5
"A1720HSKGQ41VJ",3,"long-term",3.7,4.85714285714286,5.8,3.5
"A1720HSKGQ41VJ",4,"recurrance",5.7,5.57142857142857,4,3.5
"A17KN7NAP48L4B",1,"short-term",5,5.71428571428571,3,3.75
"A17KN7NAP48L4B",2,"recurrance",4.6,5.57142857142857,2.8,3.75
"A17KN7NAP48L4B",3,"recurrance",5.1,5.28571428571429,2.2,4.25
"A18JNQE5GZQIX5",1,"recurrance",4.9,5.85714285714286,2.6,2.25
"A18JNQE5GZQIX5",2,"recurrance",4.7,4.85714285714286,3.4,3
"A18JNQE5GZQIX5",3,"long-term",5.3,5.71428571428571,2.8,1.5
"A18SXC3JEN1O0U",1,"recurrance",4.3,5.71428571428571,1.6,5
"A18SXC3JEN1O0U",2,"recurrance",4.8,4,2.2,5
"A196O7GQLD3S2J",1,"short-term",6.5,4.42857142857143,4.8,3
"A196O7GQLD3S2J",2,"recurrance",NA,5.14285714285714,1,0.75
"A196O7GQLD3S2J",3,"recurrance",4.8,3.42857142857143,3.2,2.75
"A198MSVO1VTAT5",1,"short-term",5.1,6.42857142857143,4,4.25
"A198MSVO1VTAT5",2,"short-term",5.3,6.42857142857143,5,4.25
"A198MSVO1VTAT5",3,"short-term",4.5,6.42857142857143,2.6,4.5
"A198MSVO1VTAT5",4,"short-term",4.5,6,4,3.5
"A19YQU3ZZ8USPO",1,"recurrance",4.6,5.42857142857143,2.6,0.5
"A19YQU3ZZ8USPO",2,"short-term",5.1,5.71428571428571,2.8,0.25
"A19YQU3ZZ8USPO",3,"recurrance",6.6,5.71428571428571,3.8,0
"A1ABL45KAK12A5",1,"recurrance",6.5,4.57142857142857,2.4,2.5
"A1ABL45KAK12A5",2,"recurrance",6.4,6,3.4,2.75
"A1ABL45KAK12A5",3,"recurrance",5.6,5.42857142857143,2.8,4.5
"A1ABL45KAK12A5",4,"long-term",6.3,4.85714285714286,4.4,5
"A1ABL45KAK12A5",5,"recurrance",6.7,6.28571428571429,3.4,3.5
"A1ADAWW4IHPCQ7",1,"long-term",4.6,5.71428571428571,4.2,3.5
"A1ADAWW4IHPCQ7",2,"recurrance",5.8,5.28571428571429,5,4.5
"A1ADAWW4IHPCQ7",3,"long-term",5.5,3.71428571428571,3.4,2.5
"A1AIMKA54UBYIQ",1,"recurrance",4.3,4.85714285714286,2.6,4
"A1AIMKA54UBYIQ",2,"recurrance",4.5,4.71428571428571,2.2,4.25
"A1AZLJ3R5FQ9B7",1,"long-term",5,6,3.8,3.75
"A1AZLJ3R5FQ9B7",2,"recurrance",5.4,5.85714285714286,3.6,0.75
"A1AZLJ3R5FQ9B7",3,"recurrance",5.9,6.14285714285714,6.2,4.5
"A1B5SSGMTAQ9B5",1,"short-term",5.2,5.28571428571429,2.6,3.5
"A1B5SSGMTAQ9B5",2,"short-term",4.5,4.28571428571429,4.4,2.5
"A1BG47GSHQ9WSU",1,"short-term",4.5,5.14285714285714,3.2,5
"A1BG47GSHQ9WSU",2,"recurrance",4.3,4.14285714285714,2.8,3.75
"A1BIJGB7XA0GME",1,"short-term",4,6.14285714285714,6.2,5
"A1BIJGB7XA0GME",2,"short-term",5.4,6.14285714285714,4.4,5
"A1BIJGB7XA0GME",3,"long-term",3.9,6.14285714285714,5.4,4.5
"A1BSVEBYDZ0AAU",1,"recurrance",5.1,4.57142857142857,1.6,4.25
"A1BSVEBYDZ0AAU",2,"recurrance",4.8,5.71428571428571,2.4,3
"A1BSVEBYDZ0AAU",3,"recurrance",NA,4,2,3.75
"A1BWS5AD2T4NIR",1,"short-term",5.4,6,3.2,2.5
"A1BWS5AD2T4NIR",2,"recurrance",5.1,5.42857142857143,3,5
"A1BWS5AD2T4NIR",3,"recurrance",5.3,4.85714285714286,5,3.5
"A1BWS5AD2T4NIR",4,"recurrance",5.6,5.42857142857143,4.8,5
"A1BWS5AD2T4NIR",5,"long-term",5,5.57142857142857,2.4,-0.25
"A1CI5U3BLQ2DDS",1,"short-term",NA,5.71428571428571,5.6,4.25
"A1CI5U3BLQ2DDS",2,"long-term",6.5,4.42857142857143,6.8,4.5
"A1CI5U3BLQ2DDS",3,"recurrance",NA,5.14285714285714,3.8,5
"A1CI5U3BLQ2DDS",4,"recurrance",5.5,5,4.8,5
"A1CI5U3BLQ2DDS",5,"recurrance",5.7,5.57142857142857,5.8,4.25
"A1CTUG0RUGCY48",1,"long-term",5.2,5.85714285714286,4.2,3.75
"A1D2ZSPIHOI23K",1,"short-term",4,3.85714285714286,3.8,1.75
"A1D2ZSPIHOI23K",2,"recurrance",3.8,3.42857142857143,3.4,1.25
"A1D2ZSPIHOI23K",3,"short-term",4,2.57142857142857,3.6,1.75
"A1D7IULWFI8PB1",1,"long-term",5.6,4.85714285714286,6.2,3.5
"A1D7IULWFI8PB1",2,"short-term",4.6,6,4.8,4.5
"A1D7IULWFI8PB1",3,"short-term",3.9,5.85714285714286,4.6,3.5
"A1DD23J1WBGQUU",1,"recurrance",5.4,4.71428571428571,3.6,3.75
"A1DD23J1WBGQUU",2,"recurrance",5.7,5.14285714285714,3.2,3.25
"A1DD23J1WBGQUU",3,"long-term",4.8,5.57142857142857,3.6,3.25
"A1EH9BPKYXFBS5",1,"short-term",6.2,5.42857142857143,3,3.5
"A1EH9BPKYXFBS5",2,"recurrance",5.7,6,2.2,1.75
"A1EH9BPKYXFBS5",3,"long-term",4.8,5.42857142857143,2.6,2
"A1EH9BPKYXFBS5",4,"recurrance",5.7,5.71428571428571,2,3.25
"A1EH9BPKYXFBS5",5,"long-term",5.1,6,3,3
"A1F1TBDHPYAAXT",1,"short-term",6.2,6.28571428571429,4,3
"A1F1TBDHPYAAXT",2,"short-term",6.9,5.71428571428571,6,4.5
"A1F1TBDHPYAAXT",3,"recurrance",5.3,6.14285714285714,2.6,1.75
"A1G187YBG0DVMQ",1,"short-term",5.4,4.28571428571429,4.4,2.75
"A1G187YBG0DVMQ",2,"long-term",4.5,3.71428571428571,5.4,3
"A1G187YBG0DVMQ",3,"recurrance",4.6,3,3.6,2.5
"A1G5EPLJEGL381",1,"long-term",6.1,5.42857142857143,2.2,2.5
"A1G5EPLJEGL381",2,"long-term",5.6,5.14285714285714,3,3
"A1H5Q9HRH4RPZU",1,"recurrance",4.3,3.42857142857143,3.2,3.5
"A1H5Q9HRH4RPZU",2,"long-term",5.3,5.42857142857143,3.6,3.5
"A1H5Q9HRH4RPZU",3,"short-term",4.4,3.14285714285714,4.6,4.25
"A1IBLFQ2E6VA2J",1,"short-term",5,5.71428571428571,6.6,3.5
"A1IBLFQ2E6VA2J",2,"recurrance",5.9,6,5.8,3.5
"A1IBLFQ2E6VA2J",3,"short-term",6.1,3.71428571428571,3.2,2.25
"A1IBLFQ2E6VA2J",4,"recurrance",5.9,6,6.2,2
"A1IBLFQ2E6VA2J",5,"long-term",6.6,4.57142857142857,3.8,1.5
"A1IJ56N5Z4TT46",1,"recurrance",5.3,5.14285714285714,5.2,3.25
"A1IJ56N5Z4TT46",2,"recurrance",5.4,NA,5.2,2.75
"A1IJ56N5Z4TT46",3,"short-term",4.2,5.57142857142857,5.4,1.75
"A1IJ56N5Z4TT46",4,"short-term",4.1,4.85714285714286,5.4,1.25
"A1IJ56N5Z4TT46",5,"recurrance",5.8,3.57142857142857,5,3.25
"A1IL81UMEC9OJI",1,"long-term",4.9,5.14285714285714,5,2.25
"A1IL81UMEC9OJI",2,"short-term",4.1,5.14285714285714,3.8,2.75
"A1IL81UMEC9OJI",3,"short-term",5,4.85714285714286,NA,1.25
"A1IL81UMEC9OJI",4,"long-term",3.9,5,NA,4
"A1IL81UMEC9OJI",5,"long-term",5.8,5.42857142857143,NA,2.5
"A1J8TVICSRC70W",1,"short-term",4.4,3.71428571428571,3.6,4.25
"A1J8TVICSRC70W",2,"recurrance",4,5.28571428571429,3,2.75
"A1J8TVICSRC70W",3,"short-term",3.7,3.14285714285714,2.2,0.25
"A1J8TVICSRC70W",4,"short-term",4.9,4.57142857142857,3.8,4
"A1J8TVICSRC70W",5,"recurrance",4,3.85714285714286,6,1.5
"A1J9Z2VOHTT1UZ",1,"recurrance",6.2,4,3,3.75
"A1J9Z2VOHTT1UZ",2,"recurrance",6.2,4.85714285714286,1.6,5
"A1J9Z2VOHTT1UZ",3,"recurrance",4.3,4.42857142857143,NA,0.5
"A1K8VUKRL53OX",1,"short-term",5.3,4.85714285714286,6,2
"A1K8VUKRL53OX",2,"short-term",5.5,5.42857142857143,6,3
"A1K8VUKRL53OX",3,"recurrance",5.7,4.71428571428571,5.6,2.25
"A1K8VUKRL53OX",4,"long-term",5.8,NA,6.2,NA
"A1K8VUKRL53OX",5,"short-term",5.6,4.42857142857143,5.4,3
"A1KC342L9WAQ2",1,"short-term",6,5,6,2.5
"A1KC342L9WAQ2",2,"short-term",5.5,5.28571428571429,5.4,3.25
"A1KC342L9WAQ2",3,"recurrance",3.9,5.42857142857143,4.8,4
"A1LJNQX4KBUXNP",1,"recurrance",6.4,6.42857142857143,3.4,5
"A1LJNQX4KBUXNP",2,"recurrance",6.8,6,2.2,3.5
"A1LJNQX4KBUXNP",3,"short-term",5.3,4.71428571428571,3.2,5
"A1LS7GARU7CD08",1,"recurrance",4.1,5.14285714285714,2.8,3.25
"A1LS7GARU7CD08",2,"recurrance",4.8,4.71428571428571,3.8,4.5
"A1LS7GARU7CD08",3,"long-term",4.3,5,3,3.25
"A1M8BYIP0KZJZX",1,"short-term",5.3,4.71428571428571,1,4.75
"A1M8BYIP0KZJZX",2,"long-term",5.5,2.71428571428571,3.2,2.25
"A1M8BYIP0KZJZX",3,"short-term",4.6,4.57142857142857,3.2,4
"A1M8BYIP0KZJZX",4,"short-term",5.4,5.57142857142857,4.2,5
"A1M8BYIP0KZJZX",5,"long-term",3.1,6,3.4,3.5
"A1MJWY7UO3CDSM",1,"short-term",5.1,5.57142857142857,3.4,3
"A1MJWY7UO3CDSM",2,"short-term",5.2,6.28571428571429,3,2.75
"A1NVF1YLDLF563",1,"recurrance",5.7,5.85714285714286,4.4,2.75
"A1NVF1YLDLF563",2,"recurrance",5.4,6.14285714285714,3.4,4.5
"A1NVF1YLDLF563",3,"recurrance",5.6,5.57142857142857,3.6,4
"A1O9PAK6THJ9Y7",1,"long-term",4.6,5.28571428571429,2.8,3.5
"A1O9PAK6THJ9Y7",2,"long-term",4.6,4.71428571428571,3.2,3.25
"A1OJV3R8BH73BD",1,"short-term",6.2,4.28571428571429,6,2.5
"A1OJV3R8BH73BD",2,"short-term",5.1,5.71428571428571,3.4,4
"A1OJV3R8BH73BD",3,"short-term",3.9,5.57142857142857,2.4,3.25
"A1OR82RF1ZFWP",1,"recurrance",6,6,6.4,4.25
"A1OR82RF1ZFWP",2,"short-term",4.1,5.42857142857143,2.8,1.75
"A1OR82RF1ZFWP",3,"recurrance",4.9,5.14285714285714,3.8,3
"A1P3I7YCWXF9YG",1,"long-term",6.4,6.42857142857143,7,4.75
"A1P3I7YCWXF9YG",2,"recurrance",6.4,6.42857142857143,6.6,3.5
"A1QT7BQZVOBSY0",1,"recurrance",5.1,6,2.2,3.75
"A1QT7BQZVOBSY0",2,"short-term",NA,5.42857142857143,3.2,1.75
"A1QT7BQZVOBSY0",3,"recurrance",4.3,5.57142857142857,1,1.75
"A1QT7BQZVOBSY0",4,"recurrance",5.8,6.28571428571429,3.6,2.5
"A1R5W4RQZTROD8",1,"long-term",4.4,4.85714285714286,2.2,1.5
"A1R5W4RQZTROD8",2,"recurrance",4.3,4.85714285714286,1.2,1
"A1R5W4RQZTROD8",3,"recurrance",3.5,5.71428571428571,2,4
"A1R5W4RQZTROD8",4,"recurrance",4.5,5.71428571428571,1.8,3.75
"A1ROEDVMTO9Y3X",1,"short-term",5.1,4.42857142857143,4.6,3.25
"A1ROEDVMTO9Y3X",2,"short-term",4.9,4.57142857142857,4.2,3
"A1RQUOVV8PCXBM",1,"long-term",6.1,4,5.6,2.75
"A1RQUOVV8PCXBM",2,"recurrance",5.9,4.71428571428571,5,4.5
"A1RQUOVV8PCXBM",3,"short-term",5.8,4,4.6,3.25
"A1RQUOVV8PCXBM",4,"recurrance",6.3,4.28571428571429,4.6,4
"A1RQUOVV8PCXBM",5,"recurrance",6.6,4.42857142857143,5.4,3.5
"A1RWNYJA5X25YH",1,"recurrance",5,6,4.2,5
"A1RWNYJA5X25YH",2,"long-term",5.8,5.57142857142857,3.6,4.75
"A1RWNYJA5X25YH",3,"recurrance",6.1,6.14285714285714,NA,2.75
"A1RWNYJA5X25YH",4,"short-term",4.9,6.28571428571429,NA,5
"A1RWNYJA5X25YH",5,"recurrance",6.7,5.42857142857143,NA,5
"A1SISJL5ST2PWH",1,"recurrance",3.6,4.57142857142857,2.4,2.75
"A1SISJL5ST2PWH",2,"short-term",4.3,4.42857142857143,2.6,3
"A1SISJL5ST2PWH",3,"short-term",4.1,3.85714285714286,2.2,2.25
"A1SL72YBUW8Q8K",1,"recurrance",6.1,6.28571428571429,2.8,4.25
"A1SL72YBUW8Q8K",2,"recurrance",6.1,6.14285714285714,2.2,4.25
"A1SL72YBUW8Q8K",3,"short-term",5.6,6.28571428571429,5.2,2.75
"A1SL72YBUW8Q8K",4,"recurrance",4.6,5.28571428571429,1.4,3.5
"A1T83SZBP2DN65",1,"short-term",5.7,5.14285714285714,5,4.25
"A1T83SZBP2DN65",2,"long-term",5.4,5,4.6,1.5
"A1TPGXT718D68E",1,"short-term",5.7,5.42857142857143,6.4,2
"A1TPGXT718D68E",2,"short-term",5.9,5.42857142857143,5.8,5
"A1TPGXT718D68E",3,"short-term",6,3.71428571428571,6.6,4
"A1U8LTCX5XYJ45",1,"long-term",6.1,6,1.6,4.25
"A1U8LTCX5XYJ45",2,"long-term",6.1,6.42857142857143,7,2.75
"A1U8LTCX5XYJ45",3,"long-term",5.8,5.57142857142857,5.2,3.5
"A1VFRCYMWGWWCZ",1,"recurrance",4.2,3.57142857142857,2.8,1.5
"A1VFRCYMWGWWCZ",2,"long-term",5.7,3.28571428571429,3,2.5
"A1VFRCYMWGWWCZ",3,"recurrance",4.9,4,4.8,2.75
"A1VFRCYMWGWWCZ",4,"recurrance",4.9,4.71428571428571,5.4,3.25
"A1VFRCYMWGWWCZ",5,"long-term",3.5,2.85714285714286,1.6,2.5
"A1VRG5HKZC0H0C",1,"short-term",4.1,5,3.4,0.5
"A1VRG5HKZC0H0C",2,"short-term",6.5,4.14285714285714,5,4.75
"A1VRG5HKZC0H0C",3,"short-term",5.4,4.42857142857143,5.8,4.5
"A1VRG5HKZC0H0C",4,"recurrance",4.3,4.14285714285714,2,2.25
"A1VRG5HKZC0H0C",5,"recurrance",4.3,4.28571428571429,3.4,2.75
"A1W7I6FN183I8F",1,"recurrance",5.9,4.85714285714286,3.4,4
"A1W7I6FN183I8F",2,"recurrance",4.6,5,3.6,4
"A1W7I6FN183I8F",3,"short-term",4,4.85714285714286,5,2.75
"A1W7I6FN183I8F",4,"recurrance",5.1,3.28571428571429,4.4,2.75
"A1W7I6FN183I8F",5,"recurrance",4,4.42857142857143,1.6,1
"A1W850QN9RK019",1,"long-term",4.6,4.28571428571429,4,2.25
"A1W850QN9RK019",2,"short-term",5.2,3.85714285714286,6.4,3.75
"A1W850QN9RK019",3,"long-term",5.5,4.28571428571429,3.8,2.25
"A1W850QN9RK019",4,"short-term",6,5.28571428571429,5.2,3
"A1W850QN9RK019",5,"recurrance",4.9,4.57142857142857,4.6,3
"A1WJYF201K77BI",1,"recurrance",5.4,5.28571428571429,3.4,4.75
"A1WJYF201K77BI",2,"recurrance",5,4.57142857142857,2.6,3.5
"A1WJYF201K77BI",3,"recurrance",4.5,3.57142857142857,2.4,0.5
"A1WJYF201K77BI",4,"recurrance",3.8,4.57142857142857,2.4,0.5
"A1WJYF201K77BI",5,"recurrance",5.2,5,2.6,2.75
"A1WQACYPLESVGL",1,"short-term",5.9,4.14285714285714,4.4,3.75
"A1WQACYPLESVGL",2,"short-term",5.3,4.71428571428571,1.8,4.25
"A1WQACYPLESVGL",3,"recurrance",5.6,4.14285714285714,2,4
"A1WQACYPLESVGL",4,"recurrance",5.5,4.71428571428571,1.6,3
"A1WQACYPLESVGL",5,"short-term",5.3,4.85714285714286,1.4,3
"A1WS9UHL45VZ0X",1,"short-term",5.8,5.14285714285714,4.4,3.25
"A1WS9UHL45VZ0X",2,"recurrance",3.7,4.14285714285714,3.6,4.25
"A1WS9UHL45VZ0X",3,"recurrance",4.9,3.14285714285714,3.4,4.5
"A1WZY0K6IE3ASG",1,"recurrance",5.4,5.85714285714286,4,4
"A1WZY0K6IE3ASG",2,"recurrance",5.1,5.71428571428571,3.6,3
"A1WZY0K6IE3ASG",3,"recurrance",4.8,5.28571428571429,3.6,2.5
"A1WZY0K6IE3ASG",4,"recurrance",4.8,4.28571428571429,2.6,4
"A1WZY0K6IE3ASG",5,"recurrance",4.6,5.57142857142857,2.6,4
"A1X388C6SDCDEY",1,"recurrance",6.7,4.71428571428571,1.4,3.25
"A1X388C6SDCDEY",2,"recurrance",4.9,3,1.4,1.25
"A1X388C6SDCDEY",3,"recurrance",6.7,4.28571428571429,3.4,3
"A1X388C6SDCDEY",4,"recurrance",7,3.85714285714286,3.4,5
"A1XRWOK00HK1J4",1,"recurrance",4.2,5.71428571428571,1.8,4
"A1XRWOK00HK1J4",2,"recurrance",6.7,5.85714285714286,2.2,3.5
"A1XRWOK00HK1J4",3,"recurrance",4.1,6,1,5
"A1XRWOK00HK1J4",4,"recurrance",6.7,5.57142857142857,1.6,2.5
"A1XUZFDVKP95VC",1,"long-term",5.8,4.14285714285714,3.4,2.25
"A1XUZFDVKP95VC",2,"short-term",5.8,4.28571428571429,5,3.5
"A1YPOIURXB6ESR",1,"short-term",5.1,5.42857142857143,2.6,4
"A1YPOIURXB6ESR",2,"recurrance",5,6.28571428571429,4,4.5
"A1YPOIURXB6ESR",3,"short-term",5.4,4.57142857142857,5.8,4.25
"A1YPOIURXB6ESR",4,"short-term",5.3,4.57142857142857,5.6,4.5
"A1Z2ZGPJRGG0G3",1,"recurrance",6.5,5.28571428571429,1,2.5
"A1Z2ZGPJRGG0G3",2,"recurrance",3.6,4,1.6,2.25
"A1Z2ZGPJRGG0G3",3,"short-term",5.1,5.85714285714286,2.2,2
"A1ZT0TLZZTT47M",1,"recurrance",5.3,4.42857142857143,3,4
"A1ZT0TLZZTT47M",2,"recurrance",5.4,4.85714285714286,2.8,0.75
"A1ZT0TLZZTT47M",3,"short-term",6.1,5.14285714285714,3.6,0.5
"A1ZT0TLZZTT47M",4,"recurrance",4.5,3.57142857142857,1.6,0
"A1ZT0TLZZTT47M",5,"recurrance",5.2,4.28571428571429,3,3.75
"A1ZT30BGR3266K",1,"recurrance",4.8,5.28571428571429,3.6,3.75
"A1ZT30BGR3266K",2,"recurrance",4.1,4.71428571428571,3,3.5
"A207IHY6GERCFO",1,"recurrance",5.5,5.42857142857143,5.2,4.25
"A207IHY6GERCFO",2,"short-term",5.9,3.14285714285714,5,3
"A207IHY6GERCFO",3,"recurrance",4.7,4,4.4,3.25
"A2196WCNDZULFS",1,"long-term",6.2,5,3.2,4.25
"A2196WCNDZULFS",2,"long-term",6.3,4.85714285714286,2.8,4.5
"A2196WCNDZULFS",3,"long-term",6.5,4.57142857142857,4.8,4.75
"A21BXRUD15TQL8",1,"long-term",4.9,4.28571428571429,3.2,3
"A21BXRUD15TQL8",2,"short-term",3.6,5.71428571428571,2.6,3.75
"A21BXRUD15TQL8",3,"recurrance",4.4,5.42857142857143,NA,3.25
"A21ZYTE6WOKUA",1,"long-term",5.8,6.14285714285714,5.8,3.5
"A21ZYTE6WOKUA",2,"long-term",6.6,6.14285714285714,4.6,2
"A21ZYTE6WOKUA",3,"long-term",6.1,4.28571428571429,5.2,4
"A21ZYTE6WOKUA",4,"short-term",6.7,5.28571428571429,4.6,3.5
"A225BMTMXUR5F4",1,"short-term",6.5,5.85714285714286,2.8,2
"A225BMTMXUR5F4",2,"recurrance",6.4,3.71428571428571,2.2,2.25
"A225BMTMXUR5F4",3,"long-term",5.7,2.57142857142857,5.2,4.25
"A225BMTMXUR5F4",4,"recurrance",3.5,4.85714285714286,2.6,2
"A225BMTMXUR5F4",5,"recurrance",5.3,5,3.4,1
"A22DDO8NILSX6O",1,"recurrance",5.3,4.85714285714286,2.6,3.5
"A22DDO8NILSX6O",2,"recurrance",4.5,3.57142857142857,2.8,2.25
"A22DDO8NILSX6O",3,"recurrance",4.4,5.71428571428571,NA,3.25
"A22DDO8NILSX6O",4,"recurrance",4.5,4,NA,3.75
"A22SZHZTF72TRM",1,"short-term",5.1,6.14285714285714,3.8,3
"A22SZHZTF72TRM",2,"short-term",5.4,6,3,3.75
"A22SZHZTF72TRM",3,"recurrance",5.6,4.85714285714286,3.2,3.75
"A22SZHZTF72TRM",4,"recurrance",5.5,4.14285714285714,6.2,4.75
"A248PLZABUKB62",1,"short-term",6.1,4,6.2,3.25
"A248PLZABUKB62",2,"short-term",5.6,5.28571428571429,5.4,1.75
"A248PLZABUKB62",3,"short-term",5.7,4.71428571428571,5.4,3
"A248PLZABUKB62",4,"short-term",4.1,5.42857142857143,2.4,1.5
"A248PLZABUKB62",5,"short-term",4.8,5.28571428571429,1.6,3.25
"A255RBA8P0K0XV",1,"recurrance",5.3,5.42857142857143,4.4,1.5
"A255RBA8P0K0XV",2,"long-term",5.6,5,6,3.25
"A255RBA8P0K0XV",3,"recurrance",5.2,4.71428571428571,4.2,3.25
"A255RBA8P0K0XV",4,"recurrance",5.5,4.85714285714286,4.6,2
"A255RBA8P0K0XV",5,"long-term",5.9,4.14285714285714,6,2.75
"A2615YW1YERQBO",1,"long-term",3.5,3.42857142857143,3.2,2
"A2615YW1YERQBO",2,"long-term",3.7,4,3.6,2.75
"A2615YW1YERQBO",3,"long-term",5.4,3.57142857142857,3.4,3.25
"A26NGLGGFTATVN",1,"recurrance",6.3,6,2.2,3.5
"A26NGLGGFTATVN",2,"recurrance",6.6,5.28571428571429,6.2,4.25
"A26UAJWMMNN351",1,"short-term",4.6,6.28571428571429,4.2,4.25
"A26UAJWMMNN351",2,"long-term",4.2,4.85714285714286,4,3.5
"A26UAJWMMNN351",3,"short-term",5.6,6.42857142857143,6.4,5
"A27INSDNTACWAM",1,"recurrance",5.6,4.71428571428571,3.4,0.5
"A27INSDNTACWAM",2,"recurrance",4.7,5.42857142857143,5,2.5
"A27INSDNTACWAM",3,"long-term",6.7,4.85714285714286,4,4.5
"A27INSDNTACWAM",4,"long-term",7,2.85714285714286,5.8,3.5
"A286W816CMIZL9",1,"long-term",6.2,5.42857142857143,4,4
"A286W816CMIZL9",2,"recurrance",4.8,5.42857142857143,1.2,3.5
"A286W816CMIZL9",3,"recurrance",5,4.42857142857143,1.4,4
"A28J7H4TH29DC3",1,"short-term",5.5,5.28571428571429,3,4.5
"A28J7H4TH29DC3",2,"recurrance",5,5,2,4.5
"A28J7H4TH29DC3",3,"recurrance",6.5,4.85714285714286,6,5
"A2ASTDMWBCFIP0",1,"short-term",6,4.14285714285714,4.6,3.75
"A2ASTDMWBCFIP0",2,"short-term",6,4.57142857142857,4.4,3.75
"A2AT6TSPPCR106",1,"recurrance",6.3,5.28571428571429,2.8,4
"A2AT6TSPPCR106",2,"recurrance",6.3,5.71428571428571,2.4,4.5
"A2AT6TSPPCR106",3,"long-term",6,5.85714285714286,2.8,3
"A2AT6TSPPCR106",4,"recurrance",5.7,5.71428571428571,4,2.5
"A2AZYU1CT24O0K",1,"short-term",5.4,4.71428571428571,3.6,3.75
"A2AZYU1CT24O0K",2,"recurrance",4.3,5.14285714285714,4.6,4.25
"A2AZYU1CT24O0K",3,"recurrance",4.8,5.71428571428571,4.8,4
"A2AZYU1CT24O0K",4,"long-term",4.9,3,3,4.5
"A2AZYU1CT24O0K",5,"recurrance",3.8,5.28571428571429,2.4,2.5
"A2B0FLA55RH047",1,"long-term",6,4.42857142857143,5,4.5
"A2B0FLA55RH047",2,"recurrance",5.5,4.85714285714286,4.4,4.75
"A2B0FLA55RH047",3,"short-term",6.2,4.71428571428571,NA,3.25
"A2B0FLA55RH047",4,"recurrance",5.8,3.57142857142857,NA,4
"A2BEBDMQ7SI4IY",1,"short-term",5.3,4.42857142857143,6.4,3.25
"A2BEBDMQ7SI4IY",2,"short-term",5,4.28571428571429,5,2.5
"A2BEBDMQ7SI4IY",3,"recurrance",5.1,4.28571428571429,NA,3.75
"A2BEBDMQ7SI4IY",4,"long-term",5.8,4.28571428571429,NA,2.25
"A2BEBDMQ7SI4IY",5,"short-term",5.3,4.28571428571429,NA,3.25
"A2BJTPZLXIGO8D",1,"recurrance",5.8,5.42857142857143,2.2,2.5
"A2BJTPZLXIGO8D",2,"recurrance",5.6,3.85714285714286,1.6,2.25
"A2BJTPZLXIGO8D",3,"recurrance",5.8,3.57142857142857,3.4,3.5
"A2CP6MLJVJYBO7",1,"recurrance",5.6,5.71428571428571,3.4,3.25
"A2CP6MLJVJYBO7",2,"recurrance",5.8,5.14285714285714,3.4,4.25
"A2CYMT8T33U6EE",1,"recurrance",5.2,5.57142857142857,1.6,3.5
"A2CYMT8T33U6EE",2,"recurrance",4.8,5.71428571428571,2,5
"A2CYMT8T33U6EE",3,"recurrance",5.8,5.42857142857143,NA,4.5
"A2CYMT8T33U6EE",4,"recurrance",5.5,5.14285714285714,NA,1.5
"A2CYMT8T33U6EE",5,"recurrance",5.5,5.42857142857143,NA,5
"A2DVV59R1CQU6T",1,"long-term",6.1,5.14285714285714,6.6,3
"A2DVV59R1CQU6T",2,"recurrance",4.7,4.28571428571429,4,1.75
"A2DVV59R1CQU6T",3,"recurrance",5.5,5,5.2,4
"A2EK1HDV4I4GSK",1,"long-term",5.4,5.14285714285714,3.8,3
"A2EK1HDV4I4GSK",2,"long-term",5.4,5.14285714285714,6,2
"A2EMTSJS47K8SU",1,"long-term",5.8,5.28571428571429,3.4,4
"A2EMTSJS47K8SU",2,"recurrance",6,5.57142857142857,4.6,4.25
"A2EMTSJS47K8SU",3,"short-term",4.6,5.14285714285714,4,2.75
"A2ESBX4C2Q6TQY",1,"short-term",6,5.71428571428571,4.6,5
"A2ESBX4C2Q6TQY",2,"long-term",5.8,5.42857142857143,4.4,5
"A2ESBX4C2Q6TQY",3,"long-term",3.7,5,5.2,3.5
"A2ESBX4C2Q6TQY",4,"long-term",6.8,4.85714285714286,2.6,4
"A2ESBX4C2Q6TQY",5,"recurrance",4.4,6.57142857142857,1.2,4
"A2F5QCUTZU7KF7",1,"recurrance",5.4,5.42857142857143,3.4,2.75
"A2F5QCUTZU7KF7",2,"long-term",5.7,4.57142857142857,4.6,4
"A2F5QCUTZU7KF7",3,"recurrance",5.6,4.71428571428571,3.6,2.5
"A2FP41BSPG0Y4A",1,"recurrance",5.9,5.85714285714286,3.2,3.75
"A2FP41BSPG0Y4A",2,"recurrance",5.4,2.71428571428571,3.8,2.5
"A2FP41BSPG0Y4A",3,"long-term",6,4.14285714285714,3.2,0.75
"A2FP41BSPG0Y4A",4,"recurrance",4.2,4.42857142857143,5.4,3.25
"A2FP41BSPG0Y4A",5,"short-term",3.7,4.14285714285714,3.8,2
"A2GTBBZA2M82NR",1,"recurrance",5,5.42857142857143,1,1
"A2GTBBZA2M82NR",2,"short-term",6.4,5.57142857142857,4.8,5
"A2GTBBZA2M82NR",3,"recurrance",4.5,5.42857142857143,NA,4.25
"A2GTBBZA2M82NR",4,"recurrance",4.9,3.85714285714286,NA,4.75
"A2H0VR477QHYO7",1,"long-term",6.3,5.14285714285714,5.8,3.5
"A2H0VR477QHYO7",2,"long-term",6.7,4.71428571428571,5.8,3.75
"A2H0VR477QHYO7",3,"long-term",6.8,4.57142857142857,5.8,4
"A2H0VR477QHYO7",4,"long-term",5.1,5,5.6,3.25
"A2H6Q22X1V1FTX",1,"short-term",3.6,5.14285714285714,2,1.75
"A2H6Q22X1V1FTX",2,"long-term",5.1,NA,6.2,3.5
"A2H6Q22X1V1FTX",3,"short-term",3.3,3.71428571428571,4.2,2.75
"A2H92K2776A1IC",1,"short-term",6,5.85714285714286,3.8,3.5
"A2H92K2776A1IC",2,"short-term",5,5.85714285714286,3.2,NA
"A2H92K2776A1IC",3,"short-term",5.5,6,NA,4.25
"A2H92K2776A1IC",4,"short-term",5.3,5.71428571428571,NA,3.25
"A2HJYX70UQW9XR",1,"short-term",4.4,5,4.2,4
"A2HJYX70UQW9XR",2,"recurrance",4.4,4.14285714285714,3,3.5
"A2HJYX70UQW9XR",3,"long-term",4.4,3.57142857142857,NA,3.5
"A2HJYX70UQW9XR",4,"recurrance",4.3,4.71428571428571,NA,3.25
"A2HJYX70UQW9XR",5,"recurrance",3.7,4.14285714285714,NA,3.5
"A2HQMB1GSEADL",1,"short-term",3.4,4.71428571428571,5,1.75
"A2HQMB1GSEADL",2,"recurrance",2.9,5.14285714285714,1.4,1.5
"A2HQMB1GSEADL",3,"short-term",3.9,4.85714285714286,3.8,4.5
"A2HQMB1GSEADL",4,"recurrance",3.7,4.42857142857143,2.6,1
"A2HQMB1GSEADL",5,"recurrance",2.9,4.42857142857143,1,0.75
"A2IJEKMVEHQ90W",1,"recurrance",6.4,5.57142857142857,4,3
"A2IJEKMVEHQ90W",2,"long-term",4.1,4.28571428571429,4.6,NA
"A2IJEKMVEHQ90W",3,"recurrance",4.2,3.28571428571429,4.4,4
"A2IJEKMVEHQ90W",4,"recurrance",4.3,5,5.2,1.75
"A2IJEKMVEHQ90W",5,"long-term",3,3.14285714285714,3.2,1.75
"A2KOR4003SVNC5",1,"short-term",5.8,4.71428571428571,4.6,2
"A2KOR4003SVNC5",2,"long-term",6.4,5,2.8,4
"A2KOR4003SVNC5",3,"long-term",5.1,5.28571428571429,2.2,4.25
"A2LT6KC1X51FVW",1,"recurrance",5.6,6.28571428571429,3.2,3.5
"A2LT6KC1X51FVW",2,"recurrance",NA,5.71428571428571,4.8,4.25
"A2LU3430Q972IN",1,"short-term",5.2,4.85714285714286,3.4,3
"A2LU3430Q972IN",2,"short-term",4.8,5.57142857142857,3.4,1.25
"A2LU3430Q972IN",3,"short-term",3.3,6,1.6,1
"A2NAKIXS3DVGAA",1,"recurrance",3.3,5.71428571428571,2,2.75
"A2NHFSO7GMM8QR",1,"long-term",6.7,5.57142857142857,3.4,2
"A2NHFSO7GMM8QR",2,"recurrance",5.3,4.85714285714286,6.4,3
"A2O2Q0LVWOWJ1G",1,"long-term",5.4,4.85714285714286,3.2,4.25
"A2O2Q0LVWOWJ1G",2,"short-term",6,5,4,3.5
"A2O2Q0LVWOWJ1G",3,"short-term",5.9,4.42857142857143,2.4,5
"A2O2Q0LVWOWJ1G",4,"short-term",4.3,5.85714285714286,4.2,3.5
"A2PE32I58ANCDD",1,"recurrance",4.7,4.28571428571429,3.8,2.5
"A2PE32I58ANCDD",2,"recurrance",4.9,3.85714285714286,3,3.75
"A2R75YFKVALBXE",1,"long-term",6.8,5.71428571428571,4,1.25
"A2R75YFKVALBXE",2,"long-term",6.5,6.14285714285714,4.4,4.25
"A2R75YFKVALBXE",3,"long-term",6.7,5.28571428571429,3,4
"A2R75YFKVALBXE",4,"recurrance",6,6,4.8,3.75
"A2R75YFKVALBXE",5,"long-term",5.9,6,3.4,4.75
"A2R9OK4M877ZCC",1,"short-term",5.5,4.14285714285714,4.6,3.5
"A2R9OK4M877ZCC",2,"recurrance",6.7,5.28571428571429,5.6,5
"A2R9OK4M877ZCC",3,"recurrance",6.5,5.71428571428571,4.2,5
"A2RMJNF6IPI42F",1,"long-term",4.5,5.57142857142857,1.4,3.5
"A2RMJNF6IPI42F",2,"long-term",4.8,5.28571428571429,2.2,5
"A2RMJNF6IPI42F",3,"long-term",5.2,3.71428571428571,3.6,4.75
"A2RMJNF6IPI42F",4,"long-term",4.4,5.14285714285714,4.4,4.25
"A2RMJNF6IPI42F",5,"long-term",5.5,3.14285714285714,4.8,4.75
"A2SFFO79KSG5VA",1,"short-term",4.6,5.71428571428571,1.8,3
"A2SFFO79KSG5VA",2,"recurrance",3.5,6,1.2,0
"A2SFFO79KSG5VA",3,"recurrance",5.5,5.42857142857143,1.8,1.5
"A2SFFO79KSG5VA",4,"recurrance",4.2,5,2.6,3.5
"A2SFFO79KSG5VA",5,"long-term",5,5.57142857142857,7,2.75
"A2SKOPFTRTNFUY",1,"short-term",6.1,5.85714285714286,2.6,4
"A2SKOPFTRTNFUY",2,"recurrance",5.4,6,1,0.5
"A2SKOPFTRTNFUY",3,"recurrance",4.8,5.85714285714286,2,NA
"A2SKOPFTRTNFUY",4,"recurrance",6.8,5.71428571428571,5.2,3.5
"A2TLN8489YGY81",1,"recurrance",5.4,3.28571428571429,4.2,4.25
"A2VGEE0ZIZ8CBQ",1,"recurrance",5.1,5.71428571428571,5.2,3.5
"A2VGEE0ZIZ8CBQ",2,"recurrance",3.6,5,4.8,3.5
"A2VGEE0ZIZ8CBQ",3,"recurrance",5.6,4.71428571428571,5.8,4.25
"A2VGFS03KCCR1Q",1,"short-term",5.5,5,3.2,5
"A2VGFS03KCCR1Q",2,"recurrance",5,5.85714285714286,4.4,5
"A2VNSNAN1LZBAM",1,"long-term",4.9,5.42857142857143,4.4,5
"A2VNSNAN1LZBAM",2,"long-term",4.9,5.85714285714286,4,5
"A2VNSNAN1LZBAM",3,"short-term",5.5,4.71428571428571,4.8,3.25
"A2W0G89O7E9EFO",1,"long-term",5.6,4.57142857142857,4.6,3
"A2W0G89O7E9EFO",2,"short-term",4.1,5.71428571428571,3.2,2
"A2W0G89O7E9EFO",3,"long-term",4.8,5.14285714285714,2.8,1.25
"A2W0G89O7E9EFO",4,"long-term",5.4,5.28571428571429,2.6,1.75
"A2W0G89O7E9EFO",5,"long-term",3.9,4.85714285714286,2.6,1.25
"A2WJMGV0HKQG3Z",1,"recurrance",5.5,6.42857142857143,5.2,3.5
"A2WJMGV0HKQG3Z",2,"long-term",6.2,5.71428571428571,5.8,3.5
"A2WJMGV0HKQG3Z",3,"recurrance",6.4,5.57142857142857,5.2,3.5
"A2WZ8ZEB00LYF7",1,"long-term",4.6,4.14285714285714,4.8,2.5
"A2WZ8ZEB00LYF7",2,"short-term",5.7,4,5,3.75
"A2X3FSFHV5GHJU",1,"long-term",5.4,5.57142857142857,2.6,1
"A2X3FSFHV5GHJU",2,"recurrance",3.8,5.28571428571429,1.8,2.75
"A2X3FSFHV5GHJU",3,"long-term",5.4,4.85714285714286,2,4
"A2Y0WNHMT4PZ4C",1,"long-term",6.5,5,5.2,4.5
"A2Y0WNHMT4PZ4C",2,"recurrance",6,6.42857142857143,3.8,3.75
"A2Y0WNHMT4PZ4C",3,"long-term",4.2,5.28571428571429,1.8,2.25
"A2YVAWO75X8R78",1,"long-term",5.7,4.85714285714286,4.4,4
"A2YVAWO75X8R78",2,"recurrance",5.3,6,5,3.5
"A2YVAWO75X8R78",3,"recurrance",5.8,4.28571428571429,4,2.5
"A2YVAWO75X8R78",4,"recurrance",4.5,4.28571428571429,3.4,3.25
"A2YVAWO75X8R78",5,"recurrance",NA,5.42857142857143,3.6,1.5
"A2ZGAH6NOSU2PO",1,"recurrance",5.5,5.28571428571429,3.8,3.25
"A2ZGAH6NOSU2PO",2,"short-term",5,5.71428571428571,3,2
"A2ZGAH6NOSU2PO",3,"long-term",4.9,5.42857142857143,3.8,4.25
"A2ZGAH6NOSU2PO",4,"short-term",6.3,6.28571428571429,2.2,3
"A2ZGAH6NOSU2PO",5,"short-term",4.3,5.85714285714286,3,2.25
"A302KOFOYLD89A",1,"long-term",5.4,4.57142857142857,4.4,4
"A302KOFOYLD89A",2,"recurrance",5.8,4.71428571428571,3.2,3.25
"A302KOFOYLD89A",3,"recurrance",5.7,4.85714285714286,4.4,3.25
"A30FIPRPFQRBO6",1,"recurrance",6.4,5.28571428571429,6.4,3.5
"A30FIPRPFQRBO6",2,"recurrance",6.1,4.85714285714286,5.2,5
"A30FIPRPFQRBO6",3,"long-term",4,3.14285714285714,4.6,2
"A30HUZHJBOX1LK",1,"recurrance",5,6.14285714285714,5,3.75
"A30HUZHJBOX1LK",2,"recurrance",5.2,5.57142857142857,4.4,3.5
"A314XJY8V1YL12",1,"long-term",5.7,4.28571428571429,4.4,3.5
"A314XJY8V1YL12",2,"long-term",5.7,5.14285714285714,5.4,3.5
"A314XJY8V1YL12",3,"recurrance",5.7,3.71428571428571,4.6,3.5
"A314XJY8V1YL12",4,"recurrance",5.5,4.28571428571429,4.2,2.5
"A321WQIFK10UV3",1,"long-term",6.1,6.42857142857143,3.2,3.5
"A321WQIFK10UV3",2,"recurrance",6.2,6.28571428571429,5.8,4.5
"A321WQIFK10UV3",3,"short-term",6.2,6.42857142857143,6,4.25
"A33RI08QRVG5Q0",1,"recurrance",4.9,5.71428571428571,3.2,3
"A33RI08QRVG5Q0",2,"recurrance",5.3,6,4.6,2.75
"A33RI08QRVG5Q0",3,"recurrance",5.6,5.14285714285714,5.8,2.75
"A33RI08QRVG5Q0",4,"recurrance",3.8,5.28571428571429,3.4,2
"A33RI08QRVG5Q0",5,"recurrance",3.8,5.28571428571429,3,1.5
"A34VLM2UC0JY11",1,"short-term",6.4,6,4.6,5
"A34VLM2UC0JY11",2,"long-term",6.1,5.57142857142857,2.8,4.25
"A350SLJRMBIFM4",1,"long-term",3.4,5.14285714285714,2.2,-0.25
"A350SLJRMBIFM4",2,"long-term",4.6,5.42857142857143,2.4,2.5
"A350SLJRMBIFM4",3,"short-term",5.4,5.85714285714286,1.8,3.5
"A350SLJRMBIFM4",4,"recurrance",4.1,4.71428571428571,5.8,2.5
"A351LMMMFYPM7U",1,"recurrance",4.6,5.14285714285714,2.2,2.75
"A351LMMMFYPM7U",2,"short-term",4.9,4.42857142857143,3.2,3.75
"A351LMMMFYPM7U",3,"long-term",4,3.42857142857143,3.6,3.5
"A351LMMMFYPM7U",4,"long-term",3.8,4.57142857142857,2.4,4
"A351LMMMFYPM7U",5,"long-term",5.1,4.14285714285714,3.8,2.75
"A36ZURENFWTYOZ",1,"long-term",4.2,5.85714285714286,1,1.5
"A36ZURENFWTYOZ",2,"long-term",4.8,4.85714285714286,2,2.75
"A36ZURENFWTYOZ",3,"short-term",3.6,5.57142857142857,3.6,1
"A36ZURENFWTYOZ",4,"recurrance",4.3,5.42857142857143,1.6,2.75
"A36ZURENFWTYOZ",5,"short-term",5.2,4.14285714285714,5.6,5
"A37PUSY6CJ7TQ0",1,"short-term",4.6,5.14285714285714,1,1.75
"A37PUSY6CJ7TQ0",2,"long-term",5.5,3.71428571428571,4,3.5
"A37PUSY6CJ7TQ0",3,"short-term",4.8,5.42857142857143,2,3.25
"A37PUSY6CJ7TQ0",4,"short-term",4,3.85714285714286,1.4,1
"A37PUSY6CJ7TQ0",5,"long-term",4.6,5,2,3.5
"A38BO0BRCQX6OV",1,"long-term",5.8,5,3.6,3.75
"A38BO0BRCQX6OV",2,"long-term",5.9,5.71428571428571,3.2,2
"A38BO0BRCQX6OV",3,"recurrance",6.4,5.14285714285714,NA,4
"A38DHLB88V8DL8",1,"recurrance",NA,5.57142857142857,3.2,3.5
"A38DHLB88V8DL8",2,"short-term",6,4.71428571428571,4,4
"A38DHLB88V8DL8",3,"short-term",4.9,4.14285714285714,2.8,3.5
"A38DHLB88V8DL8",4,"recurrance",5.3,3.28571428571429,3,3.75
"A3989GRV3UV5VW",1,"recurrance",5.9,5,2.6,1.5
"A3989GRV3UV5VW",2,"long-term",6.1,5.42857142857143,3.2,3
"A3989GRV3UV5VW",3,"long-term",4.5,4.57142857142857,2.2,1.5
"A39H9RIYRB5ZYV",1,"recurrance",5.9,6,3.4,2
"A39H9RIYRB5ZYV",2,"recurrance",6.8,5.28571428571429,3.4,3
"A39H9RIYRB5ZYV",3,"long-term",5.5,5.28571428571429,2.4,2.75
"A39H9RIYRB5ZYV",4,"recurrance",6.1,5.28571428571429,2.8,2.25
"A39H9RIYRB5ZYV",5,"long-term",5.8,5.85714285714286,3,2.75
"A3AE0JEXW4DB34",1,"short-term",6.4,6.42857142857143,3.4,3.25
"A3AE0JEXW4DB34",2,"recurrance",5.7,6,2,3.25
"A3AE0JEXW4DB34",3,"long-term",5.3,5.57142857142857,NA,4.25
"A3AE0JEXW4DB34",4,"recurrance",4.8,6.28571428571429,NA,1
"A3AE0JEXW4DB34",5,"long-term",6,6,NA,2
"A3AJJHOAV7WIUQ",1,"short-term",5.4,5.14285714285714,5.2,4.25
"A3AJJHOAV7WIUQ",2,"long-term",6.1,4.14285714285714,4.8,4.75
"A3AJJHOAV7WIUQ",3,"short-term",5.7,4.71428571428571,4,3.5
"A3BE3KXD518TZ4",1,"short-term",5.6,5.57142857142857,3.4,3.25
"A3BE3KXD518TZ4",2,"recurrance",5.5,5.85714285714286,5.2,3.5
"A3BE3KXD518TZ4",3,"long-term",6.3,5.42857142857143,5,2.25
"A3CAF7LTD3ORSG",1,"short-term",5.4,5.28571428571429,1.8,2
"A3CAF7LTD3ORSG",2,"short-term",4.7,4.57142857142857,2.2,2
"A3CAF7LTD3ORSG",3,"recurrance",NA,5.14285714285714,2.2,3.25
"A3E76V59BKGKCQ",1,"long-term",6.7,4.71428571428571,5.2,3.5
"A3E76V59BKGKCQ",2,"recurrance",5.9,5.85714285714286,6,3
"A3E76V59BKGKCQ",3,"short-term",4.9,5,2.6,3.75
"A3EXD5E390Z6B3",1,"recurrance",5.5,4.14285714285714,3.6,3.75
"A3EXD5E390Z6B3",2,"recurrance",5.8,4.28571428571429,5,2.25
"A3EXD5E390Z6B3",3,"short-term",4.2,4,5.8,4.25
"A3GI28OVLDI9ST",1,"short-term",4.9,6.14285714285714,4.4,1
"A3GI28OVLDI9ST",2,"short-term",5.6,5.42857142857143,4.6,3.5
"A3GI28OVLDI9ST",3,"short-term",4.6,5.85714285714286,4.4,2
"A3GI28OVLDI9ST",4,"long-term",4.7,4.85714285714286,3.8,3.5
"A3GI28OVLDI9ST",5,"short-term",5.4,5.42857142857143,5.4,2.75
"A3GZXU4FUJTKZD",1,"short-term",4.8,4.57142857142857,6.6,2.25
"A3GZXU4FUJTKZD",2,"short-term",5.4,3.71428571428571,2.4,2.25
"A3GZXU4FUJTKZD",3,"long-term",4.3,4.71428571428571,3.6,2
"A3GZXU4FUJTKZD",4,"short-term",4.2,5,2.6,1
"A3GZXU4FUJTKZD",5,"short-term",3.3,4.42857142857143,4,3
"A3HXM7BGH18FOW",1,"recurrance",5.1,5.42857142857143,2.8,4.5
"A3HXM7BGH18FOW",2,"long-term",3,3.28571428571429,1.6,0
"A3HXM7BGH18FOW",3,"recurrance",4.6,2.71428571428571,1.8,5
"A3KFFIBJZVM0J2",1,"short-term",4.3,5.71428571428571,3.6,0.5
"A3KFFIBJZVM0J2",2,"short-term",5.2,5.42857142857143,2.4,3
"A3KFFIBJZVM0J2",3,"short-term",4.4,5.57142857142857,3.4,0.75
"A3KFFIBJZVM0J2",4,"short-term",5.1,5.85714285714286,6.8,2.75
"A3KIDRWRKC7RI5",1,"long-term",5.4,5.85714285714286,3.4,4
"A3KIDRWRKC7RI5",2,"short-term",4.7,4.42857142857143,1.4,3.25
"A3KIDRWRKC7RI5",3,"recurrance",4.3,4.71428571428571,4,4.25
"A3KIDRWRKC7RI5",4,"long-term",5.6,4.57142857142857,4.2,4
"A3KIDRWRKC7RI5",5,"recurrance",4,3.57142857142857,2.6,1
"A3KIZLHCD945UK",1,"short-term",6,5.85714285714286,3.6,4.75
"A3KIZLHCD945UK",2,"recurrance",5.6,6.28571428571429,3.8,3.75
"A3KIZLHCD945UK",3,"short-term",6.5,5.14285714285714,6.4,4.25
"A3KNLR8H286IHT",1,"short-term",6.1,5.71428571428571,1.4,0.75
"A3KNLR8H286IHT",2,"recurrance",5.8,6,4.2,4
"A3KNLR8H286IHT",3,"recurrance",6.1,4.57142857142857,4.8,3
"A3LL096CAY5WHB",1,"recurrance",5.8,4.71428571428571,4.2,4.25
"A3LL096CAY5WHB",2,"recurrance",5.6,5,5.6,3.25
"A3M81P9BEVE1GD",1,"short-term",6,4.71428571428571,5.2,3.25
"A3M81P9BEVE1GD",2,"recurrance",5.3,5,6.2,3
"A3M81P9BEVE1GD",3,"recurrance",6,4.42857142857143,6,3.75
"A3M81P9BEVE1GD",4,"short-term",6.4,3.57142857142857,5.8,2.75
"A3M81P9BEVE1GD",5,"long-term",5.6,4.57142857142857,5.8,2.5
"A3NKNOE5HIXXL",1,"short-term",5.9,5.71428571428571,3.6,3
"A3NKNOE5HIXXL",2,"long-term",NA,4.57142857142857,3.6,3.75
"A3NKNOE5HIXXL",3,"long-term",5.9,4.57142857142857,2.2,4.5
"A3NLSGHK6RFXA8",1,"long-term",5.9,5.42857142857143,4,4
"A3NLSGHK6RFXA8",2,"recurrance",5.4,5.71428571428571,3.4,3.5
"A3NLSGHK6RFXA8",3,"short-term",5.9,5.85714285714286,2,0.75
"A3NLSGHK6RFXA8",4,"long-term",5.6,5.57142857142857,1,2.25
"A3NRAEKWOKVUNN",1,"recurrance",3.2,4.85714285714286,1.4,1.75
"A3NRAEKWOKVUNN",2,"long-term",3.9,4,1.8,1.5
"A3NXT3OVGL7QNR",1,"long-term",6.5,5.14285714285714,3,1.75
"A3O0ZQMDKOKAMR",1,"recurrance",5.8,4.85714285714286,4.6,3.75
"A3O0ZQMDKOKAMR",2,"long-term",6.2,5.28571428571429,3.4,3.25
"A3OAXRZT3MVJML",1,"long-term",NA,5.14285714285714,1.8,3.5
"A3OAXRZT3MVJML",2,"short-term",3.7,4.85714285714286,2.2,2.75
"A3OAXRZT3MVJML",3,"long-term",NA,4.85714285714286,3,3.75
"A3OLRWACCCCUTU",1,"short-term",5.4,5.71428571428571,3.4,1.5
"A3OLRWACCCCUTU",2,"short-term",3,5,1.8,1.25
"A3OLRWACCCCUTU",3,"recurrance",4.7,5.28571428571429,2.6,3.75
"A3OLRWACCCCUTU",4,"recurrance",5.4,4.71428571428571,2,4.75
"A3OLRWACCCCUTU",5,"short-term",5.4,5.85714285714286,3.4,2
"A3OPRR8AXT6OSJ",1,"recurrance",6.2,5.71428571428571,2.4,2.25
"A3OPRR8AXT6OSJ",2,"recurrance",6.8,5.57142857142857,3.2,3
"A3OPRR8AXT6OSJ",3,"recurrance",6.2,6.28571428571429,3.4,3
"A3OUNEJO97MM8E",1,"short-term",4.9,5.14285714285714,4.8,2.5
"A3OUNEJO97MM8E",2,"long-term",6.6,4.85714285714286,7,3
"A3OUNEJO97MM8E",3,"short-term",4.3,5.57142857142857,5.6,2.25
"A3PGCZCYMXQMZ8",1,"recurrance",5.6,5.85714285714286,4.2,5
"A3PGCZCYMXQMZ8",2,"long-term",5,6,1.6,1.25
"A3PGCZCYMXQMZ8",3,"long-term",6.3,5.71428571428571,NA,4.75
"A3PGCZCYMXQMZ8",4,"long-term",4.3,4.85714285714286,NA,2.25
"A3PSV85ZUXP9VF",1,"long-term",4.7,5.14285714285714,3.2,3
"A3PSV85ZUXP9VF",2,"short-term",3.9,5.14285714285714,2.2,3.25
"A3PSV85ZUXP9VF",3,"short-term",5.1,5,3.2,4
"A3QSFE6GKO157S",1,"recurrance",5.2,6.14285714285714,1,4.25
"A3QSFE6GKO157S",2,"recurrance",5.8,6,1,5
"A3ROYUO9LWA22S",1,"short-term",6.4,5.85714285714286,6.4,4
"A3ROYUO9LWA22S",2,"short-term",6.5,5.71428571428571,6.4,4
"A3ROYUO9LWA22S",3,"long-term",6.6,5.85714285714286,5.2,3.25
"A3ROYUO9LWA22S",4,"short-term",6.5,5.28571428571429,5.2,2.5
"A3ROYUO9LWA22S",5,"recurrance",6.9,5.57142857142857,6.2,3.5
"A3U2S6OPJNS4AQ",1,"short-term",6,4.57142857142857,3,3.25
"A3U4SSUB9ZZ9T0",1,"long-term",6.5,4.71428571428571,5.6,4.5
"A3U4SSUB9ZZ9T0",2,"recurrance",5.5,5.42857142857143,3.6,3.75
"A3U4SSUB9ZZ9T0",3,"recurrance",6.6,5.28571428571429,5.4,3.5
"A3UUH3632AI3ZX",1,"short-term",6.6,6.28571428571429,4.4,3
"A3VYBAO7UQQHGC",1,"short-term",4.3,5.57142857142857,2.6,3.5
"A3VYBAO7UQQHGC",2,"short-term",5.9,6.28571428571429,2.2,3.5
"A3VYBAO7UQQHGC",3,"short-term",5.4,5.28571428571429,2.8,1.75
"A3VZUPCZB4Q9XW",1,"recurrance",4.7,5.28571428571429,3,2
"A3VZUPCZB4Q9XW",2,"long-term",4.5,4,3.2,1.5
"A3VZUPCZB4Q9XW",3,"long-term",4,4.71428571428571,2.8,1.5
"A3VZUPCZB4Q9XW",4,"long-term",4.2,3.71428571428571,4.2,2.5
"A3VZUPCZB4Q9XW",5,"recurrance",2.8,4.71428571428571,2.4,1.25
"A47VCO946DO5K",1,"short-term",5.8,5.85714285714286,5,3
"A47VCO946DO5K",2,"long-term",4.7,4.85714285714286,1.2,3
"A47VCO946DO5K",3,"long-term",4.9,4.28571428571429,NA,1.75
"A49CVVOWN4D6Y",1,"long-term",5.5,5,1.2,5
"A49CVVOWN4D6Y",2,"long-term",6.5,5,3.4,4.75
"A49CVVOWN4D6Y",3,"long-term",5.5,6,7,5
"A49CVVOWN4D6Y",4,"long-term",6.6,5,3,3.75
"A49CVVOWN4D6Y",5,"short-term",5.9,5.71428571428571,2.4,0
"A4BDXOXC4D8FX",1,"short-term",5,6.42857142857143,4.6,3.75
"A4BDXOXC4D8FX",2,"short-term",5.8,6.28571428571429,2,2.25
"A4BDXOXC4D8FX",3,"recurrance",4.5,6.42857142857143,2.6,4.5
"A5A14MTB35J23",1,"recurrance",4.5,5.85714285714286,2.6,2
"A5A14MTB35J23",2,"recurrance",NA,5.85714285714286,2.4,3
"A5A14MTB35J23",3,"short-term",3.1,6,2.2,0.25
"A5A14MTB35J23",4,"recurrance",4.5,NA,2.4,0
"A5A14MTB35J23",5,"long-term",5.7,5.14285714285714,4.8,2.5
"A5E2P5F1AXYZ1",1,"recurrance",5.2,4.85714285714286,3.6,2.5
"A5E2P5F1AXYZ1",2,"recurrance",5.6,5.28571428571429,4.4,4
"A5E2P5F1AXYZ1",3,"long-term",5.1,4.71428571428571,3.4,3.75
"A5E2P5F1AXYZ1",4,"long-term",4.7,4.28571428571429,3.4,3.75
"A5E2P5F1AXYZ1",5,"recurrance",5.9,5.71428571428571,4.4,3.75
"A6JUD4NCQCDWG",1,"long-term",5.1,NA,2.8,3.5
"A6JUD4NCQCDWG",2,"short-term",4.8,5,NA,3.25
"A6R5AQ4D638BH",1,"long-term",5.6,6,4.2,0.75
"A6R5AQ4D638BH",2,"short-term",5.4,6.28571428571429,3.6,3.25
"A6R5AQ4D638BH",3,"short-term",5.7,6.42857142857143,NA,4.25
"A770OB1ZAGJ4G",1,"recurrance",5.8,5.57142857142857,5.4,4
"A770OB1ZAGJ4G",2,"recurrance",6.1,4.85714285714286,5.2,4.5
"A770OB1ZAGJ4G",3,"recurrance",6.4,5.42857142857143,6.2,4.5
"A770OB1ZAGJ4G",4,"recurrance",7,6,6.8,4
"A7P3R1AIA4TVV",1,"recurrance",4.2,4.57142857142857,2,3.25
"A7P3R1AIA4TVV",2,"long-term",5.5,4.28571428571429,3.2,4
"A7P3R1AIA4TVV",3,"short-term",4.7,4.71428571428571,2.4,2.5
"AADRZTXSE7211",1,"recurrance",5.5,5.42857142857143,3.8,2.75
"AADRZTXSE7211",2,"short-term",5,4.85714285714286,3.6,4
"AADRZTXSE7211",3,"recurrance",4.9,5.57142857142857,3.8,3.5
"AADRZTXSE7211",4,"recurrance",5.2,5,4,2.5
"AAHZCL4LIPCBQ",1,"long-term",6.7,6.42857142857143,4.6,3.5
"AAHZCL4LIPCBQ",2,"recurrance",6.7,6.42857142857143,4.6,3.5
"AAHZCL4LIPCBQ",3,"recurrance",7,6.14285714285714,4.6,3.5
"ABOEYY9Y0PFRI",1,"recurrance",2.9,4.42857142857143,1.4,3
"ABOEYY9Y0PFRI",2,"recurrance",4.1,4.42857142857143,1.2,2.5
"ABOEYY9Y0PFRI",3,"recurrance",NA,4,NA,1.5
"ADJ9I7ZBFYFH7",1,"short-term",4.4,5.57142857142857,1.4,1
"ADJ9I7ZBFYFH7",2,"short-term",5.5,5.71428571428571,4,4.5
"ADJ9I7ZBFYFH7",3,"recurrance",4.5,5.57142857142857,3.2,4.5
"ADYMIMV1PE14V",1,"long-term",6.7,6,6.4,5
"ADYMIMV1PE14V",2,"recurrance",6.2,6.14285714285714,5.6,5
"ADYMIMV1PE14V",3,"short-term",5,5.71428571428571,2,2.5
"AF0W4ZBY7VXOU",1,"recurrance",6.7,5,4.6,2.5
"AF0W4ZBY7VXOU",2,"short-term",6.6,5.42857142857143,4.8,3.25
"AF0W4ZBY7VXOU",3,"recurrance",6.4,5.57142857142857,3.4,3.5
"AFMAFX0P2YRRV",1,"short-term",4.3,6,4.2,3.5
"AH00EJ6PK1H3A",1,"short-term",5.2,6,1.6,3.5
"AH00EJ6PK1H3A",2,"recurrance",3.7,5.71428571428571,1,1.5
"AH00EJ6PK1H3A",3,"recurrance",4.9,5.14285714285714,1.6,1
"AHGDYNKOKJWFJ",1,"short-term",4.6,4.85714285714286,4,4.25
"AHGDYNKOKJWFJ",2,"short-term",4.5,4.71428571428571,2.8,3.25
"AHGDYNKOKJWFJ",3,"short-term",3.8,5,2.2,3.25
"AHKRGPN5D3I2G",1,"recurrance",6.6,6.28571428571429,2,1
"AHKRGPN5D3I2G",2,"short-term",7,6.14285714285714,2.4,2.5
"AHKRGPN5D3I2G",3,"long-term",6.9,6.28571428571429,6.4,2.75
"AHKRGPN5D3I2G",4,"recurrance",6.7,6.42857142857143,6.8,3.25
"AHKRGPN5D3I2G",5,"long-term",6.9,6.57142857142857,5.8,2
"AHYTT3T8W9Y9Y",1,"recurrance",4.8,5.71428571428571,3.8,4.25
"AIA7RZSAONU5M",1,"recurrance",5,3.28571428571429,4,4.5
"AIA7RZSAONU5M",2,"recurrance",5.2,3.85714285714286,4.6,4.5
"AIA7RZSAONU5M",3,"recurrance",5.8,4.57142857142857,5.4,3.25
"AIHHRINW9IN1I",1,"short-term",4.6,5.57142857142857,2.4,3.25
"AIHHRINW9IN1I",2,"short-term",4.3,5.71428571428571,NA,4
"AIHHRINW9IN1I",3,"short-term",4.8,5.28571428571429,3.4,4.25
"AIHUIAQ4922K3",1,"recurrance",5,5.28571428571429,3,3
"AIHUIAQ4922K3",2,"recurrance",5.1,4.57142857142857,2.8,3.5
"AJ4T7PTRYNSUW",1,"long-term",5.9,5,6.2,3.5
"AJ4T7PTRYNSUW",2,"long-term",5.7,4,3.8,5
"AJ4T7PTRYNSUW",3,"long-term",3.8,5.28571428571429,1.8,2.75
"AJ9O2ZA0E8UDZ",1,"recurrance",5.4,4.71428571428571,2.8,2.5
"AJ9O2ZA0E8UDZ",2,"recurrance",5.4,4.28571428571429,4,3.5
"AJ9O2ZA0E8UDZ",3,"short-term",6.2,3.57142857142857,NA,3.5
"AJDHPRCJ985C7",1,"recurrance",NA,5.71428571428571,2,2.75
"AJDHPRCJ985C7",2,"recurrance",4.1,5.42857142857143,6.2,3.5
"AJDHPRCJ985C7",3,"short-term",5.3,4.85714285714286,3.8,NA
"AJDHPRCJ985C7",4,"recurrance",4.6,5,2.6,-0.25
"AJDHPRCJ985C7",5,"long-term",4.3,3.85714285714286,3,-0.5
"AJMWITY1XT7H7",1,"recurrance",4.5,5.42857142857143,4.2,4.75
"AJMWITY1XT7H7",2,"recurrance",4.4,5.71428571428571,1.8,4
"AJMWITY1XT7H7",3,"short-term",5,5.57142857142857,2.8,3.25
"AJMWITY1XT7H7",4,"recurrance",4.7,4.57142857142857,4,5
"AJQ71YIGY01HZ",1,"long-term",5,5.71428571428571,3.4,3.75
"AJQ71YIGY01HZ",2,"long-term",6.4,4.42857142857143,3.2,4.5
"AKMOBFEEKW378",1,"recurrance",5.2,5.85714285714286,2.6,4.25
"AKMOBFEEKW378",2,"recurrance",5.5,5.14285714285714,3.8,3.75
"AKMOBFEEKW378",3,"recurrance",6.1,4.42857142857143,2.8,1.5
"AKMOBFEEKW378",4,"long-term",5.2,4.85714285714286,3.8,4.5
"AKMOBFEEKW378",5,"long-term",5.4,4.71428571428571,3.4,3.5
"AKX5RHHO8BIUX",1,"short-term",4.9,5.71428571428571,3.8,3.25
"AKX5RHHO8BIUX",2,"recurrance",6.4,4.85714285714286,6.6,3
"AKX5RHHO8BIUX",3,"short-term",4,5.57142857142857,3.6,3
"AKX5RHHO8BIUX",4,"short-term",5.2,4.85714285714286,4.8,2.75
"AKX5RHHO8BIUX",5,"short-term",4.4,5.28571428571429,4.6,2.25
"AL7UTA8J27TFK",1,"recurrance",6.7,6.28571428571429,5.4,4.25
"AL7UTA8J27TFK",2,"long-term",5.7,6.28571428571429,2.2,2.75
"AL7UTA8J27TFK",3,"short-term",5.4,6.42857142857143,2.8,2.75
"AL7UTA8J27TFK",4,"long-term",6.1,5.42857142857143,6,5
"ALAOEYIYW0CW7",1,"long-term",NA,4.28571428571429,5.2,4
"ALAOEYIYW0CW7",2,"recurrance",6.3,5.71428571428571,6.2,4.25
"ALAOEYIYW0CW7",3,"recurrance",6.8,4.71428571428571,NA,3
"ALAOEYIYW0CW7",4,"long-term",5.6,5.14285714285714,NA,2.75
"ALAOEYIYW0CW7",5,"recurrance",6.9,5.71428571428571,NA,3.75
"ALDQRWYZ8KQ9A",1,"long-term",5,4.85714285714286,2.4,4.25
"ALDQRWYZ8KQ9A",2,"recurrance",4.5,5,3,3.5
"ALDQRWYZ8KQ9A",3,"recurrance",3.8,5.28571428571429,3.8,3
"AM0QVBV8L6QCJ",1,"long-term",4.9,5.71428571428571,3.4,4.5
"AM0QVBV8L6QCJ",2,"long-term",6,5.14285714285714,3,3.5
"AMA18W8F60Y2J",1,"short-term",4.6,4.42857142857143,2.4,3.5
"AMTTB8JUWRRM7",1,"long-term",5.6,5.28571428571429,1.4,3.75
"AMTTB8JUWRRM7",2,"recurrance",4.7,4.42857142857143,1,4.75
"ANZNAAS2K0DSY",1,"short-term",6,5.85714285714286,3.4,4.25
"ANZNAAS2K0DSY",2,"short-term",4.2,4.42857142857143,5.2,4.5
"ANZNAAS2K0DSY",3,"short-term",2.6,6.42857142857143,1.2,0.5
"AOS2PVHT2HYTL",1,"short-term",4.9,6.14285714285714,4.4,4.5
"AOS2PVHT2HYTL",2,"short-term",5.1,6.28571428571429,3.8,2.25
"AOS2PVHT2HYTL",3,"short-term",5.2,6.14285714285714,2.8,4.75
"APY7YO8CH0ZDP",1,"recurrance",6.3,4.85714285714286,3.8,4.5
"APY7YO8CH0ZDP",2,"recurrance",5.8,5.28571428571429,2.4,3
"APY7YO8CH0ZDP",3,"recurrance",5.5,4.14285714285714,2.4,3.25
"AQAXDL1INQC9Q",1,"recurrance",4.8,5.28571428571429,2.4,2.75
"AQAXDL1INQC9Q",2,"recurrance",4.6,4.71428571428571,2,2.75
"AQAXDL1INQC9Q",3,"recurrance",4.4,4.71428571428571,5,2
"AQMLJYUQCSG22",1,"recurrance",4.2,5.42857142857143,2.4,4.5
"AQMLJYUQCSG22",2,"long-term",3.6,4.28571428571429,2.2,2.25
"AQMLJYUQCSG22",3,"short-term",2.9,5.71428571428571,1.8,2.5
"ARQR5NIFA1AJ",1,"long-term",4.8,4.42857142857143,2.8,4.5
"ARQR5NIFA1AJ",2,"recurrance",5.5,4,6,2.5
"ARQR5NIFA1AJ",3,"short-term",3.8,5.42857142857143,3.2,3
"AS2MFSWNC5CQI",1,"long-term",6.5,6.14285714285714,2.2,3.75
"AS2MFSWNC5CQI",2,"long-term",6.3,6,4.6,5
"AS2MFSWNC5CQI",3,"long-term",3.1,5,4,1.5
"AS2MFSWNC5CQI",4,"long-term",3.7,4.14285714285714,2.6,4.25
"AS6FM754MF2B2",1,"recurrance",6,5,3,3.75
"AS6FM754MF2B2",2,"recurrance",6.1,5,4.6,4.5
"AS6FM754MF2B2",3,"long-term",5.8,4,3.2,3.75
"AS6FM754MF2B2",4,"short-term",3.9,3.85714285714286,2.8,2.75
"ASY5W2HJPIPF4",1,"short-term",3.5,6.14285714285714,2,-0.5
"ASY5W2HJPIPF4",2,"short-term",4.9,4.71428571428571,6,5
"AT6LDQNLKTUSE",1,"short-term",6,5.85714285714286,4.8,3.25
"AT6LDQNLKTUSE",2,"long-term",5.4,4.57142857142857,5.2,4
"AU34T9OMHN4Z4",1,"recurrance",NA,5.42857142857143,3,3.5
"AU34T9OMHN4Z4",2,"recurrance",6,5.57142857142857,3.2,5
"AU34T9OMHN4Z4",3,"long-term",6.3,5.14285714285714,5.4,5
"AUQTHU5AOZVQC",1,"short-term",6.1,6.28571428571429,5,4.25
"AUQTHU5AOZVQC",2,"short-term",6.6,6,5,1.5
"AUQTHU5AOZVQC",3,"short-term",6.8,5.28571428571429,5.6,4
"AUQTHU5AOZVQC",4,"short-term",6.4,5.14285714285714,4.8,3.75
"AUQTHU5AOZVQC",5,"recurrance",6.3,6,5,4.25
"AVKMFV9CZ0MLR",1,"recurrance",6.7,6.42857142857143,6.4,3.5
"AVKMFV9CZ0MLR",2,"recurrance",7,6.42857142857143,4.6,3.5
"AVKMFV9CZ0MLR",3,"recurrance",6.7,5.57142857142857,4.6,2
"AVKMFV9CZ0MLR",4,"recurrance",7,6.42857142857143,4.6,2.75
"AVKMFV9CZ0MLR",5,"recurrance",6.7,6.57142857142857,5.2,2.75
"AWTGJ45ZWUCHH",1,"short-term",6.1,6,4,3.5
"AWTGJ45ZWUCHH",2,"short-term",3.3,6,2.2,2.75
"AWTGJ45ZWUCHH",3,"long-term",6.1,6.42857142857143,5.2,3.5
"AWTGJ45ZWUCHH",4,"short-term",5.2,6.28571428571429,5.2,1.75
"AWTGJ45ZWUCHH",5,"short-term",5.2,5.57142857142857,2.8,1.25
"AWVLT2L5AP873",1,"recurrance",4.5,5.85714285714286,5,2.5
"AWVLT2L5AP873",2,"recurrance",NA,5.71428571428571,4,0.75
"AWVLT2L5AP873",3,"recurrance",4.7,4.71428571428571,4.4,3.25
"AXF0OX50YZQC6",1,"recurrance",5.1,6.28571428571429,3.6,5
"AXF0OX50YZQC6",2,"short-term",7,5.85714285714286,2.8,4.75
"AXF0OX50YZQC6",3,"long-term",5.9,5.42857142857143,3.4,3.5
"AXF0OX50YZQC6",4,"long-term",6.1,6.28571428571429,4.2,4
"AXF0OX50YZQC6",5,"recurrance",5.7,6.28571428571429,2.2,5
"AY4E4CDN0J6JL",1,"short-term",5.7,5.42857142857143,3.8,1
"AY4E4CDN0J6JL",2,"recurrance",4.6,5.28571428571429,3.2,5
"AY4E4CDN0J6JL",3,"short-term",4.5,4.28571428571429,6.4,4
"AY4E4CDN0J6JL",4,"short-term",3.7,5.57142857142857,3.4,3
"AY5QPUSEADPBG",1,"short-term",6.1,5.42857142857143,1.6,1.25
"AY5QPUSEADPBG",2,"recurrance",6.4,4.14285714285714,3.8,3.5
"AYA1LRB27KSR1",1,"short-term",6.6,5.14285714285714,4.6,4.25
"AYA1LRB27KSR1",2,"recurrance",6.8,5.85714285714286,4.6,4
"AYA1LRB27KSR1",3,"recurrance",6.7,5.85714285714286,4.6,4.75
"AYA1LRB27KSR1",4,"recurrance",6.8,4.85714285714286,7,4.75
"AYA1LRB27KSR1",5,"recurrance",6.8,6,5.6,3
"AYNDATHZBJZ6E",1,"recurrance",6.2,NA,4.6,2
"AYNDATHZBJZ6E",2,"long-term",6,4.85714285714286,6,4.25
"AYNDATHZBJZ6E",3,"recurrance",5.9,4,6.4,5
"AYPOAY43REHC8",1,"long-term",6.4,5.71428571428571,5.8,4.25
"AYPOAY43REHC8",2,"short-term",6.7,6.42857142857143,5.2,3.5
"AYPOAY43REHC8",3,"recurrance",6.3,4.28571428571429,NA,5
"AYPOAY43REHC8",4,"recurrance",5.9,5.71428571428571,NA,2
"AYPOAY43REHC8",5,"recurrance",5.8,5.71428571428571,NA,3.5
