MTurkCode,goal_order,goals,content,content-other,healthy,weight control,body composition/shape,diet,specific diet type,exercise,specific exercise type,specific weight lost,specific time /frequency,other health 
AHYTT3T8W9Y9Y,1,My goal is to lose weight over the next three months. I feel that by adding an extra fifteen minutes of exercise everyday I will hopefully accomplish this. ,physical health,,,1,,,,1,1,,,
A3KNLR8H286IHT,1,I want to have my YouTube Channel hit 100 subscribers.,leisure,,,,,,,,,,,
A3KNLR8H286IHT,2,I want to drop my weight down from 165 to 155.,physical health,,,1,,,,,,1,,
A3KNLR8H286IHT,3,I want to have at $1000 in my brokerage account.,finance,,,,,,,,,,,
A3NRAEKWOKVUNN,1,My goal is to earn at least $30 per week on Mturk.,finance,,,,,,,,,,,
A3NRAEKWOKVUNN,2,My goal is to have a net worth of $600K by 3/23/2022.,finance,,,,,,,,,,,
AHGDYNKOKJWFJ,1,I would like to lose 20 lbs,physical health,,,1,,,,,,1,,
AHGDYNKOKJWFJ,2,I would like to get a better job,work/career development,,,,,,,,,,,
AHGDYNKOKJWFJ,3,I would like to completely clean my house,house work,,,,,,,,,,,
A1R5W4RQZTROD8,1,My goal is to train my new puppy to become a very well-trained dog over the next three months.,other,pet,,,,,,,,,,
A1R5W4RQZTROD8,2,My goal is to enjoy myself by going fishing as often as possible.,leisure,,,,,,,,,,,
A1R5W4RQZTROD8,3,My goal is to save $500 a month.,finance,,,,,,,,,,,
A1R5W4RQZTROD8,4,My goal is to either do cardio or lift weights every day.,physical health,,,,,,,1,,,,
A1XUZFDVKP95VC,1,getting my small business off the ground in the next 6 months,work/career development,,,,,,,,,,,
A1XUZFDVKP95VC,2,advocating for my eye surgery to be covered from my insurance company,other,insurance,,,,,,,,,,
A22SZHZTF72TRM,1,My goal is to run a sub 25min 5k within 3 months.,physical health,,,,,,,1,,,,
A22SZHZTF72TRM,2,My goal is to lose 5 lbs in the next 2 months.,physical health,,,1,,,,,,1,,
A22SZHZTF72TRM,3,My goal is to take time to appreciate small things every day.,mental health,,,,,,,,,,,
A22SZHZTF72TRM,4,My goal is to keep my apartment clean on a weekly basis.,house work,,,,,,,,,,,
A1G187YBG0DVMQ,1,My goalis to get blood pressure down to normal range in the following month,physical health,,,,,,,,,,,1
A1G187YBG0DVMQ,2,My goal is to starting tackling credit card debt,finance,,,,,,,,,,,
A1G187YBG0DVMQ,3,My goalis to make new friends,social/relationship,,,,,,,,,,,
A2BJTPZLXIGO8D,1,I want to cultivate a garden and produce my own food through this Summer.,house work,,,,,,,,,,,
A2BJTPZLXIGO8D,2,I want to start my own business and make money working for myself.,work/career development,,,,,,,,,,,
A2BJTPZLXIGO8D,3,"I want to begin working out again, mainly on my abs.",physical health,,,,,,,1,,,,
A2DVV59R1CQU6T,1,My goal is to become fluent in Spanish in the next year.,skill development,,,,,,,,,,,
A2DVV59R1CQU6T,2,My goal is to be intimate with my partner three times per week.,social/relationship,,,,,,,,,,,
A2DVV59R1CQU6T,3,My goal is to exercise five times per week.,physical health,,,,,,,1,,,,
A2ASTDMWBCFIP0,1,Lose thirty pounds three months,physical health,,,1,,,,,,1,,
A2ASTDMWBCFIP0,2,Go back to college this summer to work on degree in three months,academic/school,,,,,,,,,,,
A21BXRUD15TQL8,1,I want to find a job that is meaningful to me in the next year.,work/career development,,,,,,,,,,,
A21BXRUD15TQL8,2,I would like to lose 5 pounds of weight in the next 3 months.,physical health,,,1,,,,,,,,
A21BXRUD15TQL8,3,"I want to be highly active three times a week-- such as going on a hike, or spending 45 minutes on the ellipitcal.",physical health,,,,,,,1,,,,
AJ9O2ZA0E8UDZ,1,To earn enough from m side hustle and business for savings,finance,,,,,,,,,,,
AJ9O2ZA0E8UDZ,2,To be healthier and exercise in a regular basis,physical health,,1,,,,,1,,,,
AJ9O2ZA0E8UDZ,3,To secure a good paying job and be able to help my husband meet out financial goal.,finance,,,,,,,,,,,
A3LL096CAY5WHB,1,My goal is to move my diet towards a more healthy and notorious diet in the next few months. I eat too much junk food and need to begin by phasing that out and switching to more nutritious meals.,physical health,,1,,,1,,,,,,
A3LL096CAY5WHB,2,Another goal of mine is to start working out more. I'll start by going out on walks and hopefully within a few months have a full weekly workout routine so that I can get into shape.,physical health,,,,,,,1,,,,
A2LT6KC1X51FVW,1,I want to complete sets of various exercises five days a week.,physical health,,,,,,,1,,,,
A2LT6KC1X51FVW,2,"I want to cook at home, instead of grabbing takeout, Monday through Friday of every week.",physical health,,,,,1,,,,,,
AWVLT2L5AP873,1,My goal is that I want to keep eating oatmeal every single day,physical health,,,,,1,,,,,,
AWVLT2L5AP873,2,My goal is that I want to earn at least 50 dollars a day on MTurk,finance,,,,,,,,,,,
AWVLT2L5AP873,3,My goal is that I want to walk at least 30 minutes straight every day,physical health,,,,,,,1,,,,
A3U4SSUB9ZZ9T0,1,My goal is to pay down debt.,finance,,,,,,,,,,,
A3U4SSUB9ZZ9T0,2,My goal is to exercise at least three times a week.,physical health,,,,,,,1,,,,
A3U4SSUB9ZZ9T0,3,My goal is to save more for retirement and increase savings.,finance,,,,,,,,,,,
A2R9OK4M877ZCC,1,Schedule and take a vacation,leisure,,,,,,,,,,,
A2R9OK4M877ZCC,2,pay off credit cards,finance,,,,,,,,,,,
A2R9OK4M877ZCC,3,work toward promotion,work/career development,,,,,,,,,,,
A1O9PAK6THJ9Y7,1,Lose 50 pounds within the next 8 months,physical health,,,1,,,,,,1,,
A1O9PAK6THJ9Y7,2,"Pay off all debts, except car and house, within 8 months",finance,,,,,,,,,,,
A2AT6TSPPCR106,1,My goal is to lose 20 pounds in 3 months,physical health,,,1,,,,,,1,,
A2AT6TSPPCR106,2,My goal is to exercise 3 times per week for 3 months,physical health,,,,,,,1,,,,
A2AT6TSPPCR106,3,My goal is to save $2000 in 3 months,finance,,,,,,,,,,,
A2AT6TSPPCR106,4,My goal is to spend more quality time with my children.,family,,,,,,,,,,,
A28J7H4TH29DC3,1,My goal is to lose 5 pounds in three months.,physical health,,,1,,,,,,1,,
A28J7H4TH29DC3,2,My goal is to shop less and only buy things I truly need every month.,finance,,,,,,,,,,,
A28J7H4TH29DC3,3,My goal is to quit smoking by the end of the year.,physical health,,,,,,,,,,,1
A1VRG5HKZC0H0C,1,My goal is to attend Wrestlemania on April 10th and 11th.,leisure,,,,,,,,,,,
A1VRG5HKZC0H0C,2,My goal is to get the COVID vaccine within the next 3 months.,physical health,,,,,,,,,,,1
A1VRG5HKZC0H0C,3,My goal is meet all deadlines for work in the upcoming quarter-end.,work/career development,,,,,,,,,,,
A1VRG5HKZC0H0C,4,"My goal is to average 4,000 steps a day which is up from my current average of 3,000.",physical health,,,,,,,1,,,,
A1VRG5HKZC0H0C,5,My goal is to do arm curls at least every 3 days to build up some muscle.,physical health,,,,,,,1,,,,
A351LMMMFYPM7U,1,My goal is to save at least $200 each month,finance,,,,,,,,,,,
A351LMMMFYPM7U,2,My goal is to get my lower back surgery finished in the next 3 months,physical health,,,,,,,,,,,1
A351LMMMFYPM7U,3,My goal is to sell my house in the next year,finance,,,,,,,,,,,
A351LMMMFYPM7U,4,My goal is to lose 10 pounds in the next 6 months,physical health,,,1,,,,,,1,,
A351LMMMFYPM7U,5,My goal is to get closer to my two grown children in the next year,family,,,,,,,,,,,
A2NHFSO7GMM8QR,1,my goal is to save 200 dollars monthly.,finance,,,,,,,,,,,
A2NHFSO7GMM8QR,2,my goal is to eat more vegetable per serving everyday.,physical health,,,,,1,,,,,,
A2VNSNAN1LZBAM,1,My goal is to quit smoking for good in the next 2 months,physical health,,,,,,,,,,,1
A2VNSNAN1LZBAM,2,My goal is to lose at least 30 lbs. in the next 6 months,physical health,,,1,,,,1,,,,
A2VNSNAN1LZBAM,3,My goal is to move to Texas within the next 3 months,other,moving,,,,,,,,,,
A3KIZLHCD945UK,1,My goal is to lose 10 pounds in 2 months,physical health,,,1,,,,,,1,,
A3KIZLHCD945UK,2,"My goal is to walk 10,000 steps everyday.",physical health,,,,,,,1,,,,
A3KIZLHCD945UK,3,My goal is to quit smoking in the next 3 months.,physical health,,,,,,,,,,,1
A1720HSKGQ41VJ,1,My goal is to buy a house in the next 3 months.,finance,,,,,,,,,,,
A1720HSKGQ41VJ,2,I would like my weight to go below 200 pounds within 3 months.,physical health,,,1,,,,,,1,,
A1720HSKGQ41VJ,3,I would like to spend at least 30 minutes a week looking for a part time job.,work/career development,,,,,,,,,,,
A1720HSKGQ41VJ,4,My goal is to pray and read scriptures everyday.,religion,,,,,,,,,,,
A26NGLGGFTATVN,1,I want to improve my body composition by losing fat and building muscle,physical health,,,1,,,,,,,,
A26NGLGGFTATVN,2,I want to increase my monthly income with smart investing.,finance,,,,,,,,,,,
A30HUZHJBOX1LK,1,"I intend to lose 30 lbs in the next 3 months, 10 lbs each month",physical health,,,1,,,,,,1,,
A30HUZHJBOX1LK,2,I intend to walk on the treadmill 6 hours each week,physical health,,,,,,,1,,,,
A4BDXOXC4D8FX,1,My goal is to buy a car.,finance,,,,,,,,,,,
A4BDXOXC4D8FX,2,My goal is to become a successful livestreamer.,work/career development,,,,,,,,,,,
A4BDXOXC4D8FX,3,My goal is to eat healthier.,physical health,,1,,,1,,,,,,
A3AJJHOAV7WIUQ,1,My goal is to catch up on my bills in the next three months.,finance,,,,,,,,,,,
A3AJJHOAV7WIUQ,2,My goal is to quit smoking in 2021.,physical health,,,,,,,,,,,1
A3AJJHOAV7WIUQ,3,My goal is to walk for at least 45 minutes every day for the next two weeks.,physical health,,,,,,,1,,,,
AS2MFSWNC5CQI,1,Save more money towards early retirement by the time I'm 40,finance,,,,,,,,,,,
AS2MFSWNC5CQI,2,Save more money and buy a small but nice house out right.,finance,,,,,,,,,,,
AS2MFSWNC5CQI,3,Have the money put together to go on a nice family vacation and stay in a cabin in the mountains.,finance,,,,,,,,,,,
AS2MFSWNC5CQI,4,Keep exercising and working to loose 30 pounds.,physical health,,,1,,,,1,,1,,
A3VYBAO7UQQHGC,1,My goal is lose five pounds by the end of April.,physical health,,,1,,,,,,1,,
A3VYBAO7UQQHGC,2,My goal is to contribute $5000 to my retirement fund by the end of May.,finance,,,,,,,,,,,
A3VYBAO7UQQHGC,3,My goal is to publish my first short story by June.,leisure,,,,,,,,,,,
A1G5EPLJEGL381,1,"My goal is by the end of the year, have $3K in my savings account and $3k in my checking account.",finance,,,,,,,,,,,
A1G5EPLJEGL381,2,By the end of the year I want to be earning $400/mo through my part time job. ,work/career development,,,,,,,,,,,
A1CTUG0RUGCY48,1,My primary goal is to complete renovations on our new home and move into the home before winter. ,house work,,,,,,,,,,,
A6R5AQ4D638BH,1,Learn new programming techniques for a new mobile game idea,skill development,,,,,,,,,,,
A6R5AQ4D638BH,2,Learn more advanced cooking techniques,skill development,,,,,,,,,,,
A6R5AQ4D638BH,3,Exercise more regularly to lose weight,physical health,,,1,,,,1,,,,
A2KOR4003SVNC5,1,My goal is to study hard for the MCAT and get a score above 520 within the next three months.,academic/school,,,,,,,,,,,
A2KOR4003SVNC5,2,My goal is to gain muscle mass in body for the remainder for this year.,physical health,,,,,,,1,,,,
A2KOR4003SVNC5,3,My goal is to loss as much fat as possible for the next month.,physical health,,,,,,,1,,,,
A1OJV3R8BH73BD,1,"My goal is to find a higher paying, more satisfying job in my industry in the next three months.",work/career development,,,,,,,,,,,
A1OJV3R8BH73BD,2,"My goal is to save over $1,000 in total over the next three months ",finance,,,,,,,,,,,
A1OJV3R8BH73BD,3,My goal is to stop eating candy and junk food for three months straight to improve my diet.,physical health,,,,,1,,,,,,
A3OUNEJO97MM8E,1,My goal is to finish painting my guest bedroom.,house work,,,,,,,,,,,
A3OUNEJO97MM8E,2,My goal is for my wife and I to get pregnant,family,,,,,,,,,,,
A3OUNEJO97MM8E,3,My goal is to get a new car in three months,finance,,,,,,,,,,,
A7P3R1AIA4TVV,1,My goal is to take my lunch to work at least three times a week instead of eating out everyday.,physical health,,,,,1,,,,,,
A7P3R1AIA4TVV,2,My goal is to lose 20 pounds.,physical health,,,1,,,,,,1,,
A7P3R1AIA4TVV,3,My goal is to finish the current semester with a 3.5 GPA or higher.,academic/school,,,,,,,,,,,
A121T4P5NKCHCS,1,My goal is to be rid of my hard cast on my left foot/leg and finish physical rehab within 3 months.,physical health,,,,,,,,,,,
A121T4P5NKCHCS,2,My goal is to make at least $4000 between my prolific and MTurk accounts over the next 3 months. ,finance,,,,,,,,,,,
A121T4P5NKCHCS,3,My goal is to eliminate milk products from my diet fully over the next three months. ,physical health,,,,,1,,,,,,
A3NLSGHK6RFXA8,1,My goal is to lose 20 pounds in six months,physical health,,,1,,,,,,1,,
A3NLSGHK6RFXA8,2,My goal is to drink no more than one sugary drink/cola a day until July 1st,physical health,,,,,,,,,,,1
A3NLSGHK6RFXA8,3,My goal is to save to have bought half a bitcoin by July 1st,finance,,,,,,,,,,,
A3NLSGHK6RFXA8,4,"My goal is use mindfulness once a day for 90 days, starting April 1st",mental health,,,,,,,,,,,1
AOS2PVHT2HYTL,1,I have a goal to lose 20 pounds in the next three months.,physical health,,,1,,,,,,1,,
AOS2PVHT2HYTL,2,Another goal is to move from Washington to Texas within the next three months.,other,moving,,,,,,,,,,
AOS2PVHT2HYTL,3,I want to be debt free in the next few months.,finance,,,,,,,,,,,
A1TPGXT718D68E,1,My goal is to replace the privacy fence and front fence in my yard within the next three months. ,house work,,,,,,,,,,,
A1TPGXT718D68E,2,My goal is to make and save enough money for a new pair of glasses in the next month.,finance,,,,,,,,,,,
A1TPGXT718D68E,3,My goal is to help my neighbor find a new job in the next month.,social/relationship,,,,,,,,,,,
AKX5RHHO8BIUX,1,My goal is to pay off the credit card by June 15th.,finance,,,,,,,,,,,
AKX5RHHO8BIUX,2,My goal is to keep my disabled wife alive and as healthy as possible.,family,,,,,,,,,,,
AKX5RHHO8BIUX,3,My goal is to get the gutters fixed and add Leaf Guard to them by June 1,house work,,,,,,,,,,,
AKX5RHHO8BIUX,4,My goal is to get the upstairs completely decluttered by August 1.,house work,,,,,,,,,,,
AKX5RHHO8BIUX,5,My goal is to get the yard cleaned up by April 15. ,house work,,,,,,,,,,,
A26UAJWMMNN351,1,I want to remodel my condo.,house work,,,,,,,,,,,
A26UAJWMMNN351,2,I would like to find a boyfriend.,social/relationship,,,,,,,,,,,
A26UAJWMMNN351,3,I would like to pay off a lot of my credit card bills.,finance,,,,,,,,,,,
AM0QVBV8L6QCJ,1,I currently  weigh 225 lbs. My goal weight is 195,physical health,,,1,,,,,,1,,
AM0QVBV8L6QCJ,2,I currently  work 50 to 60 hours per week. My goal is to retire and work remotely  as a consultant  less hours,work/career development,,,,,,,,,,,
A2X3FSFHV5GHJU,1,To establish a bee hive colony in the backyard supported by flowering plants in my yard,leisure,,,,,,,,,,,
A2X3FSFHV5GHJU,2,Get more exercise by walking the dog at least 3 days a week for at least 30 minutes,physical health,,,,,,,1,,,,
A2X3FSFHV5GHJU,3,Get rid of excess household possessions and donate useable goods to charity,other,cherity,,,,,,,,,,
A1F1TBDHPYAAXT,1,"Increase number of steps per day to 10,000 in 3 months",physical health,,,,,,,1,,,,
A1F1TBDHPYAAXT,2,Lose 20 pounds in 3 months by getting my weight below 220,physical health,,,1,,,,,,1,,
A1F1TBDHPYAAXT,3,Buy $500 of silver either physical or ETF's per month,finance,,,,,,,,,,,
AFMAFX0P2YRRV,1,My goal is to replace the struts on my jeep with in the end of next month,house work,,,,,,,,,,,
A38BO0BRCQX6OV,1,To lose about 20 pounds ,physical health,,,1,,,,,,1,,
A38BO0BRCQX6OV,2,To save up an additional 10k ,finance,,,,,,,,,,,
A38BO0BRCQX6OV,3,To get more organized & orderly at work and at home,house work,,,,,,,,,,,
AIA7RZSAONU5M,1,"I want to eat healthier at least once a day, every day.",physical health,,1,,,1,,,,,,
AIA7RZSAONU5M,2,"I want to exercise at least twice a week, every week.",physical health,,,,,,,1,,,,
AIA7RZSAONU5M,3,I want to standardize my sleep schedule (go to bed by 2-4 AM at the latest and get up by 12-2 PM at the latest) every day. ,physical health,,,,,,,,,,,1
A2615YW1YERQBO,1,I have a goal to have my shoulder problem healed in 3 months,physical health,,,,,,,,,,,
A2615YW1YERQBO,2,My goal is to get my roof repaired in 2 years.,house work,,,,,,,,,,,
A2615YW1YERQBO,3,Another goal is to be financially independent in 5 years.,finance,,,,,,,,,,,
A3OPRR8AXT6OSJ,1,Jog three miles per day for five days during the week for a total of 15 miles per week.,physical health,,,,,,,1,,,,
A3OPRR8AXT6OSJ,2,"Limit my caloric intake to 2,500 calories per day.",physical health,,,,,1,,,,,,
A3OPRR8AXT6OSJ,3,Walk three miles per day seven days a week for a total of 21 miles per week,physical health,,,,,,,1,,,,
A1AIMKA54UBYIQ,1,I want to eat fruits and vegetables at least once a day.,physical health,,,,,1,,,,,,
A1AIMKA54UBYIQ,2,I want to take a walk once a week.,physical health,,,,,,,1,,,,
A286W816CMIZL9,1,My goal is to lose 30 lbs in the next 6 months.,physical health,,,1,,,,,,1,,
A286W816CMIZL9,2,"My goal is to walk 10,000 steps per day",physical health,,,,,,,1,,,,
A286W816CMIZL9,3,My goal is to workout in the gym at least twice a week,physical health,,,,,,,1,,,,
A3HXM7BGH18FOW,1,My goal is to exercise every day.,physical health,,,,,,,1,,,,
A3HXM7BGH18FOW,2,My goal is to learn how to use my Cricut crafting machine in the next three months.,skill development,,,,,,,,,,,
A3HXM7BGH18FOW,3,My goal is to eat less sugary foods.,physical health,,,,,1,,,,,,
A770OB1ZAGJ4G,1,Paying down my credit cards until they are done.,finance,,,,,,,,,,,
A770OB1ZAGJ4G,2,Eating healthy from now on.,physical health,,1,,,1,,,,,,
A770OB1ZAGJ4G,3,Losing weight until I reach my goal weight.,physical health,,,1,,,,,,,,
A770OB1ZAGJ4G,4,Exercising and walking more to strengthen my lungs.,physical health,,1,,,,,1,,,,
A17KN7NAP48L4B,1,My goal is to reach my goal weight of 170 in the next three months.,physical health,,,1,,,,,,1,,
A17KN7NAP48L4B,2,My goal is to drink three bottles of water or six cups of water every day.,physical health,,,,,,,,,,,1
A17KN7NAP48L4B,3,My goal is to exercise every other day.,physical health,,,,,,,1,,,,
A110BZSDZN7E16,1,"To move to Gulf Shores, Alabama by the beginning of Summer 2021",other,moving,,,,,,,,,,
A110BZSDZN7E16,2,To lose 20 pounds before the beginning of Summer 2021,physical health,,,1,,,,,,1,,
A110BZSDZN7E16,3,To try and pay off all of my credit cards before the beginning of Summer 2021,finance,,,,,,,,,,,
A1X388C6SDCDEY,1,I want to spend much more time reading my Bible and praying tp God.,religion,,,,,,,,,,,
A1X388C6SDCDEY,2,I have been trying to learn to play piano. ,skill development,,,,,,,,,,,
A1X388C6SDCDEY,3,I am striving to be a much better wife.,family,,,,,,,,,,,
A1X388C6SDCDEY,4,I want to manage my time better.,other,time management,,,,,,,,,,
A1BSVEBYDZ0AAU,1,My goal is to start doing cardio consistently at least 3 times per week.,physical health,,,,,,,1,,,,
A1BSVEBYDZ0AAU,2,My goal is to complete my scheduled weight training every day it's scheduled.,other,time management,,,,,,1,,,,
A1BSVEBYDZ0AAU,3,My goal is to tidy up my room on a weekly basis.,house work,,,,,,,,,,,
A1D2ZSPIHOI23K,1,My goal is to make deans list in final semester.,academic/school,,,,,,,,,,,
A1D2ZSPIHOI23K,2,My goal is to gain 15 pounds within 2 months.,physical health,,,1,,,,,,,,1
A1D2ZSPIHOI23K,3,My goal is to start dating and going out more.,social/relationship,,,,,,,,,,,
A2VGFS03KCCR1Q,1,I have a goal of achieving my ideal body shape over the next 3 months,physical health,,,1,,,,,,,,
A2VGFS03KCCR1Q,2,I have a goal of saving 50 dollars a month over the next 3 months,finance,,,,,,,,,,,
AYA1LRB27KSR1,1,To get settled into a new house,house work,,,,,,,,,,,
AYA1LRB27KSR1,2,To sell at least 15 cars a month,work/career development,,,,,,,,,,,
AYA1LRB27KSR1,3,To lose 20 more pounds ,physical health,,,1,,,,,,1,,
AYA1LRB27KSR1,4,To build up a savings,finance,,,,,,,,,,,
AYA1LRB27KSR1,5,To earn an extra $500 income from my regular income,finance,,,,,,,,,,,
A132GRVDGXPJGY,1,My goal is to finish installing deer fencing around my property within the next 3 months.,house work,,,,,,,,,,,
A132GRVDGXPJGY,2,My goal is to lower my A1C test results (diabetes) in by June.,physical health,,,,,,,,,,,1
A132GRVDGXPJGY,3,My goal is to build my greenhouse within the next 3 months.,house work,,,,,,,,,,,
A39H9RIYRB5ZYV,1,after rehab continue to strenghten my shoulders,physical health,,,,,,,,,,,1
A39H9RIYRB5ZYV,2,walk more to increase back stamina,physical health,,1,,,,,1,,,,
A39H9RIYRB5ZYV,3,eat more leafy vegetables,physical health,,,,,1,,,,,,
A39H9RIYRB5ZYV,4,get my child out of the house more,family,,,,,,,,,,,
A39H9RIYRB5ZYV,5,complete my garden ,house work,,,,,,,,,,,
A19YQU3ZZ8USPO,1,My goal is to create new content for Tiktok every other day.,leisure,,,,,,,,,,,
A19YQU3ZZ8USPO,2,"My goal is to create emotes, sub badges, and banners for Twitch weekly.",leisure,,,,,,,,,,,
A19YQU3ZZ8USPO,3,My goal is to stream at least once a week.,leisure,,,,,,,,,,,
A2EK1HDV4I4GSK,1,My goal is to lose 20 pounds in the next 90 days.,physical health,,,1,,,,,,1,,
A2EK1HDV4I4GSK,2,My goal is to save enough money to take my family to the beach this summer.,finance,,,,,,,,,,,
A11F3MA5FWH6SJ,1,My goal is to exercise twice a week at minimum. ,physical health,,,,,,,1,,,,
A11F3MA5FWH6SJ,2,My goal is to eat fruit or vegetables daily.,physical health,,,,,1,,,,,,
A11F3MA5FWH6SJ,3,My goal is to purchase a new air conditioner within the next three months.,finance,,,,,,,,,,,
AHKRGPN5D3I2G,1,To keep learing new skill on Premier Pro. I want to learn how to do better transitions.,skill development,,,,,,,,,,,
AHKRGPN5D3I2G,2,Finish writing my third book. By June.,work/career development,,,,,,,,,,,
AHKRGPN5D3I2G,3,Find a good place for my wedding. At least 2 possible locations within a month.,other,wedding,,,,,,,,,,
AHKRGPN5D3I2G,4,Improving my music sight reading skills. Continuously during the 3 months.,skill development,,,,,,,,,,,
AHKRGPN5D3I2G,5,Learn how to use Adobe Photoshop. The basics within 2 months.,skill development,,,,,,,,,,,
A1CI5U3BLQ2DDS,1,I plan to reduce my A1C by 2 points in 3 months.,physical health,,,,,,,,,,,1
A1CI5U3BLQ2DDS,2,I plan to stop eating sugar as much as possible for 3 months.,physical health,,,,,3,,,,,,
A1CI5U3BLQ2DDS,3,I plan to save $200 per month,finance,,,,,,,,,,,
A1CI5U3BLQ2DDS,4,I plan to reduce credit card bill by $150 per month.,finance,,,,,,,,,,,
A1CI5U3BLQ2DDS,5,I plan to do therapy exercises twice a week.,physical health,,,,,,,3,,,,
A302KOFOYLD89A,1,To successfully get both shots of the coronavirus vaccine within the next six months.,physical health,,,,,,,,,,,3
A302KOFOYLD89A,2,To earn one thousand dollars a month of income doing side work on sites like Mturk.,finance,,,,,,,,,,,
A302KOFOYLD89A,3,"To completely avoid eating any gluten in my diet, or at least under 20 PPM of gluten for every meal for the next six month",physical health,,,,,1,,,,,,
A3GI28OVLDI9ST,1,Finish and sell my van conversion in two months,finance,,,,,,,,,,,
A3GI28OVLDI9ST,2,lose 15 pounds in three months,physical health,,,1,,,,,,1,,
A3GI28OVLDI9ST,3,Make improvements to my home and get read to rent it out in five months,house work,,,,,,,,,,,
A3GI28OVLDI9ST,4,buy another home in six months,finance,,,,,,,,,,,
A3GI28OVLDI9ST,5,find a new girlfriend within three months,social/relationship,,,,,,,,,,,
A3PSV85ZUXP9VF,1,"My goal, over the next year, is to naturally bring down my sugar and cholesterol through diet and exercise alone.",,,,,,1,,1,,,,
A3PSV85ZUXP9VF,2,I want to purchase a new vehicle for my family within the next couple of months.,finance,,,,,,,,,,,
A3PSV85ZUXP9VF,3,I want to pay off all credit card debt before the Christmas season begins.,finance,,,,,,,,,,,
A2ZGAH6NOSU2PO,1,My goal is to get up to walking 5 miles each week in 3 months,physical health,,,,,,,1,,,,
A2ZGAH6NOSU2PO,2,My goal is save 500 dollars in my account in 3 months.,finance,,,,,,,,,,,
A2ZGAH6NOSU2PO,3,My goal is to increase my drinking of water from none to 64 ounces in 3 month.,physical health,,,,,,,,,,,1
A2ZGAH6NOSU2PO,4,My goal is to read half of the bible in 3 months.,religion,,,,,,,,,,,
A2ZGAH6NOSU2PO,5,My goal is to have my gardening spots in my yard complete in 3 months.,house work,,,,,,,,,,,
A30FIPRPFQRBO6,1,My goal is to lose 30 pounds in the next 3 months,physical health,,,1,,,,,,1,,
A30FIPRPFQRBO6,2,My goal is to exercise 3x /week,physical health,,,,,,,1,,,,
A30FIPRPFQRBO6,3,My goal is to increase my credit score,finance,,,,,,,,,,,
AKMOBFEEKW378,1,Drink 64 oz water every day,physical health,,,,,,,,,,,1
AKMOBFEEKW378,2,Exercise 5 times a week ,physical health,,,,,,,1,,,,
AKMOBFEEKW378,3,Write at least 5 hours a week ,leisure,,,,,,,,,,,
AKMOBFEEKW378,4,Pay off credit card ,finance,,,,,,,,,,,
AKMOBFEEKW378,5,Save money for new kitchen and living room floor ,finance,,,,,,,,,,,
A18SXC3JEN1O0U,1,I want to get more exercise.,physical health,,,,,,,1,,,,
A18SXC3JEN1O0U,2,I want to eat healthier.,physical health,,1,,,1,,,,,,
A198MSVO1VTAT5,1,finish painting my office,house work,,,,,,,,,,,
A198MSVO1VTAT5,2,finish painting the white trim on the exterior of my house,house work,,,,,,,,,,,
A198MSVO1VTAT5,3,pay off $1000 of debt in 3 months,finance,,,,,,,,,,,
A198MSVO1VTAT5,4,hang drywall and paint in laundry room ceiling,house work,,,,,,,,,,,
A1MJWY7UO3CDSM,1,My goal is to buy a house in the next 6 months.,finance,,,,,,,,,,,
A1MJWY7UO3CDSM,2,My goal is to lose 20 pounds in the next two months.,physical health,,,1,,,,1,,,,
A2CP6MLJVJYBO7,1,My goal is to earn at least $15 every day on MTurk.,finance,,,,,,,,,,,
A2CP6MLJVJYBO7,2,My goal is to save at least $20 every month. ,finance,,,,,,,,,,,
AQMLJYUQCSG22,1,My goal is to lose 15 pounds. I think it'll take about 2 months,physical health,,,1,,,,1,,,,
AQMLJYUQCSG22,2,My goal is to take a trip outside the U.S. I think it'll take 3 months. ,leisure,,,,,,,,,,,
AQMLJYUQCSG22,3,My goal is to buy a new computer. I think it'll take a month. ,finance,,,,,,,,,,,
A6JUD4NCQCDWG,1,My goal is to save enough by the end of the year to pay off all of my bills,finance,,,,,,,,,,,
A6JUD4NCQCDWG,2,My goal is to take a vacation in the summer.,leisure,,,,,,,,,,,
A2HQMB1GSEADL,1,Find a fence contractor and complete the fencing at rental house before end of May..,house work,,,,,,,,,,,
A2HQMB1GSEADL,2,Earn an average of $20/week at Mechanical Turk.,finance,,,,,,,,,,,
A2HQMB1GSEADL,3,Bring my weight down to 125 pounds by end of May.,physical health,,,1,,,,1,,,,
A2HQMB1GSEADL,4,"In May, return to watercolor class and practice an additional day each week.",skill development,,,,,,,,,,,
A2HQMB1GSEADL,5,"Read at least 3 books in April, May and June. ",leisure,,,,,,,,,,,
A1WS9UHL45VZ0X,1,To get nothing lower than an A- for spring quarter which ends in three months. ,academic/school,,,,,,,,,,,
A1WS9UHL45VZ0X,2,To eat a serving of fruits and vegetables every day.,physical health,,,,,1,,,,,,
A1WS9UHL45VZ0X,3,To get 60 minutes of exercise every day.,physical health,,,,,,,1,,,,
AADRZTXSE7211,1,I want to make at least an extra $75 a week to help address loss of income due to COVID.,finance,,,,,,,,,,,
AADRZTXSE7211,2,I want to lose 10 pounds in the next three months.,physical health,,,1,,,,,,1,,
AADRZTXSE7211,3,I want to have at least 30 minutes of vigorous activity at least 4 times a week.,physical health,,,,,,,1,,,,
AADRZTXSE7211,4,"I want to get rid of at least 5 items of unwanted items in the house (trash, recycle, or donate).",house work,,,,,,,,,,,
A1ABL45KAK12A5,1,Earn more money on the stock market,finance,,,,,,,,,,,
A1ABL45KAK12A5,2,Buy more bitcoin,finance,,,,,,,,,,,
A1ABL45KAK12A5,3,walk 30 minutes per day,physical health,,,,,,,1,,,,
A1ABL45KAK12A5,4,Get a better paying job,work/career development,,,,,,,,,,,
A1ABL45KAK12A5,5,save 10% of my earnings ,finance,,,,,,,,,,,
A2W0G89O7E9EFO,1,I would like to pursue a teaching job at a campus close to my home before the 2021/2022 semester.,work/career development,,,,,,,,,,,
A2W0G89O7E9EFO,2,I would like to save at least $300 more dollars in my brokerage account by then end of three months.,finance,,,,,,,,,,,
A2W0G89O7E9EFO,3,"I would like to save for an purchase necessary backpacking and camping gear by the beginning of July 1, 2021. ",finance,,,,,,,,,,,
A2W0G89O7E9EFO,4,"I would like to save for and take a major vacation in July, preferable to an outdoor location.  ",finance,,,,,,,,,,,
A2W0G89O7E9EFO,5,I would like to scan and digitalize all of my physical photographs in order to preserve them and do this by the end of summer 2021. ,leisure,,,,,,,,,,,
A38DHLB88V8DL8,1,My goal is to exercise at least two times each week.,physical health,,,,,,,,,,,
A38DHLB88V8DL8,2,My goal is to lose 15 pounds in the next three months.,physical health,,,,,,,,,,,
A38DHLB88V8DL8,3,My goals is to save $250 each month.,finance,,,,,,,,,,,
A38DHLB88V8DL8,4,My goal is to eat more fruits and vegetables each week.,physical health,,,,,,,,,,,
A1WJYF201K77BI,1,My goal is to save $200 per month.,finance,,,,,,,,,,,
A1WJYF201K77BI,2,My goal is to run twice a week.,physical health,,,,,,,,,,,
A1WJYF201K77BI,3,My goal is to write at least once a week.,leisure,,,,,,,,,,,
A1WJYF201K77BI,4,My goal is to post on my bucket list Instagram at least four times a week.,leisure,,,,,,,,,,,
A1WJYF201K77BI,5,My goal is to lift weights five times a week.,physical health,,,,,,,,,,,
AF0W4ZBY7VXOU,1,My goal is to make time for art and to create every day,leisure,,,,,,,,,,,
AF0W4ZBY7VXOU,2,My goal is to have an Etsy store open in three months,work/career development,,,,,,,,,,,
AF0W4ZBY7VXOU,3,My goal is to meditate every day to reduce my stress,mental health,,,,,,,,,,,
A2H6Q22X1V1FTX,1,I would like to attempt to write a novel in a new narrative style that is new to me and differs from previous works. ,leisure,,,,,,,,,,,
A2H6Q22X1V1FTX,2,I would like to make preparations before May 15th for a possible disruption in the supply chain.  ,other,,,,,,,,,,,
A2H6Q22X1V1FTX,3,I would like to sort and remove all traces of toddler and baby items in my home as my children are all older now. I would also like to redecorate my home to coincide with having older children.,house work,,,,,,,,,,,
ANZNAAS2K0DSY,1,add at least $2000 to IRA account,finance,,,,,,,,,,,
ANZNAAS2K0DSY,2,get Covid 19 vaccine asap,physical health,,,,,,,,,,,
ANZNAAS2K0DSY,3,finish reading the Legends of the Dragonrealm series ,leisure,,,,,,,,,,,
A2WZ8ZEB00LYF7,1,Lose weight. I need to lose weight to feel better about myself.,physical health,,,,,,,,,,,
A2WZ8ZEB00LYF7,2,Get a job. I need a job to get more money.,work/career development,,,,,,,,,,,
A321WQIFK10UV3,1,My goal is to make a total per month of $400.00 from my part time job in the next 6 months.,work/career development,,,,,,,,,,,
A321WQIFK10UV3,2,My goal is to do stretching exercises on a daily basis (everyday).,physical health,,,,,,,,,,,
A321WQIFK10UV3,3,My goal is to get my home organized within the next 3 months.,house work,,,,,,,,,,,
A18JNQE5GZQIX5,1,My goal is to save $1500 a month. ,finance,,,,,,,,,,,
A18JNQE5GZQIX5,2,My goal is to exercise every day. ,physical health,,,,,,,,,,,
A18JNQE5GZQIX5,3,My goal is to make $1000 on MTurk per month. ,finance,,,,,,,,,,,
AXF0OX50YZQC6,1,My goal is to quit drinking sodas everyday,physical health,,,,,,,,,,,
AXF0OX50YZQC6,2,My goal is lose 20 pounds in three months,physical health,,,,,,,,,,,
AXF0OX50YZQC6,3,My goal is to eat healthier everyday,physical health,,,,,,,,,,,
AXF0OX50YZQC6,4,My goal is to maintain an A average this semester,academic/school,,,,,,,,,,,
AXF0OX50YZQC6,5,My goal is to drink more water everyday,physical health,,,,,,,,,,,
A2VGEE0ZIZ8CBQ,1,My goal is to exercise four times a week for at least an hour.,physical health,,,,,,,,,,,
A2VGEE0ZIZ8CBQ,2,"My goal is to put at least 10,000 dollars a year into my retirement account",finance,,,,,,,,,,,
A2VGEE0ZIZ8CBQ,3,My goal is eat healthier this year. ,physical health,,,,,,,,,,,
ADYMIMV1PE14V,1,Quit Smoking this year,physical health,,,,,,,,,,,
ADYMIMV1PE14V,2,Save 100 dollars a week for emergencies,finance,,,,,,,,,,,
ADYMIMV1PE14V,3,Remodel my bathroom by June 30th 2021,house work,,,,,,,,,,,
A1RWNYJA5X25YH,1,My goal is to exercise at least once a week.,physical health,,,,,,,,,,,
A1RWNYJA5X25YH,2,My goal is to start finishing up projects left undone on the house in the next month.,house work,,,,,,,,,,,
A1RWNYJA5X25YH,3,My goal is to see my grandchildren at least once a week.,family,,,,,,,,,,,
A1RWNYJA5X25YH,4,My goal is to lose at least 5 pounds before summer.,physical health,,,,,,,,,,,
A1RWNYJA5X25YH,5,My goal is to spend less than I do now on groceries for the month.,finance,,,,,,,,,,,
A3UUH3632AI3ZX,1,Get straight As in school,academic/school,,,,,,,,,,,
A34VLM2UC0JY11,1,My goal is to receive the COVID-19 vaccine within two months,physical health,,,,,,,,,,,
A34VLM2UC0JY11,2,My goal is to get adjusted back into my old routine of working and having an active social life within the next six months,mental health,,,,,,,,,,,
ASY5W2HJPIPF4,1,My goal is to save $400 for the Strixhaven release of Magic: The Gathering in the next 4 weeks.,finance,,,,,,,,,,,
ASY5W2HJPIPF4,2,My goal is to lose 12 lbs in the next three months.,physical health,,,,,,,,,,,
A2SFFO79KSG5VA,1,My goal is to lose 17 pounds within the next three months.,physical health,,,,,,,,,,,
A2SFFO79KSG5VA,2,My goal is to read one act of a Shakespeare play each day.,leisure,,,,,,,,,,,
A2SFFO79KSG5VA,3,My goal is to write two pages of prose each day.,leisure,,,,,,,,,,,
A2SFFO79KSG5VA,4,My goal is to create and maintain a shopping/meal plan over the next three months.,other,,,,,,,,,,,
A2SFFO79KSG5VA,5,"My goal is to be fully prepared for my friend's wedding, in which I'm the best man (so write speech, plan bachelor party) etc by the end of the next three months.",other,wedding,,,,,,,,,,
A1T83SZBP2DN65,1,I want to move out of my apartment and into a home.,other,moving,,,,,,,,,,
A1T83SZBP2DN65,2,I want to finish my novel.,leisure,,,,,,,,,,,
AVKMFV9CZ0MLR,1,"My goal is to complete twenty sit ups in a row, unassisted.",physical health,,,,,,,,,,,
AVKMFV9CZ0MLR,2,"My goal is to complete twenty squats in a row, unassisted.",physical health,,,,,,,,,,,
AVKMFV9CZ0MLR,3,My goal is to complete five minutes of intense peddling on a riding device.,physical health,,,,,,,,,,,
AVKMFV9CZ0MLR,4,My goal is to complete five minutes of intense rowing on a rowing device.,physical health,,,,,,,,,,,
AVKMFV9CZ0MLR,5,My goal is to complete 90 intense body twists on a seated device.,physical health,,,,,,,,,,,
A3OAXRZT3MVJML,1,Pay off credit card debt in the next 2 years,finance,,,,,,,,,,,
A3OAXRZT3MVJML,2,Complete some home repairs in the next 6 months,house work,,,,,,,,,,,
A3OAXRZT3MVJML,3,Lose 10 to 20 pounds in the next 6 months,physical health,,,,,,,,,,,
A5E2P5F1AXYZ1,1,My goal is to build up my savings account by saving around $100 every week.,finance,,,,,,,,,,,
A5E2P5F1AXYZ1,2,I want to achieve a goal of exercising for 30 minutes or more every day.,physical health,,,,,,,,,,,
A5E2P5F1AXYZ1,3,I want to lower my credit card debt by 50% by the end of 2021.,finance,,,,,,,,,,,
A5E2P5F1AXYZ1,4,I want to invest in more dividend or growth stocks in my IRA before the end of 2021 to diversify more.,finance,,,,,,,,,,,
A5E2P5F1AXYZ1,5,I want to lower my BMI by ten percent by the end of 2021.,physical health,,,,,,,,,,,
A3GZXU4FUJTKZD,1,"I want to finish paying my daughter's high school tuition by April 15, 2021. ",finance,,,,,,,,,,,
A3GZXU4FUJTKZD,2,"I want to visit my mother out of state, leaving her on or about June 1st.",family,,,,,,,,,,,
A3GZXU4FUJTKZD,3,I want to sell off the contents of my storage unit by May 1st.,house work,,,,,,,,,,,
A3GZXU4FUJTKZD,4,I want to buy five more ounces of silver by May 30th.,finance,,,,,,,,,,,
A3GZXU4FUJTKZD,5,I want to paint my dining room by May 1st.,house work,,,,,,,,,,,
A13O22EMG5ZVN0,1,dream job,work/career development,,,,,,,,,,,
A13O22EMG5ZVN0,2,find love,social/relationship,,,,,,,,,,,
A13O22EMG5ZVN0,3,take care of family,family,,,,,,,,,,,
A207IHY6GERCFO,1,My goal is to increase my wealth over the next three months,finance,,,,,,,,,,,
A207IHY6GERCFO,2,My goal is to get a girlfriend within the next three months,social/relationship,,,,,,,,,,,
A207IHY6GERCFO,3,My goal is to improve my upper body strength over the next three months,physical health,,,,,,,,,,,
A225BMTMXUR5F4,1,Finish Reading the Bible for my first time through,religion,,,,,,,,,,,
A225BMTMXUR5F4,2,Start re-reading the Bible in conjunction with a study Bible,religion,,,,,,,,,,,
A225BMTMXUR5F4,3,Find a new full-time job,work/career development,,,,,,,,,,,
A225BMTMXUR5F4,4,Make $70/week on MTurk until I find a new job,finance,,,,,,,,,,,
A225BMTMXUR5F4,5,Help my sister 1 day/week in her preschool (volunteer) until I find a new job,family,,,,,,,,,,,
A1IBLFQ2E6VA2J,1,I would like to complete a special project at work. ,work/career development,,,,,,,,,,,
A1IBLFQ2E6VA2J,2,I would like to complete my spring session discipleship class with perfect attendance,academic/school,,,,,,,,,,,
A1IBLFQ2E6VA2J,3,"I would like to assemble the portable piano, treadmill and put up the mini-blinds.",leisure,,,,,,,,,,,
A1IBLFQ2E6VA2J,4,I would like to read one scripture every for 3 months.  ,leisure,,,,,,,,,,,
A1IBLFQ2E6VA2J,5,I would like to complete my course and be ready for an exam by july.  ,academic/school,,,,,,,,,,,
AIHHRINW9IN1I,1,My goal is to pay off an extra thousand in credit card debt within the next few months. ,finance,,,,,,,,,,,
AIHHRINW9IN1I,2,My goal is to lose twenty pounds by the start of summer in June.,physical health,,,,,,,,,,,
AIHHRINW9IN1I,3,My goal is to have my resume up to date to start applying for promotions or other positions within the month. ,work/career development,,,,,,,,,,,
A1Z2ZGPJRGG0G3,1,"I want to increase my savings account to 20,000 by end of year.",finance,,,,,,,,,,,
A1Z2ZGPJRGG0G3,2,I would like to get some botox and fillers before the end of year.,physical health,,,,,,,,,,,
A1Z2ZGPJRGG0G3,3,I would like to get my garden started by April.,house work,,,,,,,,,,,
AU34T9OMHN4Z4,1,My goal is to save at least $280 a month for the next 3 months.,finance,,,,,,,,,,,
AU34T9OMHN4Z4,2,My goal is to go for a walk at least 5 times a week for the next 3 months.,physical health,,,,,,,,,,,
AU34T9OMHN4Z4,3,My goal is to lose at least 5 pounds in the next 3 months.,physical health,,,,,,,,,,,
A11ILN5YSUDVG8,1,"I will eat better, exercise daily, and lose 10 pounds in three months. ",physical health,,,,,,,,,,,
A11ILN5YSUDVG8,2,"I will do something enjoyable in the community each week that I have not been able to due because of covid, such as eat out, go to beach, explore my new community.  ",leisure,,,,,,,,,,,
A11ILN5YSUDVG8,3,I will be more outgoing and friendly and try to make at least one new friend in my new community.  ,social/relationship,,,,,,,,,,,
A2GTBBZA2M82NR,1,My goal is to read at least ten pages in French every day.,leisure,,,,,,,,,,,
A2GTBBZA2M82NR,2,My goal is to find a job in my field in the next three months.,work/career development,,,,,,,,,,,
A2GTBBZA2M82NR,3,My goal is to get into the habit of going for a walk every day.,physical health,,,,,,,,,,,
A2GTBBZA2M82NR,4,My goal is to cut my soda intake in half in the next three months.,physical health,,,,,,,,,,,
AMTTB8JUWRRM7,1,Lose 15 pounds in four months,physical health,,,,,,,,,,,
AMTTB8JUWRRM7,2,Reduce my spending to less than $300 every month,finance,,,,,,,,,,,
AQAXDL1INQC9Q,1,My goal is to exercise 3 times a week on the treadmill for 30 minutes. ,physical health,,,,,,,,,,,
AQAXDL1INQC9Q,2,My goal is to work on mturk at least 4 hours a day on weekdays. ,finance,,,,,,,,,,,
AQAXDL1INQC9Q,3,My goal is to help my daughter meet her IEP goals 5 days a week. ,family,,,,,,,,,,,
AAHZCL4LIPCBQ,1,My goal is to find a job within the next six months.,work/career development,,,,,,,,,,,
AAHZCL4LIPCBQ,2,My goal is to exercise at least 5 days out the week.,physical health,,,,,,,,,,,
AAHZCL4LIPCBQ,3,My goal is to eat more healthier. ,physical health,,,,,,,,,,,
A2BEBDMQ7SI4IY,1,Gain a new skill ,skill development,,,,,,,,,,,
A2BEBDMQ7SI4IY,2,Boost networking abilities,social/relationship,,,,,,,,,,,
A2BEBDMQ7SI4IY,3,Star own business,work/career development,,,,,,,,,,,
A2BEBDMQ7SI4IY,4,Make a career switch,work/career development,,,,,,,,,,,
A2BEBDMQ7SI4IY,5,Improve sales,work/career development,,,,,,,,,,,
A1RQUOVV8PCXBM,1,My goal is to work on my marriage and form a better relationship with my husband in the next three months.,family,,,,,,,,,,,
A1RQUOVV8PCXBM,2,My goal is to work out at least 4 days a week in the next three months.,physical health,,,,,,,,,,,
A1RQUOVV8PCXBM,3,My goal is to improve my credit score in the next three months.,finance,,,,,,,,,,,
A1RQUOVV8PCXBM,4,My goal is to start eating healthier everyday and allowing myself one or two cheat days a week.,physical health,,,,,,,,,,,
A1RQUOVV8PCXBM,5,My goal is to start thinking and feeling more positive everyday. ,mental health,,,,,,,,,,,
A1LS7GARU7CD08,1,My goal is to go to the gym 3 times per week.,physical health,,,,,,,,,,,
A1LS7GARU7CD08,2,My goal is to save at least $500 per month.,finance,,,,,,,,,,,
A1LS7GARU7CD08,3,My goal is to run a 5k by the end of the summer (August 2021).,physical health,,,,,,,,,,,
A2FP41BSPG0Y4A,1,Start a yearly savings plan,finance,,,,,,,,,,,
A2FP41BSPG0Y4A,2,Grow and Improve My financial knowledge,finance,,,,,,,,,,,
A2FP41BSPG0Y4A,3,Diversify my investment Strategy,finance,,,,,,,,,,,
A2FP41BSPG0Y4A,4,Exercise 30 mins daily,physical health,,,,,,,,,,,
A2FP41BSPG0Y4A,5,Buy a new 65inch 4k TV,finance,,,,,,,,,,,
AS6FM754MF2B2,1,My goal is to keep going to the gym four times a week.,physical health,,,,,,,,,,,
AS6FM754MF2B2,2,My goal is to maintain my current weight by eating healthy meals every week.,physical health,,,,,,,,,,,
AS6FM754MF2B2,3,My goal is to save money out of every paycheck to pay off my car loan.,finance,,,,,,,,,,,
AS6FM754MF2B2,4,My goal is to save money to go away on a small trip by my birthday in June.,finance,,,,,,,,,,,
A10LHWALI4BZPC,1,My goal is to workout 4-6 days per week.,physical health,,,,,,,,,,,
A10LHWALI4BZPC,2,My goal is to move to a new house within the next month. ,other,moving,,,,,,,,,,
A10LHWALI4BZPC,3,My goal is to find a new girlfriend in the next 2 months,social/relationship,,,,,,,,,,,
A10LHWALI4BZPC,4,My goal is to continue to be vegan every day. ,physical health,,,,,,,,,,,
A3989GRV3UV5VW,1,I want to increase my income this year by 10 percent over last year.,finance,,,,,,,,,,,
A3989GRV3UV5VW,2,I want to get back in the habit of exercising daily and lose at least 20 pounds by the end of the year.,physical health,,,,,,,,,,,
A3989GRV3UV5VW,3,I want to learn to speak Vietnamese.,skill development,,,,,,,,,,,
A1BG47GSHQ9WSU,1,I want to lose 10-15 pounds over the next 3 months.,physical health,,,,,,,,,,,
A1BG47GSHQ9WSU,2,I want to earn at least $1500 every month from traditional means of income,finance,,,,,,,,,,,
A350SLJRMBIFM4,1,My goal is to teach my dog to recognize numbers and quantities up to ten in three months.,other,pet,,,,,,,,,,
A350SLJRMBIFM4,2,My goal is to harvest tomatoes from my own vegetable garden in four months.,house work,,,,,,,,,,,
A350SLJRMBIFM4,3,My goal is to lose 12 pounds in three months.,physical health,,,,,,,,,,,
A350SLJRMBIFM4,4,My goal is to make at least $400 every month on MTurk.,finance,,,,,,,,,,,
A1BIJGB7XA0GME,1,To finish saving money to get my roof repaired next month before the rainey season starts here in FL.,finance,,,,,,,,,,,
A1BIJGB7XA0GME,2,My goal is to go to the dentist to get the rest of my dental implants before summer.,physical health,,,,,,,,,,,
A1BIJGB7XA0GME,3,Clean and organize and paint my barn before the end of summer. I will also taken any items I don't need to the charity store.,house work,,,,,,,,,,,
A5A14MTB35J23,1,Complete 3 rounds of boxing within VR device (Oculus) at least 4 times a week.,physical health,,,,,,,,,,,
A5A14MTB35J23,2,"Have raw vegetables (carrots, celery, broccoli, etc.) with my lunch sandwich at least 3 times a week.",physical health,,,,,,,,,,,
A5A14MTB35J23,3,Complete art project involving framing of old National Geographic magazines by end of May.,leisure,,,,,,,,,,,
A5A14MTB35J23,4,Have lunch with my cousin at least once a month for the rest of the year.,family,,,,,,,,,,,
A5A14MTB35J23,5,Save $5000 in my children's 529 Plans by the end of the year.,finance,,,,,,,,,,,
A3EXD5E390Z6B3,1,Exercise for 60 minutes a day 5 times a week,physical health,,,,,,,,,,,
A3EXD5E390Z6B3,2,Spend 1 hour a day completely unplugged with my kids,family,,,,,,,,,,,
A3EXD5E390Z6B3,3,Earn an extra $500 every month to pay towards savings,finance,,,,,,,,,,,
A2SKOPFTRTNFUY,1,"My goal is to lose a minimum of 15 pounds by June 30, 2021 by counting calories and exercising.",physical health,,,,,,,,,,,
A2SKOPFTRTNFUY,2,My goal is to complete a minimum of 200 surveys each week on Amazon Mechanical Turk for each of the next 12 consecutive weeks.,finance,,,,,,,,,,,
A2SKOPFTRTNFUY,3,My goal is to earn a minimum of $100 per week on Amazon Mechanical Turk for each of the next 12 consecutive weeks.,finance,,,,,,,,,,,
A2SKOPFTRTNFUY,4,My goal is to reduce my alcohol intake from daily to no more than   one day per week for the next 12 consecutive weeks.                                                                                    ne next 12 consecutive weeks,physical health,,,,,,,,,,,
A1U8LTCX5XYJ45,1,my goal over the next three months and beyond is to exercise every other day to help build energy and muscle. this goal will be ongoing for the rest of my life.,physical health,,,,,,,,,,,
A1U8LTCX5XYJ45,2,"my goal is to finish school and find a new job, this is going to take a little over a year from now.",work/career development,,,,,,,,,,,
A1U8LTCX5XYJ45,3,"my goal is to not spend any money for unnecessary things, and save up for important moments. this will also be a life long thing.",finance,,,,,,,,,,,
A1W7I6FN183I8F,1,I intend to exercise at least four days every week.,physical health,,,,,,,,,,,
A1W7I6FN183I8F,2,I plan on saving more for retirement by putting at least 7% of my bi-weekly paycheck away.,finance,,,,,,,,,,,
A1W7I6FN183I8F,3,"In the next three months, I plan on improving my home. This includes painting outside, installing a new sump pump and resealing my driveway.",house work,,,,,,,,,,,
A1W7I6FN183I8F,4,I want to spend more time with my family by committing to spend an hour with them each day.,family,,,,,,,,,,,
A1W7I6FN183I8F,5,"For my last goal, I want to read more. I will accomplish this by setting 20 minutes aside each day before I go to bed.",leisure,,,,,,,,,,,
A1SL72YBUW8Q8K,1,My goal is to exercise moderately at least six days each week.,physical health,,,,,,,,,,,
A1SL72YBUW8Q8K,2,My goal is to maintain a healthy eating pattern every day.,physical health,,,,,,,,,,,
A1SL72YBUW8Q8K,3,My goal is to plant a garden this spring and work in it every day to harvest food in the fall.,house work,,,,,,,,,,,
A1SL72YBUW8Q8K,4,My goal is to choose something to straighten or reorganize every day.,mental health,,,,,,,,,,,
A1ZT0TLZZTT47M,1,get in better shape overall,physical health,,,,,,,,,,,
A1ZT0TLZZTT47M,2,practice my musical instruments at least 1 hour daily,skill development,,,,,,,,,,,
A1ZT0TLZZTT47M,3,organize a musical recording/video for Fall 2021,leisure,,,,,,,,,,,
A1ZT0TLZZTT47M,4,work on my poetry every day,leisure,,,,,,,,,,,
A1ZT0TLZZTT47M,5,find more online contract income,finance,,,,,,,,,,,
A1561P9VVA3C1C,1,My goal is to get my legs and knees stronger so that I can go hiking in Utah in four months. ,physical health,,,,,,,,,,,
A1561P9VVA3C1C,2,My goal is to replace the fence posts that are rotten in the next three months. ,house work,,,,,,,,,,,
A1561P9VVA3C1C,3,My goal is to start investing money for retirement in within six months. ,finance,,,,,,,,,,,
A2PE32I58ANCDD,1,My goal is to treat my best friend better. This will be ongoing. Specifically our main communication is via email. I tend to be judgmental of her and her decisions. Her emails are also riddled with typos and I point those out when I should just overlook them.,social/relationship,,,,,,,,,,,
A2PE32I58ANCDD,2,My goal is to worry less. I worry over almost everything. I want to try to refrain from worrying over what I cannot change. I want to let what is going to happen anyway just happen and tehn take action rather than worry so much ahead of time.,mental health,,,,,,,,,,,
APY7YO8CH0ZDP,1,"I want to continue to lose  weight, I have lost some over the last several months but want and need to lose more. Hoping to lose more weight in the next few months.",physical health,,,,,,,,,,,
APY7YO8CH0ZDP,2,Eat more healthy as much as my budget by eating more fruits and vegetables daily and get my blood sugars under control again. Hoping to make this a daily practice in the next 2 months.,physical health,,,,,,,,,,,
APY7YO8CH0ZDP,3,"Learning to be patient with myself and with dealing with daily problems of life, need to reduce stress.",mental health,,,,,,,,,,,
A1OR82RF1ZFWP,1,My first goal is to quit smoking completely starting immediately.,physical health,,,,,,,,,,,
A1OR82RF1ZFWP,2,My second goal is to paint my kitchen cabinets within the next three months.,house work,,,,,,,,,,,
A1OR82RF1ZFWP,3,My third goal is to exercise more by walking daily every day in the next 3 months.,physical health,,,,,,,,,,,
A2TLN8489YGY81,1,My single greatest goal that I am focusing on right now is to continue improving my finances over the next three months.,finance,,,,,,,,,,,
A3M81P9BEVE1GD,1,My Goal is Gaining the Knowledge for daily.,skill development,,,,,,,,,,,
A3M81P9BEVE1GD,2,My Goal is Decrease the Angry.,mental health,,,,,,,,,,,
A3M81P9BEVE1GD,3,My Goal is Improving the Friends.,social/relationship,,,,,,,,,,,
A3M81P9BEVE1GD,4,My Goal is achieve the higher Position.,work/career development,,,,,,,,,,,
A3M81P9BEVE1GD,5,My Goal  is improve the peaceful life for everytime.,mental health,,,,,,,,,,,
A16Z9FSSF1X74O,1,My goal is to quit smoking forever.,physical health,,,,,,,,,,,
A16Z9FSSF1X74O,2,My goal is to lose weight and build strength over the next year.,physical health,,,,,,,,,,,
A16Z9FSSF1X74O,3,My goal is to be able to roller skate again within the next three months.,leisure,,,,,,,,,,,
A16Z9FSSF1X74O,4,My goal is to save enough money for Christmas over the next nine months.,finance,,,,,,,,,,,
A16Z9FSSF1X74O,5,My goal is to make sure my husband gets the care he needs for his disability for the rest of his life.,family,,,,,,,,,,,
AH00EJ6PK1H3A,1,I have a goal to get back into a little bit better shape again and shed roughly 7lbs.,physical health,,,,,,,,,,,
AH00EJ6PK1H3A,2,I want to get back into reading regularly (at least 5 days a week).,leisure,,,,,,,,,,,
AH00EJ6PK1H3A,3,I want to start writing again about once a week just to explore my creativity.,leisure,,,,,,,,,,,
AUQTHU5AOZVQC,1,My goal is to get to my target weight of 165 pounds within the next month.,physical health,,,,,,,,,,,
AUQTHU5AOZVQC,2,My goal is to finish constructing my sound booth for my voice overs within the next month.,house work,,,,,,,,,,,
AUQTHU5AOZVQC,3,My goal is to get to the point where I am earning over three thousand dollars each month within the next three months.,finance,,,,,,,,,,,
AUQTHU5AOZVQC,4,My goal is to begin selling my t-shirt designs online as a passive income.,finance,,,,,,,,,,,
AUQTHU5AOZVQC,5,My goal is to exercise at least five days a week in the rest of 2021.,physical health,,,,,,,,,,,
A169WH54HMYS5Z,1,My goal is to live a healthier lifestyle by exercising more and eating better.,physical health,,,,,,,,,,,
A169WH54HMYS5Z,2,My goal is to start learning Italian,skill development,,,,,,,,,,,
A169WH54HMYS5Z,3,My goal is to save 150.00 every month for emergencies,finance,,,,,,,,,,,
A248PLZABUKB62,1,Closely monitor and see to it that my youngest sister successfully completes her rehabilitation program for heroin addiction,family,,,,,,,,,,,
A248PLZABUKB62,2,Provide mentoring and tutoring to my sister's children to help them achieve better grades in the final trimester of school,family,,,,,,,,,,,
A248PLZABUKB62,3,Ensure that my own children are properly mentored and tutored so they maintain their grades and mood as their cousins move in with us,family,,,,,,,,,,,
A248PLZABUKB62,4,"Reestablish my strength levels on the so-called ""Big 3"" lifts: deadlifts, squats, and bench press",physical health,,,,,,,,,,,
A248PLZABUKB62,5,Improve my cardiovascular fitness by running a 6 minute mile,physical health,,,,,,,,,,,
A2H92K2776A1IC,1,I would like to lose 15 pounds over the next 3 months.,physical health,,,,,,,,,,,
A2H92K2776A1IC,2,I would like to increase my run distance from 8 miles to 12 miles over the next 6 weeks.,physical health,,,,,,,,,,,
A2H92K2776A1IC,3,I would like to decrease my credit card debt by $1000 over the next 2 months,finance,,,,,,,,,,,
A2H92K2776A1IC,4,I would like to add $1500 to my savings account.,finance,,,,,,,,,,,
A1H5Q9HRH4RPZU,1,My goal is to cut out sugar from my diet.,physical health,,,,,,,,,,,
A1H5Q9HRH4RPZU,2,My goal is to get to 25k net worth.,finance,,,,,,,,,,,
A1H5Q9HRH4RPZU,3,My goal is to get to the doctor.,physical health,,,,,,,,,,,
A3O0ZQMDKOKAMR,1,I would like to start saving more for my retirement and I have started putting extra money every week in my savings account.,finance,,,,,,,,,,,
A3O0ZQMDKOKAMR,2,I am striving for a promotion at work. I think that I will succeed in this within the next year.,work/career development,,,,,,,,,,,
A3E76V59BKGKCQ,1,My goal is to buy a house within the next three years. ,finance,,,,,,,,,,,
A3E76V59BKGKCQ,2,My goal is to save money for my future every day. ,finance,,,,,,,,,,,
A3E76V59BKGKCQ,3,My goal is to get fit within this summer. ,physical health,,,,,,,,,,,
A2RMJNF6IPI42F,1,Stand up straighter.,physical health,,,,,,,,,,,
A2RMJNF6IPI42F,2,Improve oral health.,physical health,,,,,,,,,,,
A2RMJNF6IPI42F,3,Lose weight.,physical health,,,,,,,,,,,
A2RMJNF6IPI42F,4,Pay off debts.,finance,,,,,,,,,,,
A2RMJNF6IPI42F,5,Be more active.,physical health,,,,,,,,,,,
ALDQRWYZ8KQ9A,1,I wan to lose 20 pounds in 2021.,physical health,,,,,,,,,,,
ALDQRWYZ8KQ9A,2,I want to earn at least $700 each month on MTurk from April through June.,finance,,,,,,,,,,,
ALDQRWYZ8KQ9A,3,I want to collect and dispose of a bag of trash from my basement every week through June.,house work,,,,,,,,,,,
A2F5QCUTZU7KF7,1,My goal is to continue exercising for 2 hours every single day of the week.,physical health,,,,,,,,,,,
A2F5QCUTZU7KF7,2,My goal is to increase my income at my work as a manager by 10% within this year.,work/career development,,,,,,,,,,,
A2F5QCUTZU7KF7,3,My goal is to continue taking my children hiking in the mountains once every single month.,family,,,,,,,,,,,
A2B0FLA55RH047,1,advancing my career and increasing earnings,work/career development,,,,,,,,,,,
A2B0FLA55RH047,2,improving physical health,physical health,,,,,,,,,,,
A2B0FLA55RH047,3,planning for potential move within next few months,other,moving,,,,,,,,,,
A2B0FLA55RH047,4,fostering relationship with girlfriend,social/relationship,,,,,,,,,,,
A2O2Q0LVWOWJ1G,1,I would like to lose weight and become physically fit over the next three months. ,physical health,,,,,,,,,,,
A2O2Q0LVWOWJ1G,2,I would like to research on how to invest money and then actually invest money in the next three months. ,finance,,,,,,,,,,,
A2O2Q0LVWOWJ1G,3,I would like to save at least two hundred dollars in the next month.,finance,,,,,,,,,,,
A2O2Q0LVWOWJ1G,4,I would like to clean out my garage over the next month. ,house work,,,,,,,,,,,
A160L76BFKQQ1Q,1,is two make a $100 to $200 i n the stock market in the next 3 mo.,finance,,,,,,,,,,,
A160L76BFKQQ1Q,2,my goal will beto get a xbox series s in the next  3 mo.,leisure,,,,,,,,,,,
A160L76BFKQQ1Q,3,my goal is to be in beeter health in the next 3 mo.,physical health,,,,,,,,,,,
AJQ71YIGY01HZ,1,Lose weight,physical health,,,,,,,,,,,
AJQ71YIGY01HZ,2,Pay off this house,finance,,,,,,,,,,,
A2YVAWO75X8R78,1,"My goal is to loose weight, the ultimate goal is at  least 60 lbs.",physical health,,,,,,,,,,,
A2YVAWO75X8R78,2,My goal is to exercise at least 4x a week.,physical health,,,,,,,,,,,
A2YVAWO75X8R78,3,My goal is to be more tolerant and loving towards my husband.,family,,,,,,,,,,,
A2YVAWO75X8R78,4,"My goal is to eat healthier over these next few months, to include more fruits and veggies.",physical health,,,,,,,,,,,
A2YVAWO75X8R78,5,My goal is to earn at least $70 weekly with MTurk each and every week.,finance,,,,,,,,,,,
A2HJYX70UQW9XR,1,My goal is to lose 15 pounds in the next three months.,physical health,,,,,,,,,,,
A2HJYX70UQW9XR,2,My goal is to limit my sugar consumption,physical health,,,,,,,,,,,
A2HJYX70UQW9XR,3,My goal is to become more organized,other,self-growth,,,,,,,,,,
A2HJYX70UQW9XR,4,My goal is to reduce my meat consumption,physical health,,,,,,,,,,,
A2HJYX70UQW9XR,5,My goal is to improve my grooming habits,leisure,,,,,,,,,,,
AY5QPUSEADPBG,1,My goal is to complete my crocheted wall hanging in 3 months.,house work,,,,,,,,,,,
AY5QPUSEADPBG,2,My goal is to practice the keyboard everyday.,leisure,,,,,,,,,,,
A1QT7BQZVOBSY0,1,I want to regularly save at least 400 dollars every month for 2021.. I ,finance,,,,,,,,,,,
A1QT7BQZVOBSY0,2,My goal is to paint the fascia on my home by May.,house work,,,,,,,,,,,
A1QT7BQZVOBSY0,3,I have a goal of practicing my guitar 3 times a week by the end of April.,leisure,,,,,,,,,,,
A1QT7BQZVOBSY0,4,I am trying to make a consistant habit of reading my Bible every morning within the next 2 months.,religion,,,,,,,,,,,
A1ADAWW4IHPCQ7,1,"My goal is to paint the outside of my house, within six months.  I paint a side a year, and I have two sides left.",house work,,,,,,,,,,,
A1ADAWW4IHPCQ7,2,"My goal is to lose 20 lbs within four months, by working out 5 days a week, for at least 30 minutes a day.",physical health,,,,,,,,,,,
A1ADAWW4IHPCQ7,3,"My goal is to change careers and start my own business, within the next 1 year.",work/career development,,,,,,,,,,,
A15VI0QFR2YO50,1,My goal is to clear office backlog of cases in the next three months,work/career development,,,,,,,,,,,
A15VI0QFR2YO50,2,My next goal is to go through every room in my and prepare items        to go to Goodwill,house work,,,,,,,,,,,
A3OLRWACCCCUTU,1,My goal is to have my house ready to put on the market by May 1,finance,,,,,,,,,,,
A3OLRWACCCCUTU,2,My goal is to complete the second level of Rosetta Stone Spanish by June 30,skill development,,,,,,,,,,,
A3OLRWACCCCUTU,3,My goal is to walk for 90 minutes a day 5 days a week,physical health,,,,,,,,,,,
A3OLRWACCCCUTU,4,"My goal is to eat an average of 1,400 calories a day each week",physical health,,,,,,,,,,,
A3OLRWACCCCUTU,5,My goal is to find an apartment in the Clearwater area by April 30,other,moving,,,,,,,,,,
A2196WCNDZULFS,1,My goal is to get every room of the house clean and organized by the end of summer.,house work,,,,,,,,,,,
A2196WCNDZULFS,2,My goal is to lose at least eight pounds each month until I am at my goal weight.,physical health,,,,,,,,,,,
A2196WCNDZULFS,3,"My goal is to pay a large amount on a credit card debt each month, and keep doing that until each credit card is payed off.",finance,,,,,,,,,,,
ADJ9I7ZBFYFH7,1,My goal is to do ten pullups in a row in three months.,physical health,,,,,,,,,,,
ADJ9I7ZBFYFH7,2,My goal is to save $3000 in three months.,finance,,,,,,,,,,,
ADJ9I7ZBFYFH7,3,My goal is to drink alcohol no more than twice per week.,physical health,,,,,,,,,,,
A255RBA8P0K0XV,1,My goal is to invest $100 in each cryptocurrency on the market within the next 9 months.,finance,,,,,,,,,,,
A255RBA8P0K0XV,2,My goal is to workout and have a more fit body by summer.,physical health,,,,,,,,,,,
A255RBA8P0K0XV,3,My goal is to maintain my healthy breakfast diet for the remaining 9 months.,physical health,,,,,,,,,,,
A255RBA8P0K0XV,4,My goal in 6 months is to build a stronger immune system.,physical health,,,,,,,,,,,
A255RBA8P0K0XV,5,My goal is 6 months is to travel to more countries.,leisure,,,,,,,,,,,
A3NKNOE5HIXXL,1,My goal is to graduate with my masters degree in May.,academic/school,,,,,,,,,,,
A3NKNOE5HIXXL,2,My goal is to lose weight.,physical health,,,,,,,,,,,
A3NKNOE5HIXXL,3,My goal is to exercise at least 4 times a week.,physical health,,,,,,,,,,,
A2IJEKMVEHQ90W,1,TI want to be able exercise for 3-5 times a week,physical health,,,,,,,,,,,
A2IJEKMVEHQ90W,2,I want to be able to completely clean my closet,house work,,,,,,,,,,,
A2IJEKMVEHQ90W,3,I need to be able to save some money,finance,,,,,,,,,,,
A2IJEKMVEHQ90W,4,I hope to Eat a vegetable or two everyday,physical health,,,,,,,,,,,
A2IJEKMVEHQ90W,5,I would love to finally finish a show,leisure,,,,,,,,,,,
A3VZUPCZB4Q9XW,1,"Pay down Debt- personally pay $100+ of Mturk revenue per month to debt, ongoing.",finance,,,,,,,,,,,
A3VZUPCZB4Q9XW,2,"Build a social media presence for my print on demand business, stalled at 233 followers would like 300 by 3 months ",work/career development,,,,,,,,,,,
A3VZUPCZB4Q9XW,3,"Have 300 designs available and uploaded for my print on demand business- currently 194 should have an additional 50 in 3 months, to hit my goal by the end of the year.",work/career development,,,,,,,,,,,
A3VZUPCZB4Q9XW,4,"Loose 30 lbs, I would like to be down 10lbs in three months and hit my goal by the end of the year.",physical health,,,,,,,,,,,
A3VZUPCZB4Q9XW,5,"Average $7 a day on Mturk, ongoing",finance,,,,,,,,,,,
A1EH9BPKYXFBS5,1,lose 30 pounds,physical health,,,,,,,,,,,
A1EH9BPKYXFBS5,2,record food and exercise every day in my fitness pal,physical health,,,,,,,,,,,
A1EH9BPKYXFBS5,3,every day weigh my food instead of estimating,physical health,,,,,,,,,,,
A1EH9BPKYXFBS5,4,make a food plan for the week when I go back to work,physical health,,,,,,,,,,,
A1EH9BPKYXFBS5,5,declutter and organize the house every week,house work,,,,,,,,,,,
AJDHPRCJ985C7,1,Take a walk every day.,physical health,,,,,,,,,,,
AJDHPRCJ985C7,2,Get more iron in my diet by eating at least a pound of spinach every week.,physical health,,,,,,,,,,,
AJDHPRCJ985C7,3,"Teach myself how to finish quilts, not just quilt tops, so I can give my dad a quilt for his birthday in two months.",skill development,,,,,,,,,,,
AJDHPRCJ985C7,4,Practice French daily.,skill development,,,,,,,,,,,
AJDHPRCJ985C7,5,Make noticeable progress on a needlepoint project every week.,leisure,,,,,,,,,,,
A2NAKIXS3DVGAA,1,My goal is to exercise at least once per week.,physical health,,,,,,,,,,,
A3NXT3OVGL7QNR,1,"My most important goal is to spead The Good News (God's Word) in order to bring people to Jesus Christ for salvation. To make this goal happen, I need to become a better example of a Christian; a better representative of Christ. ",religion,,,,,,,,,,,
A2ESBX4C2Q6TQY,1,I want to stop smoking in the next couple of weeks.,physical health,,,,,,,,,,,
A2ESBX4C2Q6TQY,2,I want to lose weight over the course of the next year,physical health,,,,,,,,,,,
A2ESBX4C2Q6TQY,3,I want to declutter my house within the next three months.,house work,,,,,,,,,,,
A2ESBX4C2Q6TQY,4,I want to start paying off my bills over the course of the next year,finance,,,,,,,,,,,
A2ESBX4C2Q6TQY,5,My goal is to start putting $50 a week into the savings account starting this Friday.,finance,,,,,,,,,,,
A36ZURENFWTYOZ,1,I have a goal of bench pressing 405 pounds.  I would like to continue progressing towards that goal.  My current maximum is 315 pounds.,physical health,,,,,,,,,,,
A36ZURENFWTYOZ,2,I plan to apply to the United States Air Force.  I would like to study more for the entrance exam.,work/career development,,,,,,,,,,,
A36ZURENFWTYOZ,3,I want to finish the landscaping at my mother's house.  I would like to complete the fencing and plant more greenery.,house work,,,,,,,,,,,
A36ZURENFWTYOZ,4,I would like to read at least one book every month.,leisure,,,,,,,,,,,
A36ZURENFWTYOZ,5,"I would like to get back into the workforce.  I have been out of work for a year, due to the pandemic.  I am actively seeking a position.",work/career development,,,,,,,,,,,
A2LU3430Q972IN,1,"My goal is not eat any bread for the next two months, in order to lose ten pounds",physical health,,,,,,,,,,,
A2LU3430Q972IN,2,My goal is to perfect my charcoal soap formula before the end of April 2021,leisure,,,,,,,,,,,
A2LU3430Q972IN,3,My goal is make $500 on Amazon Turk by the end of May 2021,finance,,,,,,,,,,,
A21ZYTE6WOKUA,1,My goal is to save money for my upcoming vacation,finance,,,,,,,,,,,
A21ZYTE6WOKUA,2,my goal is to find a new apartment,other,moving,,,,,,,,,,
A21ZYTE6WOKUA,3,my goal is to get my son his dream car on his 18th birthday,family,,,,,,,,,,,
A21ZYTE6WOKUA,4,my goal is to pay off my mortgage ,finance,,,,,,,,,,,
A1B5SSGMTAQ9B5,1,My goal is to lose 20 lbs,physical health,,,,,,,,,,,
A1B5SSGMTAQ9B5,2,My goal is to find a new job.,work/career development,,,,,,,,,,,
A2CYMT8T33U6EE,1,Exercise at least 4 times a week.,physical health,,,,,,,,,,,
A2CYMT8T33U6EE,2,Eat healthier meals.,physical health,,,,,,,,,,,
A2CYMT8T33U6EE,3,Make at least $100 average weekly.,finance,,,,,,,,,,,
A2CYMT8T33U6EE,4,Work more in the garden.,house work,,,,,,,,,,,
A2CYMT8T33U6EE,5,Save at least $500 per month.,finance,,,,,,,,,,,
A3BE3KXD518TZ4,1,I am working to save at least 200 dollars a month.,finance,,,,,,,,,,,
A3BE3KXD518TZ4,2,My goal is to continue improving my physical fitness and activity level.,physical health,,,,,,,,,,,
A3BE3KXD518TZ4,3,I am working toward earning additional graduate level credits to reach the next pay level at work.,academic/school,,,,,,,,,,,
A3QSFE6GKO157S,1,My goal is to go for a run at least three times a week.,physical health,,,,,,,,,,,
A3QSFE6GKO157S,2,My goal is to lose weight over the next three months.,physical health,,,,,,,,,,,
A3CAF7LTD3ORSG,1,My goal is to lose 10 pounds in the next 3 months,physical health,,,,,,,,,,,
A3CAF7LTD3ORSG,2,My goal is to make a vegetable garden for the first time in the next 3 months,house work,,,,,,,,,,,
A3CAF7LTD3ORSG,3,My goal is to eat fish at least twice a week.,physical health,,,,,,,,,,,
A47VCO946DO5K,1,I want to pass the semester with good grades.,academic/school,,,,,,,,,,,
A47VCO946DO5K,2,"I want to gain some weight over the next few months, but preserve my abs.",physical health,,,,,,,,,,,
A47VCO946DO5K,3,I want to enjoy the upcoming summer as much as possible. ,leisure,,,,,,,,,,,
A1M8BYIP0KZJZX,1,My goal is to increase my credit score to 775 by July 1st.,finance,,,,,,,,,,,
A1M8BYIP0KZJZX,2,My goal is to meet with my friends in person at least once a month for the rest of 2021.,social/relationship,,,,,,,,,,,
A1M8BYIP0KZJZX,3,My goal is to meet my desired weight of 126lbs by July 15.,physical health,,,,,,,,,,,
A1M8BYIP0KZJZX,4,"My goal is to save $3,500 by July 1st, so I can move into my first apartment.",finance,,,,,,,,,,,
A1M8BYIP0KZJZX,5,"My goal is to pay off my loan of $1,982 by the end of the year.",finance,,,,,,,,,,,
A1D7IULWFI8PB1,1,My first goal is to get a promotion at work by the next promo cycle,work/career development,,,,,,,,,,,
A1D7IULWFI8PB1,2,"My second goal is to save $20,000 dollars in the next three months",finance,,,,,,,,,,,
A1D7IULWFI8PB1,3,My final goal is to plan out where I am going to be living upon moving during the summer,other,moving,,,,,,,,,,
A33RI08QRVG5Q0,1,Eat at least 5 servings of fruits/vegetables 6 days a week.,physical health,,,,,,,,,,,
A33RI08QRVG5Q0,2,"Walk at least 20 minutes a day, at least 5 times a week.",physical health,,,,,,,,,,,
A33RI08QRVG5Q0,3,"Provide a father figure to my grandsons who are 9 and 12 years old and are living with us. At least five days a week, provide tips to them to help them succeed in life.provide",family,,,,,,,,,,,
A33RI08QRVG5Q0,4,"Continue learning German on Duolingo. Earn at least 20 units every day,",skill development,,,,,,,,,,,
A33RI08QRVG5Q0,5,Continue making money on Mechanical Turk. Goal is to earn $200 a month.,finance,,,,,,,,,,,
A1IJ56N5Z4TT46,1,My goal is to get at least 7 hours of sleep every day,physical health,,,,,,,,,,,
A1IJ56N5Z4TT46,2,My goal is to exercise at least 3 times a week,physical health,,,,,,,,,,,
A1IJ56N5Z4TT46,3,My goal is to repair the damage to my car within the next 3 months,house work,,,,,,,,,,,
A1IJ56N5Z4TT46,4,My goal is to repair and refinish the deck in the next 3 months,house work,,,,,,,,,,,
A1IJ56N5Z4TT46,5,My goal is to take steps to destress my life,other,,,,,,,,,,,
A196O7GQLD3S2J,1,Pursuit of purchasing the home I'm renting currently.,finance,,,,,,,,,,,
A196O7GQLD3S2J,2,Making more money on mturk weekly.,finance,,,,,,,,,,,
A196O7GQLD3S2J,3,Work on my relationship with my lady.,family,,,,,,,,,,,
A2WJMGV0HKQG3Z,1,To start my garden,house work,,,,,,,,,,,
A2WJMGV0HKQG3Z,2,To buy a new car,finance,,,,,,,,,,,
A2WJMGV0HKQG3Z,3,To stay healthy,physical health,,,,,,,,,,,
A1AZLJ3R5FQ9B7,1,Lose 15 pounds by Labor Day (9/6/2021),physical health,,,,,,,,,,,
A1AZLJ3R5FQ9B7,2,Write 5000 words/week on blog or book each week in 2021,leisure,,,,,,,,,,,
A1AZLJ3R5FQ9B7,3,Save $400/month for the rest of 2021,finance,,,,,,,,,,,
A2EMTSJS47K8SU,1,My goal is to get back to lifting weights four days a week. ,physical health,,,,,,,,,,,
A2EMTSJS47K8SU,2,My goal is to learn to be more patient with my two year every day.,family,,,,,,,,,,,
A2EMTSJS47K8SU,3,My goal is to finish building my new deck in three months. ,house work,,,,,,,,,,,
A1WQACYPLESVGL,1,My goal is to find a better paying job within approximately 3 months.,work/career development,,,,,,,,,,,
A1WQACYPLESVGL,2,My goal is to reduce tobacco consumption to 10 cigarettes per day maximum within 3 months.,physical health,,,,,,,,,,,
A1WQACYPLESVGL,3,"My goal is to be better to my body by excercising at least 3 times a week and being more consistent in improving my diet (by reducing saturated fat, processed foods, etc.) within 3 months.",physical health,,,,,,,,,,,
A1WQACYPLESVGL,4,"My goal is to find a small block of time every day of at least 10 minutes for mindfulness, relaxation, and meditation, and to make it a daily routine within 3 months.",mental health,,,,,,,,,,,
A1WQACYPLESVGL,5,My goal is to complete an online course teaching Python within 3 months.,skill development,,,,,,,,,,,
A1ZT30BGR3266K,1,My goal is to exercise five days a week.,physical health,,,,,,,,,,,
A1ZT30BGR3266K,2,My goal is to limit snacking to two days a week.,physical health,,,,,,,,,,,
A37PUSY6CJ7TQ0,1,My goal is to start stretching everyday starting April 1st.,physical health,,,,,,,,,,,
A37PUSY6CJ7TQ0,2,My goal is to find a new job within the next six months.,work/career development,,,,,,,,,,,
A37PUSY6CJ7TQ0,3,My goal is to pay off my car loan in three months.,finance,,,,,,,,,,,
A37PUSY6CJ7TQ0,4,My goal is to go hiking once a week during spring. ,physical health,,,,,,,,,,,
A37PUSY6CJ7TQ0,5,My goal is to eat less bread and more vegetables every day. ,physical health,,,,,,,,,,,
A2R75YFKVALBXE,1,My goal is to save money and relocate to live with my long-distance girlfriend in 2 years.,finance,,,,,,,,,,,
A2R75YFKVALBXE,2,My goal is to resolve major debts within 1 year.,finance,,,,,,,,,,,
A2R75YFKVALBXE,3,My goal is save money and to fully retire within 3 years.,finance,,,,,,,,,,,
A2R75YFKVALBXE,4,"My goal is exercise for 50 mins/day, 6 days/week, ongoing.",physical health,,,,,,,,,,,
A2R75YFKVALBXE,5,"My goal is to lose 25 lbs over the next 4 months, ongoing.",physical health,,,,,,,,,,,
A1P3I7YCWXF9YG,1,TO LOWER MY DIABETES A1c down to a 6  from a  7.,physical health,,,,,,,,,,,
A1P3I7YCWXF9YG,2,TO SAVE 100.00 A WEEK  TOWARD A SUMMER VACATION FOR FAMILY,finance,,,,,,,,,,,
A3PGCZCYMXQMZ8,1,Reduce my high blood pressure so that I can be healthier and not experience any more physical symptoms.,physical health,,,,,,,,,,,
A3PGCZCYMXQMZ8,2,Become proficient at conversational Italian.,skill development,,,,,,,,,,,
A3PGCZCYMXQMZ8,3,Lose a decent amount of weight.,physical health,,,,,,,,,,,
A3PGCZCYMXQMZ8,4,Help my tutee to be able to understand and become proficient in reading and math.,family,,,,,,,,,,,
A1BWS5AD2T4NIR,1,My goal is to acquire my professional certification in three months.,work/career development,,,,,,,,,,,
A1BWS5AD2T4NIR,2,My goal is to eat vegetables every day.,physical health,,,,,,,,,,,
A1BWS5AD2T4NIR,3,My goal is to work on home repairs and improvements every week.,house work,,,,,,,,,,,
A1BWS5AD2T4NIR,4,My goal is to save at least $250 every month.,finance,,,,,,,,,,,
A1BWS5AD2T4NIR,5,My goal is to learn morse code for my amateur radio hobby.,skill development,,,,,,,,,,,
AYNDATHZBJZ6E,1,"My goal is to work on my art/designs for at least 30 minutes, several times a week.",leisure,,,,,,,,,,,
AYNDATHZBJZ6E,2,My goal is to consistently get to bed and wake up earlier every day.,physical health,,,,,,,,,,,
AYNDATHZBJZ6E,3,My goal is to do some housecleaning for at least 30 minutes every one or two days.,house work,,,,,,,,,,,
A1SISJL5ST2PWH,1,I plan to workout at least once a week,physical health,,,,,,,,,,,
A1SISJL5ST2PWH,2,I plan to lose 10 pounds in three months,physical health,,,,,,,,,,,
A1SISJL5ST2PWH,3,I plan to increase my stock portfolio by 15% in three months,finance,,,,,,,,,,,
A27INSDNTACWAM,1,I am working on completing an Affiliate Marketing Website/,finance,,,,,,,,,,,
A27INSDNTACWAM,2,I want to work toward earning at least $500 a month with Mturk.,finance,,,,,,,,,,,
A27INSDNTACWAM,3,I am working toward loosing 120 pounds in one year.,physical health,,,,,,,,,,,
A27INSDNTACWAM,4,I want to work toward finding the cause and curing a balance disorder I have.,physical health,,,,,,,,,,,
A3AE0JEXW4DB34,1,I'm working on losing at least 20 pounds ,physical health,,,,,,,,,,,
A3AE0JEXW4DB34,2,I'm going to work out at least 4-5 days a week. ,physical health,,,,,,,,,,,
A3AE0JEXW4DB34,3,I'm plan to build my credit,finance,,,,,,,,,,,
A3AE0JEXW4DB34,4,I'm going to journal daily,leisure,,,,,,,,,,,
A3AE0JEXW4DB34,5,I'm going to find a remote job,work/career development,,,,,,,,,,,
A49CVVOWN4D6Y,1,I plan to clear my discover student credit card debt,finance,,,,,,,,,,,
A49CVVOWN4D6Y,2,I want to be 135 pounds by the end of the year,physical health,,,,,,,,,,,
A49CVVOWN4D6Y,3,I'm hoping to graduate from Undergrad in the fall of this year. ,academic/school,,,,,,,,,,,
A49CVVOWN4D6Y,4,I want to save $6000 to buy my first car by the end of the year,finance,,,,,,,,,,,
A49CVVOWN4D6Y,5,I will start filming for my art submission that's due by August,academic/school,,,,,,,,,,,
AWTGJ45ZWUCHH,1,i am going to buy a new bed,finance,,,,,,,,,,,
AWTGJ45ZWUCHH,2,i and going to buy a dresser,finance,,,,,,,,,,,
AWTGJ45ZWUCHH,3,i am going to pay off my credit card,finance,,,,,,,,,,,
AWTGJ45ZWUCHH,4,i am going to finish my painting,leisure,,,,,,,,,,,
AWTGJ45ZWUCHH,5,i am going to finish my nail set,leisure,,,,,,,,,,,
A1DD23J1WBGQUU,1,My goal is to begin meditating for at least 15 minutes every day.,mental health,,,,,,,,,,,
A1DD23J1WBGQUU,2,My goal is to intermittently fast to lose weight every other day.,physical health,,,,,,,,,,,
A1DD23J1WBGQUU,3,My goal is to pay off my credit card debt by the end of the year.,finance,,,,,,,,,,,
AMA18W8F60Y2J,1,I want to save $150 each month.,finance,,,,,,,,,,,
AIHUIAQ4922K3,1,Bike around more often,leisure,,,,,,,,,,,
AIHUIAQ4922K3,2,Drink less alcohol,physical health,,,,,,,,,,,
A2Y0WNHMT4PZ4C,1,My goal is to loose around 25lbs by the end of this year.,physical health,,,,,,,,,,,
A2Y0WNHMT4PZ4C,2,My goal is to start exercising twice a week for the next 6 months.,physical health,,,,,,,,,,,
A2Y0WNHMT4PZ4C,3,My goal is to save at least $2000 by December this year.,finance,,,,,,,,,,,
A2AZYU1CT24O0K,1,In 3 months I hope to lose enough weight to fit in my old clothing.,physical health,,,,,,,,,,,
A2AZYU1CT24O0K,2,Every week I want to save money and grow my bank account.,finance,,,,,,,,,,,
A2AZYU1CT24O0K,3,Every day I was to exercise more.,physical health,,,,,,,,,,,
A2AZYU1CT24O0K,4,In 1 month I want to improve my sleep hygiene.,physical health,,,,,,,,,,,
A2AZYU1CT24O0K,5,I want to read 1 book per month.,leisure,,,,,,,,,,,
AJ4T7PTRYNSUW,1,I'd like to make progress towards paying off back child support,finance,,,,,,,,,,,
AJ4T7PTRYNSUW,2,I'd like to make progress towards finding a new job not doing gig work,work/career development,,,,,,,,,,,
AJ4T7PTRYNSUW,3,I'd like to make progress towards losing a little bit of weight so I can have a toned figure.,physical health,,,,,,,,,,,
A1IL81UMEC9OJI,1,My goal is to reduce how much I gamble.,finance,,,,,,,,,,,
A1IL81UMEC9OJI,2,My goal is to be more diligent during my training for my new job over the next 5 days.,work/career development,,,,,,,,,,,
A1IL81UMEC9OJI,3,My goal is to plan two outings with friends for the next two months.,social/relationship,,,,,,,,,,,
A1IL81UMEC9OJI,4,My goal is to exercise more consistently.,physical health,,,,,,,,,,,
A1IL81UMEC9OJI,5,My goal is to be more active in helping my parents with their financial matters.,finance,,,,,,,,,,,
ARQR5NIFA1AJ,1,My goal is to lose 15 lbs of fat in 2 months.,physical health,,,,,,,,,,,
ARQR5NIFA1AJ,2,Spend closer time with daughter to develop deeper relationship.,family,,,,,,,,,,,
ARQR5NIFA1AJ,3,I want to landscape around house with rocks and retaining wall.,house work,,,,,,,,,,,
A13WTEQ06V3B6D,1,My goal is to go to bed by 11:15 PM every night and wake up by 6:30 AM every morning every weekday.,physical health,,,,,,,,,,,
A13WTEQ06V3B6D,2,My goal is to go to get at least 1 hour of moderate to intense exercise every day.,physical health,,,,,,,,,,,
A13WTEQ06V3B6D,3,My goal is to read at least three books in the next 3 months.,leisure,,,,,,,,,,,
A1J8TVICSRC70W,1,My goal is to lose 15 pounds in the next 3 months,physical health,,,,,,,,,,,
A1J8TVICSRC70W,2,My goal is to work out on the Max Trainer for 15 minutes at least 5 times a week. ,physical health,,,,,,,,,,,
A1J8TVICSRC70W,3,My goal is to complete the AKC Trick Dog Title in the next 3 months,other,pet,,,,,,,,,,
A1J8TVICSRC70W,4,My goal is to gain 5 lbs of muscle in the next 3 months,physical health,,,,,,,,,,,
A1J8TVICSRC70W,5,My goal is to not Turk at work more often than once a week. ,work/career development,,,,,,,,,,,
A3ROYUO9LWA22S,1,Pay off our Storage Locker by the beginning of April.,physical health,,,,,,,,,,,
A3ROYUO9LWA22S,2,"Take my 2 dogs in to the vet for check-ups, shots and medication by May.",other,pet,,,,,,,,,,
A3ROYUO9LWA22S,3,Start testing for additional home jobs in transcription by the end of June,work/career development,,,,,,,,,,,
A3ROYUO9LWA22S,4,"Possibly get a 2nd job this summer working at the Water Park for 5 months starting in May, if not do active survey tasks and transcription for extra income by May-June.",work/career development,,,,,,,,,,,
A3ROYUO9LWA22S,5,Pay off additional medical bills and start putting money away for a small house for purchase within 18 months to 2 years.,finance,,,,,,,,,,,
A1W850QN9RK019,1,My goal is to become a certified civil engineer,work/career development,,,,,,,,,,,
A1W850QN9RK019,2,My goal is to achieve 20 pounds weightloss,physical health,,,,,,,,,,,
A1W850QN9RK019,3,My goal is to become the senior supervisor in my place of work,work/career development,,,,,,,,,,,
A1W850QN9RK019,4,My goal is to save half of my income for 3 months,finance,,,,,,,,,,,
A1W850QN9RK019,5,My goal is to exercise thrice a week,physical health,,,,,,,,,,,
A1YPOIURXB6ESR,1,In the next three months I would like to lose 10 pounds.,physical health,,,,,,,,,,,
A1YPOIURXB6ESR,2,My goal is to drink at least one 16oz bottle of water a day.,physical health,,,,,,,,,,,
A1YPOIURXB6ESR,3,My goal is to pay off our back utility bills by June.,finance,,,,,,,,,,,
A1YPOIURXB6ESR,4,"In the next three months, I would like to reduce my debt by $1,000.",finance,,,,,,,,,,,
A1KC342L9WAQ2,1,My goal is to get accepted into at least one pharmacy school.,academic/school,,,,,,,,,,,
A1KC342L9WAQ2,2,My goal is to get an A on my anatomy midterm.,academic/school,,,,,,,,,,,
A1KC342L9WAQ2,3,My goal is to exercise four times a week. ,physical health,,,,,,,,,,,
AT6LDQNLKTUSE,1,My goal is to buy a car within 3 months.,finance,,,,,,,,,,,
AT6LDQNLKTUSE,2,My goal is to pay down as much credit card debt as I can within 3 months.,finance,,,,,,,,,,,
A1ROEDVMTO9Y3X,1,stop smoking,physical health,,,,,,,,,,,
A1ROEDVMTO9Y3X,2,be more patient,other,self growth,,,,,,,,,,
A22DDO8NILSX6O,1,Exercise (walk) 30 minutes per day 3 or 4 days a week.,physical health,,,,,,,,,,,
A22DDO8NILSX6O,2,Reconnect with people I've fallen out of touch with during COVID lockdowns - calll or text one friend and one family member each week.,social/relationship,,,,,,,,,,,
A22DDO8NILSX6O,3,Put $25/week into a savings subaccount for Christmas. ,finance,,,,,,,,,,,
A22DDO8NILSX6O,4,Cut back on drinking soda/carbonated drinks.,physical health,,,,,,,,,,,
A2H0VR477QHYO7,1,complete studies for Series 7 financial licensing ,skill development,,,,,,,,,,,
A2H0VR477QHYO7,2,lose 20 pounds after long quarantine ,physical health,,,,,,,,,,,
A2H0VR477QHYO7,3,work on long term plan to retire early,finance,,,,,,,,,,,
A2H0VR477QHYO7,4,purge junk and reorganize garage,house work,,,,,,,,,,,
A1K8VUKRL53OX,1,My goal is to increase more time in doing my online jobs so as to increase my income. ,work/career development,,,,,,,,,,,
A1K8VUKRL53OX,2,To finish our family project of establishing a home in the village.,house work,,,,,,,,,,,
A1K8VUKRL53OX,3,To find time and advance in my masters degree over the holiday and evening classes. ,academic/school,,,,,,,,,,,
A1K8VUKRL53OX,4,To be committed to my family in time and attention. ,family,,,,,,,,,,,
A1K8VUKRL53OX,5,To eat health and to be health conscious. ,physical health,,,,,,,,,,,
AJMWITY1XT7H7,1,My goal is to cook meals at home at least five days a week.,physical health,,,,,,,,,,,
AJMWITY1XT7H7,2,"My goal is to include fruit or vegetables with every lunch and dinner every day, including when eating out or getting takeout.",physical health,,,,,,,,,,,
AJMWITY1XT7H7,3,My goal is to go down one clothing size in two months.,physical health,,,,,,,,,,,
AJMWITY1XT7H7,4,My goal is to continue exercising at least four times a week.,physical health,,,,,,,,,,,
A1J9Z2VOHTT1UZ,1,"To stop wasting time, be more efficient, and work harder every day.",other,time management,,,,,,,,,,
A1J9Z2VOHTT1UZ,2,To be healthier by working out every day.,physical health,,,,,,,,,,,
A1J9Z2VOHTT1UZ,3,To learn Japanese at least most days a week.,skill development,,,,,,,,,,,
A3U2S6OPJNS4AQ,1,Get promoted in my job,work/career development,,,,,,,,,,,
AYPOAY43REHC8,1,my goal is to lose 10 pounds,physical health,,,,,,,,,,,
AYPOAY43REHC8,2,my goal is to workout for 8 hours a week,physical health,,,,,,,,,,,
AYPOAY43REHC8,3,my goal is to eat less fatty foods,physical health,,,,,,,,,,,
AYPOAY43REHC8,4,my goal is to get at least 8 hours of sleep a night,physical health,,,,,,,,,,,
AYPOAY43REHC8,5,my goal is to drink 4 bottles of water each day,physical health,,,,,,,,,,,
A3KIDRWRKC7RI5,1,Pay off the mortgage by the end of the year,finance,,,,,,,,,,,
A3KIDRWRKC7RI5,2,Work on project management course and pass the exam to obtain Project Management certificate by end of June,work/career development,,,,,,,,,,,
A3KIDRWRKC7RI5,3,Start running 5 days a week as soon as weather permits,physical health,,,,,,,,,,,
A3KIDRWRKC7RI5,4,"Start looking and applying for jobs, with a goal of changing jobs within the next six months",work/career development,,,,,,,,,,,
A3KIDRWRKC7RI5,5,"Start learning Chinese, and work on it three times a week, every week.",skill development,,,,,,,,,,,
ABOEYY9Y0PFRI,1,My goal is to reduce the amount of caffeine I consume every week.,physical health,,,,,,,,,,,
ABOEYY9Y0PFRI,2,My goal is to get at least 3 hours of exercise every week.,physical health,,,,,,,,,,,
ABOEYY9Y0PFRI,3,My goal is read a book once a month.,leisure,,,,,,,,,,,
A1LJNQX4KBUXNP,1,Pay off credit cards,finance,,,,,,,,,,,
A1LJNQX4KBUXNP,2,learn spanish,skill development,,,,,,,,,,,
A1LJNQX4KBUXNP,3,begin exercise routine,physical health,,,,,,,,,,,
ALAOEYIYW0CW7,1,"To stop procrastinating and get re-inspired again, get motivated! When I plan on doing something I will do it right away and not wait to get moving. To work on this habit daily, it's mindset. I want to get my momentum going again, this is my first important goal. To flip this energy into something more positive and productive, because procrastinating is such a bad habit and just promotes laziness.",other,time management,,,,,,,,,,
ALAOEYIYW0CW7,2,"To eat spinach daily, eat more vegetables. Eat healthier and cancel out sweets and junk.",physical health,,,,,,,,,,,
ALAOEYIYW0CW7,3,"To read more and write more, keep working on my novel. Acquire more wisdom along the way. Learn (something new) everyday.",leisure,,,,,,,,,,,
ALAOEYIYW0CW7,4,"To clean my place, get it completely organized, including my desk area. Rearrange and throw out things I don't need anymore. Beautify my home. Do extreme spring cleaning. I want to do some remodeling and give it a paint job.",house work,,,,,,,,,,,
ALAOEYIYW0CW7,5,"To exercise more, get back on track with my fitness. I fell off my schedule during this pandemic. Up until a year ago I was really great with working out and exercising every day or every other day. I was committed. Time to do that again, and get moving!",physical health,,,,,,,,,,,
AY4E4CDN0J6JL,1,"My goal is to finish editing my second book, so that I can send it to the editor.",work/career development,,,,,,,,,,,
AY4E4CDN0J6JL,2,My goal is to lose 1 pound per week by walking more.,physical health,,,,,,,,,,,
AY4E4CDN0J6JL,3,My goal is to finish organizing our storage area in the basement.,house work,,,,,,,,,,,
AY4E4CDN0J6JL,4,My goal is to teach my dog three new commands.,other,pet,,,,,,,,,,
A12JKSH2NE5W9N,1,My goal is to work out everyday and get into better shape and better health,physical health,,,,,,,,,,,
A12JKSH2NE5W9N,2,My goal is to finally complete my bachelors degree in Criminal Justice.,academic/school,,,,,,,,,,,
A1NVF1YLDLF563,1,To earn at least $200 monthly in mturk online work and surpass previous amount earned by at least $1,finance,,,,,,,,,,,
A1NVF1YLDLF563,2,"To minimize desserts to just 1 per day such as: 1 cookie, 1 chocolate bar, 1 cupcake or 1 slice of cake per day.",physical health,,,,,,,,,,,
A1NVF1YLDLF563,3,To exercise at least 3 to 4 times a week ,physical health,,,,,,,,,,,
A1WZY0K6IE3ASG,1,I will use the treadmill at the fitness center for half an hour every day and increase my average speed to at least 3.5 MPH by May,physical health,,,,,,,,,,,
A1WZY0K6IE3ASG,2,I will introduce a dumbbell regimen to my evenings for at least a half hour every other day.,physical health,,,,,,,,,,,
A1WZY0K6IE3ASG,3,I will average at least $75 per week on the Amazon Mechanical Turk platform in order to cover my car payment.,finance,,,,,,,,,,,
A1WZY0K6IE3ASG,4,"I will work on getting myself into a better daily sleep schedule, including weekends and days I don't work.",physical health,,,,,,,,,,,
A1WZY0K6IE3ASG,5,I will continue to not consume alcohol for the remainder of the year.,physical health,,,,,,,,,,,
AL7UTA8J27TFK,1,Walk six blocks in next three months increasing distance everyday. . I just had a triple by-pass surgery and can not walk more than 35 feet at this time.,physical health,,,,,,,,,,,
AL7UTA8J27TFK,2,Plant a garden and have fresh vegitables to eat in three months.,house work,,,,,,,,,,,
AL7UTA8J27TFK,3,Setup and stock freshwater aquarium in living room with live plants and fish within tree months.,house work,,,,,,,,,,,
AL7UTA8J27TFK,4,I intend to lose weight during the next three months. I currently weigh 291#.,physical health,,,,,,,,,,,
A13FUEPWBCLBUY,1,My goal is to lift weights for sixty minutes five days a week.,physical health,,,,,,,,,,,
A13FUEPWBCLBUY,2,My goal is to track my food and macro nutrients each day of the week.,physical health,,,,,,,,,,,
A1XRWOK00HK1J4,1,My goal is to start exercising at least three times a week.,physical health,,,,,,,,,,,
A1XRWOK00HK1J4,2,My goal is to actively meditate every other day.,mental health,,,,,,,,,,,
A1XRWOK00HK1J4,3,My goal is to save 30 dollars every week into my savings account.,finance,,,,,,,,,,,
A1XRWOK00HK1J4,4,My goal is to work at being self sufficient each day and strengthen my mind through internal reflection and journal writing.,other,self growth,,,,,,,,,,
A1VFRCYMWGWWCZ,1,I want to read for pleasure at leat 15 minutes 3 days a week.,leisure,,,,,,,,,,,
A1VFRCYMWGWWCZ,2,I want to regain my strength after having surgery and be able to walk a mile by the end of the summer,physical health,,,,,,,,,,,
A1VFRCYMWGWWCZ,3,Try to do at least one educational activity with my toddler daughter 5 days a week. ,family,,,,,,,,,,,
A1VFRCYMWGWWCZ,4,Stop spending so much money impulsively so I can save more money.,finance,,,,,,,,,,,
A1VFRCYMWGWWCZ,5,Spend more quality time with my husband thatt doesn't involve discussing our children.,family,,,,,,,,,,,
A314XJY8V1YL12,1,I want to lose weight and feel more fit.,physical health,,,,,,,,,,,
A314XJY8V1YL12,2,I want to improve my credit score.,finance,,,,,,,,,,,
A314XJY8V1YL12,3,I want to save more money for retirement.,finance,,,,,,,,,,,
A314XJY8V1YL12,4,I want to focus more on my job and be more organized to accomplish more.,work/career development,,,,,,,,,,,
A3KFFIBJZVM0J2,1,My goal is to build out my garage attic for storage in two months.,house work,,,,,,,,,,,
A3KFFIBJZVM0J2,2,My goal is to run a 5k in under 23 minutes in three months.,physical health,,,,,,,,,,,
A3KFFIBJZVM0J2,3,My goal is to build a new computer desk in three months.,house work,,,,,,,,,,,
A3KFFIBJZVM0J2,4,My goal is to deliver my software project completed in two weeks.,work/career development,,,,,,,,,,,