"MTurkCode","listNum","goal","endTime","goalType","progress_base","satisfaction_base"
"A10LHWALI4BZPC",4,"1",NA,"recurrance","9","7"
"A10LHWALI4BZPC",4,"2","next_month","short-term","6","5"
"A10LHWALI4BZPC",4,"3",NA,"long-term","2","3"
"A10LHWALI4BZPC",4,"4",NA,"recurrance","10","7"
"A110BZSDZN7E16",3,"1","three_month","short-term","7","6"
"A110BZSDZN7E16",3,"2","three_month","short-term","3","3"
"A110BZSDZN7E16",3,"3",NA,"long-term","6","6"
"A11F3MA5FWH6SJ",3,"1",NA,"recurrance","0","1"
"A11F3MA5FWH6SJ",3,"2",NA,"recurrance","5","5"
"A11F3MA5FWH6SJ",3,"3","three_month","short-term","0","1"
"A11ILN5YSUDVG8",3,"1",NA,"recurrance","7","2"
"A11ILN5YSUDVG8",3,"2",NA,"recurrance","3","8"
"A11ILN5YSUDVG8",3,"3",NA,"long-term","1","3"
"A121T4P5NKCHCS",3,"1","three_month","short-term","5","6"
"A121T4P5NKCHCS",3,"2","three_month","short-term","1","5"
"A121T4P5NKCHCS",3,"3","three_month","short-term","0","2"
"A12JKSH2NE5W9N",2,"1",NA,"recurrance","8","8"
"A12JKSH2NE5W9N",2,"2",NA,"long-term","1","5"
"A132GRVDGXPJGY",3,"1","three_month","short-term","3","3"
"A132GRVDGXPJGY",3,"2","three_month","short-term","1","1"
"A132GRVDGXPJGY",3,"3","next_month","short-term","1","1"
"A13FUEPWBCLBUY",2,"1",NA,"recurrance","9","6"
"A13FUEPWBCLBUY",2,"2",NA,"recurrance","9","6"
"A13O22EMG5ZVN0",3,"1",NA,"recurrance","4","3"
"A13O22EMG5ZVN0",3,"2",NA,"recurrance","4","1"
"A13O22EMG5ZVN0",3,"3",NA,"recurrance","4","2"
"A13WTEQ06V3B6D",3,"1",NA,"recurrance","6","2"
"A13WTEQ06V3B6D",3,"2",NA,"recurrance","5","1"
"A13WTEQ06V3B6D",3,"3","three_month","short-term","2","5"
"A1561P9VVA3C1C",3,"1",NA,"recurrance","0","1"
"A1561P9VVA3C1C",3,"2","three_month","short-term","0","1"
"A1561P9VVA3C1C",3,"3",NA,"long-term","0","1"
"A15VI0QFR2YO50",2,"1","three_month","short-term","0","1"
"A15VI0QFR2YO50",2,"2","three_month","short-term","1","1"
"A160L76BFKQQ1Q",3,"1",NA,"recurrance","2","3"
"A160L76BFKQQ1Q",3,"2","two_month","short-term","9","7"
"A160L76BFKQQ1Q",3,"3",NA,"recurrance","2","1"
"A169WH54HMYS5Z",3,"1",NA,"recurrance","2","2"
"A169WH54HMYS5Z",3,"2",NA,"recurrance","1","1"
"A169WH54HMYS5Z",3,"3",NA,"recurrance","4","8"
"A16Z9FSSF1X74O",5,"1",NA,"recurrance","5","3"
"A16Z9FSSF1X74O",5,"2",NA,"long-term","1","5"
"A16Z9FSSF1X74O",5,"3","three_month","short-term","1","3"
"A16Z9FSSF1X74O",5,"4",NA,"recurrance","3","6"
"A16Z9FSSF1X74O",5,"5",NA,"recurrance","10","7"
"A1720HSKGQ41VJ",4,"1","three_month","short-term","1","8"
"A1720HSKGQ41VJ",4,"2","three_month","short-term","8","5"
"A1720HSKGQ41VJ",4,"3",NA,"long-term","3","2"
"A1720HSKGQ41VJ",4,"4",NA,"recurrance","2","1"
"A17KN7NAP48L4B",3,"1","three_month","short-term","9","6"
"A17KN7NAP48L4B",3,"2",NA,"recurrance","0","1"
"A17KN7NAP48L4B",3,"3",NA,"recurrance","2","3"
"A18JNQE5GZQIX5",3,"1",NA,"recurrance","10","7"
"A18JNQE5GZQIX5",3,"2",NA,"recurrance","8","5"
"A18JNQE5GZQIX5",3,"3",NA,"long-term","6","5"
"A18SXC3JEN1O0U",2,"1",NA,"recurrance","2","2"
"A18SXC3JEN1O0U",2,"2",NA,"recurrance","1","1"
"A196O7GQLD3S2J",3,"1","three_month","short-term","3","8"
"A196O7GQLD3S2J",3,"2",NA,"recurrance","6","5"
"A196O7GQLD3S2J",3,"3",NA,"recurrance","6","8"
"A198MSVO1VTAT5",4,"1","in_days","short-term","5","8"
"A198MSVO1VTAT5",4,"2","in_weeks","short-term","1","8"
"A198MSVO1VTAT5",4,"3","three_month","short-term","1","8"
"A198MSVO1VTAT5",4,"4","in_weeks","short-term","1","8"
"A19YQU3ZZ8USPO",3,"1",NA,"recurrance","7","6"
"A19YQU3ZZ8USPO",3,"2","two_month","short-term","3","5"
"A19YQU3ZZ8USPO",3,"3",NA,"recurrance","4","8"
"A1ABL45KAK12A5",5,"1",NA,"recurrance","6","3"
"A1ABL45KAK12A5",5,"2",NA,"recurrance","1","2"
"A1ABL45KAK12A5",5,"3",NA,"recurrance","1","1"
"A1ABL45KAK12A5",5,"4",NA,"long-term","1","1"
"A1ABL45KAK12A5",5,"5",NA,"recurrance","2","2"
"A1ADAWW4IHPCQ7",3,"1",NA,"long-term","0","8"
"A1ADAWW4IHPCQ7",3,"2",NA,"recurrance","4","8"
"A1ADAWW4IHPCQ7",3,"3",NA,"long-term","3","8"
"A1AIMKA54UBYIQ",2,"1",NA,"recurrance","9","5"
"A1AIMKA54UBYIQ",2,"2",NA,"recurrance","6","3"
"A1AZLJ3R5FQ9B7",3,"1",NA,"long-term","1","8"
"A1AZLJ3R5FQ9B7",3,"2",NA,"recurrance","0","1"
"A1AZLJ3R5FQ9B7",3,"3",NA,"recurrance","3","1"
"A1B5SSGMTAQ9B5",2,"1","three_month","short-term","0","3"
"A1B5SSGMTAQ9B5",2,"2","three_month","short-term","1","2"
"A1BG47GSHQ9WSU",2,"1","three_month","short-term","0","8"
"A1BG47GSHQ9WSU",2,"2",NA,"recurrance","0","8"
"A1BIJGB7XA0GME",3,"1","next_month","short-term","8","6"
"A1BIJGB7XA0GME",3,"2","three_month","short-term","6","3"
"A1BIJGB7XA0GME",3,"3",NA,"long-term","4","5"
"A1BSVEBYDZ0AAU",3,"1",NA,"recurrance","7","3"
"A1BSVEBYDZ0AAU",3,"2",NA,"recurrance","10","7"
"A1BSVEBYDZ0AAU",3,"3",NA,"recurrance","0","1"
"A1BWS5AD2T4NIR",5,"1","three_month","short-term","5","5"
"A1BWS5AD2T4NIR",5,"2",NA,"recurrance","8","6"
"A1BWS5AD2T4NIR",5,"3",NA,"recurrance","8","8"
"A1BWS5AD2T4NIR",5,"4",NA,"recurrance","9","6"
"A1BWS5AD2T4NIR",5,"5",NA,"long-term","2","8"
"A1CI5U3BLQ2DDS",5,"1","three_month","short-term","0","8"
"A1CI5U3BLQ2DDS",5,"2",NA,"long-term","1","1"
"A1CI5U3BLQ2DDS",5,"3",NA,"recurrance","0","1"
"A1CI5U3BLQ2DDS",5,"4",NA,"recurrance","0","1"
"A1CI5U3BLQ2DDS",5,"5",NA,"recurrance","0","1"
"A1CTUG0RUGCY48",1,"1",NA,"long-term","7","8"
"A1D2ZSPIHOI23K",3,"1","in_weeks","short-term","7","5"
"A1D2ZSPIHOI23K",3,"2",NA,"recurrance","6","3"
"A1D2ZSPIHOI23K",3,"3","next_month","short-term","7","6"
"A1D7IULWFI8PB1",3,"1",NA,"long-term","6","8"
"A1D7IULWFI8PB1",3,"2","three_month","short-term","1","2"
"A1D7IULWFI8PB1",3,"3","three_month","short-term","0","8"
"A1DD23J1WBGQUU",3,"1",NA,"recurrance","8","8"
"A1DD23J1WBGQUU",3,"2",NA,"recurrance","5","2"
"A1DD23J1WBGQUU",3,"3",NA,"long-term","7","6"
"A1EH9BPKYXFBS5",5,"1","three_month","short-term","8","3"
"A1EH9BPKYXFBS5",5,"2",NA,"recurrance","10","6"
"A1EH9BPKYXFBS5",5,"3",NA,"long-term","0","8"
"A1EH9BPKYXFBS5",5,"4",NA,"recurrance","7","1"
"A1EH9BPKYXFBS5",5,"5",NA,"long-term","10","7"
"A1F1TBDHPYAAXT",3,"1","three_month","short-term","1","8"
"A1F1TBDHPYAAXT",3,"2","three_month","short-term","0","8"
"A1F1TBDHPYAAXT",3,"3",NA,"recurrance","10","7"
"A1G187YBG0DVMQ",3,"1","in_weeks","short-term","1","2"
"A1G187YBG0DVMQ",3,"2",NA,"long-term","0","1"
"A1G187YBG0DVMQ",3,"3",NA,"recurrance","2","1"
"A1G5EPLJEGL381",2,"1",NA,"long-term","2","5"
"A1G5EPLJEGL381",2,"2",NA,"long-term","4","3"
"A1H5Q9HRH4RPZU",3,"1",NA,"recurrance","0","1"
"A1H5Q9HRH4RPZU",3,"2",NA,"long-term","8","6"
"A1H5Q9HRH4RPZU",3,"3","two_month","short-term","0","1"
"A1IBLFQ2E6VA2J",5,"1","three_month","short-term","1","3"
"A1IBLFQ2E6VA2J",5,"2",NA,"recurrance","2","5"
"A1IBLFQ2E6VA2J",5,"3","next_month","short-term","0","1"
"A1IBLFQ2E6VA2J",5,"4",NA,"recurrance","8","8"
"A1IBLFQ2E6VA2J",5,"5",NA,"long-term","2","1"
"A1IJ56N5Z4TT46",5,"1",NA,"recurrance","1","1"
"A1IJ56N5Z4TT46",5,"2",NA,"recurrance","0","1"
"A1IJ56N5Z4TT46",5,"3","three_month","short-term","2","2"
"A1IJ56N5Z4TT46",5,"4","three_month","short-term","5","5"
"A1IJ56N5Z4TT46",5,"5",NA,"recurrance","4","3"
"A1IL81UMEC9OJI",5,"1",NA,"long-term","2","3"
"A1IL81UMEC9OJI",5,"2","in_days","short-term","7","3"
"A1IL81UMEC9OJI",5,"3","two_month","short-term","3","3"
"A1IL81UMEC9OJI",5,"4",NA,"long-term","1","1"
"A1IL81UMEC9OJI",5,"5",NA,"long-term","2","8"
"A1J8TVICSRC70W",5,"1","three_month","short-term","2","2"
"A1J8TVICSRC70W",5,"2",NA,"recurrance","7","5"
"A1J8TVICSRC70W",5,"3","next_month","short-term","9","5"
"A1J8TVICSRC70W",5,"4","three_month","short-term","2","2"
"A1J8TVICSRC70W",5,"5",NA,"recurrance","4","3"
"A1J9Z2VOHTT1UZ",3,"1",NA,"recurrance","3","1"
"A1J9Z2VOHTT1UZ",3,"2",NA,"recurrance","5","1"
"A1J9Z2VOHTT1UZ",3,"3",NA,"recurrance","0","8"
"A1K8VUKRL53OX",5,"1","three_month","short-term","2","6"
"A1K8VUKRL53OX",5,"2","two_month","short-term","1","5"
"A1K8VUKRL53OX",5,"3",NA,"recurrance","4","6"
"A1K8VUKRL53OX",5,"4",NA,"long-term","1","5"
"A1K8VUKRL53OX",5,"5","three_month","short-term","1","3"
"A1KC342L9WAQ2",3,"1","two_month","short-term","7","5"
"A1KC342L9WAQ2",3,"2","next_month","short-term","7","5"
"A1KC342L9WAQ2",3,"3",NA,"recurrance","8","5"
"A1LJNQX4KBUXNP",3,"1",NA,"recurrance","10","5"
"A1LJNQX4KBUXNP",3,"2",NA,"recurrance","2","8"
"A1LJNQX4KBUXNP",3,"3","three_month","short-term","3","2"
"A1LS7GARU7CD08",3,"1",NA,"recurrance","8","6"
"A1LS7GARU7CD08",3,"2",NA,"recurrance","9","5"
"A1LS7GARU7CD08",3,"3",NA,"long-term","1","8"
"A1M8BYIP0KZJZX",5,"1","three_month","short-term","8","5"
"A1M8BYIP0KZJZX",5,"2",NA,"long-term","1","1"
"A1M8BYIP0KZJZX",5,"3","two_month","short-term","6","8"
"A1M8BYIP0KZJZX",5,"4","three_month","short-term","6","5"
"A1M8BYIP0KZJZX",5,"5",NA,"long-term","1","1"
"A1MJWY7UO3CDSM",2,"1","three_month","short-term","2","2"
"A1MJWY7UO3CDSM",2,"2","two_month","short-term","2","8"
"A1NVF1YLDLF563",3,"1",NA,"recurrance","10","6"
"A1NVF1YLDLF563",3,"2",NA,"recurrance","0","8"
"A1NVF1YLDLF563",3,"3",NA,"recurrance","0","8"
"A1O9PAK6THJ9Y7",2,"1",NA,"long-term","0","8"
"A1O9PAK6THJ9Y7",2,"2",NA,"long-term","0","8"
"A1OJV3R8BH73BD",3,"1","three_month","short-term","5","5"
"A1OJV3R8BH73BD",3,"2","three_month","short-term","3","5"
"A1OJV3R8BH73BD",3,"3","three_month","short-term","1","8"
"A1OR82RF1ZFWP",3,"1",NA,"recurrance","5","5"
"A1OR82RF1ZFWP",3,"2","three_month","short-term","0","1"
"A1OR82RF1ZFWP",3,"3",NA,"recurrance","1","3"
"A1P3I7YCWXF9YG",2,"1",NA,"long-term","1","7"
"A1P3I7YCWXF9YG",2,"2",NA,"recurrance","1","7"
"A1QT7BQZVOBSY0",4,"1",NA,"recurrance","8","6"
"A1QT7BQZVOBSY0",4,"2","two_month","short-term","2","5"
"A1QT7BQZVOBSY0",4,"3",NA,"recurrance","5","2"
"A1QT7BQZVOBSY0",4,"4",NA,"recurrance","8","6"
"A1R5W4RQZTROD8",4,"1",NA,"long-term","1","8"
"A1R5W4RQZTROD8",4,"2",NA,"recurrance","8","6"
"A1R5W4RQZTROD8",4,"3",NA,"recurrance","7","8"
"A1R5W4RQZTROD8",4,"4",NA,"recurrance","9","6"
"A1ROEDVMTO9Y3X",2,"1","three_month","short-term","2","3"
"A1ROEDVMTO9Y3X",2,"2","in_weeks","short-term","5","6"
"A1RQUOVV8PCXBM",5,"1",NA,"long-term","2","2"
"A1RQUOVV8PCXBM",5,"2",NA,"recurrance","2","2"
"A1RQUOVV8PCXBM",5,"3","three_month","short-term","1","3"
"A1RQUOVV8PCXBM",5,"4",NA,"recurrance","1","2"
"A1RQUOVV8PCXBM",5,"5",NA,"recurrance","6","8"
"A1RWNYJA5X25YH",5,"1",NA,"recurrance","1","2"
"A1RWNYJA5X25YH",5,"2",NA,"long-term","2","3"
"A1RWNYJA5X25YH",5,"3",NA,"recurrance","5","2"
"A1RWNYJA5X25YH",5,"4","three_month","short-term","1","2"
"A1RWNYJA5X25YH",5,"5",NA,"recurrance","2","1"
"A1SISJL5ST2PWH",3,"1",NA,"recurrance","1","2"
"A1SISJL5ST2PWH",3,"2","three_month","short-term","1","8"
"A1SISJL5ST2PWH",3,"3","three_month","short-term","1","8"
"A1SL72YBUW8Q8K",4,"1",NA,"recurrance","8","3"
"A1SL72YBUW8Q8K",4,"2",NA,"recurrance","6","3"
"A1SL72YBUW8Q8K",4,"3","three_month","short-term","0","6"
"A1SL72YBUW8Q8K",4,"4",NA,"recurrance","0","7"
"A1T83SZBP2DN65",2,"1","three_month","short-term","4","8"
"A1T83SZBP2DN65",2,"2",NA,"long-term","4","5"
"A1TPGXT718D68E",3,"1","three_month","short-term","0","8"
"A1TPGXT718D68E",3,"2","in_weeks","short-term","2","1"
"A1TPGXT718D68E",3,"3","next_month","short-term","1","1"
"A1U8LTCX5XYJ45",3,"1",NA,"long-term","1","7"
"A1U8LTCX5XYJ45",3,"2",NA,"long-term","2","7"
"A1U8LTCX5XYJ45",3,"3",NA,"long-term","1","8"
"A1VFRCYMWGWWCZ",5,"1",NA,"recurrance","2","2"
"A1VFRCYMWGWWCZ",5,"2",NA,"long-term","2","8"
"A1VFRCYMWGWWCZ",5,"3",NA,"recurrance","4","8"
"A1VFRCYMWGWWCZ",5,"4",NA,"recurrance","3","5"
"A1VFRCYMWGWWCZ",5,"5",NA,"long-term","0","2"
"A1VRG5HKZC0H0C",5,"1","in_weeks","short-term","3","7"
"A1VRG5HKZC0H0C",5,"2","three_month","short-term","0","2"
"A1VRG5HKZC0H0C",5,"3","two_month","short-term","0","8"
"A1VRG5HKZC0H0C",5,"4",NA,"recurrance","3","8"
"A1VRG5HKZC0H0C",5,"5",NA,"recurrance","3","8"
"A1W7I6FN183I8F",5,"1",NA,"recurrance","6","3"
"A1W7I6FN183I8F",5,"2",NA,"recurrance","4","1"
"A1W7I6FN183I8F",5,"3","three_month","short-term","0","1"
"A1W7I6FN183I8F",5,"4",NA,"recurrance","5","2"
"A1W7I6FN183I8F",5,"5",NA,"recurrance","3","2"
"A1W850QN9RK019",5,"1",NA,"long-term","10","6"
"A1W850QN9RK019",5,"2","two_month","short-term","4","3"
"A1W850QN9RK019",5,"3",NA,"long-term","5","5"
"A1W850QN9RK019",5,"4","two_month","short-term","4","6"
"A1W850QN9RK019",5,"5",NA,"recurrance","8","6"
"A1WJYF201K77BI",5,"1",NA,"recurrance","2","8"
"A1WJYF201K77BI",5,"2",NA,"recurrance","8","1"
"A1WJYF201K77BI",5,"3",NA,"recurrance","1","1"
"A1WJYF201K77BI",5,"4",NA,"recurrance","3","2"
"A1WJYF201K77BI",5,"5",NA,"recurrance","5","5"
"A1WQACYPLESVGL",5,"1","next_month","short-term","6","2"
"A1WQACYPLESVGL",5,"2","in_weeks","short-term","1","2"
"A1WQACYPLESVGL",5,"3",NA,"recurrance","3","1"
"A1WQACYPLESVGL",5,"4",NA,"recurrance","1","2"
"A1WQACYPLESVGL",5,"5","three_month","short-term","3","2"
"A1WS9UHL45VZ0X",3,"1","three_month","short-term","0","1"
"A1WS9UHL45VZ0X",3,"2",NA,"recurrance","7","5"
"A1WS9UHL45VZ0X",3,"3",NA,"recurrance","4","2"
"A1WZY0K6IE3ASG",5,"1",NA,"recurrance","6","8"
"A1WZY0K6IE3ASG",5,"2",NA,"recurrance","0","2"
"A1WZY0K6IE3ASG",5,"3",NA,"recurrance","8","6"
"A1WZY0K6IE3ASG",5,"4",NA,"recurrance","0","8"
"A1WZY0K6IE3ASG",5,"5",NA,"recurrance","10","7"
"A1X388C6SDCDEY",4,"1",NA,"recurrance","3","2"
"A1X388C6SDCDEY",4,"2",NA,"recurrance","2","1"
"A1X388C6SDCDEY",4,"3",NA,"recurrance","5","2"
"A1X388C6SDCDEY",4,"4",NA,"recurrance","2","1"
"A1XRWOK00HK1J4",4,"1",NA,"recurrance","4","2"
"A1XRWOK00HK1J4",4,"2",NA,"recurrance","8","6"
"A1XRWOK00HK1J4",4,"3",NA,"recurrance","8","6"
"A1XRWOK00HK1J4",4,"4",NA,"recurrance","0","8"
"A1XUZFDVKP95VC",2,"1",NA,"long-term","3","3"
"A1XUZFDVKP95VC",2,"2","in_weeks","short-term","7","5"
"A1YPOIURXB6ESR",4,"1","three_month","short-term","1","2"
"A1YPOIURXB6ESR",4,"2",NA,"recurrance","1","2"
"A1YPOIURXB6ESR",4,"3","three_month","short-term","2","2"
"A1YPOIURXB6ESR",4,"4","three_month","short-term","2","2"
"A1Z2ZGPJRGG0G3",3,"1",NA,"recurrance","5","6"
"A1Z2ZGPJRGG0G3",3,"2",NA,"recurrance","5","5"
"A1Z2ZGPJRGG0G3",3,"3","in_weeks","short-term","0","5"
"A1ZT0TLZZTT47M",5,"1",NA,"recurrance","8","5"
"A1ZT0TLZZTT47M",5,"2",NA,"recurrance","4","5"
"A1ZT0TLZZTT47M",5,"3","three_month","short-term","5","6"
"A1ZT0TLZZTT47M",5,"4",NA,"recurrance",NA,"2"
"A1ZT0TLZZTT47M",5,"5",NA,"recurrance",NA,"5"
"A1ZT30BGR3266K",2,"1",NA,"recurrance","7","5"
"A1ZT30BGR3266K",2,"2",NA,"recurrance","7","5"
"A207IHY6GERCFO",3,"1",NA,"recurrance","8","6"
"A207IHY6GERCFO",3,"2","three_month","short-term","1","2"
"A207IHY6GERCFO",3,"3",NA,"recurrance","2","3"
"A2196WCNDZULFS",3,"1",NA,"long-term","2","5"
"A2196WCNDZULFS",3,"2",NA,"long-term","0","1"
"A2196WCNDZULFS",3,"3",NA,"long-term","6","5"
"A21BXRUD15TQL8",3,"1",NA,"long-term","0","2"
"A21BXRUD15TQL8",3,"2","three_month","short-term","2","8"
"A21BXRUD15TQL8",3,"3",NA,"recurrance","5","3"
"A21ZYTE6WOKUA",4,"1",NA,"long-term","8","7"
"A21ZYTE6WOKUA",4,"2",NA,"long-term","4","5"
"A21ZYTE6WOKUA",4,"3",NA,"long-term","5","8"
"A21ZYTE6WOKUA",4,"4","three_month","short-term","9","7"
"A225BMTMXUR5F4",5,"1","two_month","short-term","8","6"
"A225BMTMXUR5F4",5,"2",NA,"recurrance","0","8"
"A225BMTMXUR5F4",5,"3",NA,"long-term","1","1"
"A225BMTMXUR5F4",5,"4",NA,"recurrance","5","5"
"A225BMTMXUR5F4",5,"5",NA,"recurrance","5","6"
"A22DDO8NILSX6O",4,"1",NA,"recurrance","1","8"
"A22DDO8NILSX6O",4,"2",NA,"recurrance","3","2"
"A22DDO8NILSX6O",4,"3",NA,"recurrance","1","8"
"A22DDO8NILSX6O",4,"4",NA,"recurrance","2","2"
"A22SZHZTF72TRM",4,"1","three_month","short-term","3","5"
"A22SZHZTF72TRM",4,"2","two_month","short-term","7","8"
"A22SZHZTF72TRM",4,"3",NA,"recurrance","4","3"
"A22SZHZTF72TRM",4,"4",NA,"recurrance","4","3"
"A248PLZABUKB62",5,"1","three_month","short-term","1","6"
"A248PLZABUKB62",5,"2","three_month","short-term","1","6"
"A248PLZABUKB62",5,"3","three_month","short-term","1","6"
"A248PLZABUKB62",5,"4","three_month","short-term","0","7"
"A248PLZABUKB62",5,"5","three_month","short-term","1","7"
"A255RBA8P0K0XV",5,"1",NA,"recurrance","4","6"
"A255RBA8P0K0XV",5,"2",NA,"long-term","6","6"
"A255RBA8P0K0XV",5,"3",NA,"recurrance","6","5"
"A255RBA8P0K0XV",5,"4",NA,"recurrance","6","5"
"A255RBA8P0K0XV",5,"5",NA,"long-term","8","6"
"A2615YW1YERQBO",3,"1",NA,"long-term","3","5"
"A2615YW1YERQBO",3,"2",NA,"long-term","1","3"
"A2615YW1YERQBO",3,"3",NA,"long-term","2","3"
"A26NGLGGFTATVN",2,"1",NA,"recurrance","9","7"
"A26NGLGGFTATVN",2,"2",NA,"recurrance","9","5"
"A26UAJWMMNN351",3,"1","in_weeks","short-term","1","7"
"A26UAJWMMNN351",3,"2",NA,"long-term","5","5"
"A26UAJWMMNN351",3,"3","three_month","short-term","5","7"
"A27INSDNTACWAM",4,"1",NA,"recurrance","3","1"
"A27INSDNTACWAM",4,"2",NA,"recurrance","0","1"
"A27INSDNTACWAM",4,"3",NA,"long-term","0","1"
"A27INSDNTACWAM",4,"4",NA,"long-term","2","1"
"A286W816CMIZL9",3,"1",NA,"long-term","0","1"
"A286W816CMIZL9",3,"2",NA,"recurrance","8","3"
"A286W816CMIZL9",3,"3",NA,"recurrance","7","2"
"A28J7H4TH29DC3",3,"1","three_month","short-term","1","3"
"A28J7H4TH29DC3",3,"2",NA,"recurrance","4","3"
"A28J7H4TH29DC3",3,"3",NA,"recurrance","1","1"
"A2ASTDMWBCFIP0",2,"1","three_month","short-term","1","8"
"A2ASTDMWBCFIP0",2,"2","three_month","short-term","6","7"
"A2AT6TSPPCR106",4,"1",NA,"recurrance","1","2"
"A2AT6TSPPCR106",4,"2",NA,"recurrance","1","1"
"A2AT6TSPPCR106",4,"3",NA,"long-term","3","5"
"A2AT6TSPPCR106",4,"4",NA,"recurrance","8","5"
"A2AZYU1CT24O0K",5,"1","three_month","short-term","0","1"
"A2AZYU1CT24O0K",5,"2",NA,"recurrance","8","6"
"A2AZYU1CT24O0K",5,"3",NA,"recurrance","8","5"
"A2AZYU1CT24O0K",5,"4",NA,"long-term","0","1"
"A2AZYU1CT24O0K",5,"5",NA,"recurrance","1","2"
"A2B0FLA55RH047",4,"1",NA,"long-term","4","3"
"A2B0FLA55RH047",4,"2",NA,"recurrance","6","3"
"A2B0FLA55RH047",4,"3","two_month","short-term","7","5"
"A2B0FLA55RH047",4,"4",NA,"recurrance","9","6"
"A2BEBDMQ7SI4IY",5,"1","next_month","short-term","8","5"
"A2BEBDMQ7SI4IY",5,"2","in_weeks","short-term","9","5"
"A2BEBDMQ7SI4IY",5,"3",NA,"recurrance","5","6"
"A2BEBDMQ7SI4IY",5,"4",NA,"long-term","8","6"
"A2BEBDMQ7SI4IY",5,"5","in_weeks","short-term","9","6"
"A2BJTPZLXIGO8D",3,"1",NA,"recurrance","8","7"
"A2BJTPZLXIGO8D",3,"2",NA,"recurrance","2","2"
"A2BJTPZLXIGO8D",3,"3",NA,"recurrance","2","2"
"A2CP6MLJVJYBO7",2,"1",NA,"recurrance","6","8"
"A2CP6MLJVJYBO7",2,"2",NA,"recurrance","3","2"
"A2CYMT8T33U6EE",5,"1",NA,"recurrance","5","2"
"A2CYMT8T33U6EE",5,"2",NA,"recurrance","3","2"
"A2CYMT8T33U6EE",5,"3",NA,"recurrance","9","6"
"A2CYMT8T33U6EE",5,"4",NA,"recurrance","8","5"
"A2CYMT8T33U6EE",5,"5",NA,"recurrance","6","3"
"A2DVV59R1CQU6T",3,"1",NA,"long-term","4","8"
"A2DVV59R1CQU6T",3,"2",NA,"recurrance","10","7"
"A2DVV59R1CQU6T",3,"3",NA,"recurrance","0","2"
"A2EK1HDV4I4GSK",2,"1",NA,"long-term","1","5"
"A2EK1HDV4I4GSK",2,"2",NA,"long-term","2","6"
"A2EMTSJS47K8SU",3,"1",NA,"long-term","1","8"
"A2EMTSJS47K8SU",3,"2",NA,"recurrance","7","5"
"A2EMTSJS47K8SU",3,"3","three_month","short-term","0","8"
"A2ESBX4C2Q6TQY",5,"1","in_weeks","short-term","0","8"
"A2ESBX4C2Q6TQY",5,"2",NA,"long-term","0","1"
"A2ESBX4C2Q6TQY",5,"3",NA,"long-term","1","1"
"A2ESBX4C2Q6TQY",5,"4",NA,"long-term","1","2"
"A2ESBX4C2Q6TQY",5,"5",NA,"recurrance","0","1"
"A2F5QCUTZU7KF7",3,"1",NA,"recurrance","10","7"
"A2F5QCUTZU7KF7",3,"2",NA,"long-term","4","5"
"A2F5QCUTZU7KF7",3,"3",NA,"recurrance","10","7"
"A2FP41BSPG0Y4A",5,"1",NA,"recurrance","0","1"
"A2FP41BSPG0Y4A",5,"2",NA,"recurrance","3","8"
"A2FP41BSPG0Y4A",5,"3",NA,"long-term","3","5"
"A2FP41BSPG0Y4A",5,"4",NA,"recurrance","2","8"
"A2FP41BSPG0Y4A",5,"5","next_month","short-term","5","7"
"A2GTBBZA2M82NR",4,"1",NA,"recurrance","2","1"
"A2GTBBZA2M82NR",4,"2","in_weeks","short-term","3","2"
"A2GTBBZA2M82NR",4,"3",NA,"recurrance","1","1"
"A2GTBBZA2M82NR",4,"4",NA,"recurrance","1","1"
"A2H0VR477QHYO7",4,"1",NA,"long-term","7","6"
"A2H0VR477QHYO7",4,"2",NA,"long-term","2","1"
"A2H0VR477QHYO7",4,"3",NA,"long-term","3","3"
"A2H0VR477QHYO7",4,"4",NA,"long-term","4","3"
"A2H6Q22X1V1FTX",3,"1","three_month","short-term","2","8"
"A2H6Q22X1V1FTX",3,"2",NA,"long-term","8","2"
"A2H6Q22X1V1FTX",3,"3","three_month","short-term","1","1"
"A2H92K2776A1IC",4,"1","three_month","short-term","2","5"
"A2H92K2776A1IC",4,"2","in_weeks","short-term","7","7"
"A2H92K2776A1IC",4,"3","two_month","short-term","2","5"
"A2H92K2776A1IC",4,"4","three_month","short-term","2","5"
"A2HJYX70UQW9XR",5,"1","three_month","short-term","0","1"
"A2HJYX70UQW9XR",5,"2",NA,"recurrance","3","3"
"A2HJYX70UQW9XR",5,"3",NA,"long-term","1","1"
"A2HJYX70UQW9XR",5,"4",NA,"recurrance","4","8"
"A2HJYX70UQW9XR",5,"5",NA,"recurrance","2","2"
"A2HQMB1GSEADL",5,"1","two_month","short-term","5","8"
"A2HQMB1GSEADL",5,"2",NA,"recurrance","4","8"
"A2HQMB1GSEADL",5,"3","two_month","short-term","4","5"
"A2HQMB1GSEADL",5,"4",NA,"recurrance","2","1"
"A2HQMB1GSEADL",5,"5",NA,"recurrance","8","6"
"A2IJEKMVEHQ90W",5,"1",NA,"recurrance","3","7"
"A2IJEKMVEHQ90W",5,"2",NA,"long-term","2","1"
"A2IJEKMVEHQ90W",5,"3",NA,"recurrance","1","1"
"A2IJEKMVEHQ90W",5,"4",NA,"recurrance","10","7"
"A2IJEKMVEHQ90W",5,"5",NA,"long-term","2","2"
"A2KOR4003SVNC5",3,"1","three_month","short-term","1","1"
"A2KOR4003SVNC5",3,"2",NA,"long-term","4","5"
"A2KOR4003SVNC5",3,"3",NA,"long-term","6","5"
"A2LT6KC1X51FVW",2,"1",NA,"recurrance","2","1"
"A2LT6KC1X51FVW",2,"2",NA,"recurrance","4","1"
"A2LU3430Q972IN",3,"1","two_month","short-term","1","5"
"A2LU3430Q972IN",3,"2","in_weeks","short-term","4","8"
"A2LU3430Q972IN",3,"3","two_month","short-term","1","8"
"A2NAKIXS3DVGAA",1,"1",NA,"recurrance","10","7"
"A2NHFSO7GMM8QR",2,"1",NA,"long-term","4","7"
"A2NHFSO7GMM8QR",2,"2",NA,"recurrance","5","7"
"A2O2Q0LVWOWJ1G",4,"1",NA,"long-term","1","5"
"A2O2Q0LVWOWJ1G",4,"2","three_month","short-term","0","1"
"A2O2Q0LVWOWJ1G",4,"3","in_weeks","short-term","0","1"
"A2O2Q0LVWOWJ1G",4,"4","in_weeks","short-term","2","3"
"A2PE32I58ANCDD",2,"1",NA,"recurrance","2","2"
"A2PE32I58ANCDD",2,"2",NA,"recurrance","1","3"
"A2R75YFKVALBXE",5,"1",NA,"long-term","1","5"
"A2R75YFKVALBXE",5,"2",NA,"long-term","8","7"
"A2R75YFKVALBXE",5,"3",NA,"long-term","3","5"
"A2R75YFKVALBXE",5,"4",NA,"recurrance","7","6"
"A2R75YFKVALBXE",5,"5",NA,"long-term","0","5"
"A2R9OK4M877ZCC",3,"1","three_month","short-term","1","1"
"A2R9OK4M877ZCC",3,"2",NA,"recurrance","3","1"
"A2R9OK4M877ZCC",3,"3",NA,"recurrance","5","7"
"A2RMJNF6IPI42F",5,"1",NA,"long-term","1","1"
"A2RMJNF6IPI42F",5,"2",NA,"long-term","2","2"
"A2RMJNF6IPI42F",5,"3",NA,"long-term","0","1"
"A2RMJNF6IPI42F",5,"4",NA,"long-term","2","2"
"A2RMJNF6IPI42F",5,"5",NA,"long-term","1","1"
"A2SFFO79KSG5VA",5,"1","three_month","short-term","1","5"
"A2SFFO79KSG5VA",5,"2",NA,"recurrance","10","6"
"A2SFFO79KSG5VA",5,"3",NA,"recurrance","3","2"
"A2SFFO79KSG5VA",5,"4",NA,"recurrance","3","2"
"A2SFFO79KSG5VA",5,"5",NA,"long-term","1","3"
"A2SKOPFTRTNFUY",4,"1","three_month","short-term","0","8"
"A2SKOPFTRTNFUY",4,"2",NA,"recurrance","1","5"
"A2SKOPFTRTNFUY",4,"3",NA,"recurrance","1","5"
"A2SKOPFTRTNFUY",4,"4",NA,"recurrance","0","8"
"A2TLN8489YGY81",1,"1",NA,"recurrance","7","1"
"A2VGEE0ZIZ8CBQ",3,"1",NA,"recurrance","6","8"
"A2VGEE0ZIZ8CBQ",3,"2",NA,"recurrance","9","6"
"A2VGEE0ZIZ8CBQ",3,"3",NA,"recurrance","7","8"
"A2VGFS03KCCR1Q",2,"1","three_month","short-term","0","1"
"A2VGFS03KCCR1Q",2,"2",NA,"recurrance","1","2"
"A2VNSNAN1LZBAM",3,"1",NA,"long-term","3","5"
"A2VNSNAN1LZBAM",3,"2",NA,"long-term","0","2"
"A2VNSNAN1LZBAM",3,"3","three_month","short-term","3","5"
"A2W0G89O7E9EFO",5,"1",NA,"long-term","4","5"
"A2W0G89O7E9EFO",5,"2","three_month","short-term","1","6"
"A2W0G89O7E9EFO",5,"3",NA,"long-term","3","5"
"A2W0G89O7E9EFO",5,"4",NA,"long-term","3","5"
"A2W0G89O7E9EFO",5,"5",NA,"long-term","1","3"
"A2WJMGV0HKQG3Z",3,"1",NA,"recurrance","10","7"
"A2WJMGV0HKQG3Z",3,"2",NA,"long-term","3","5"
"A2WJMGV0HKQG3Z",3,"3",NA,"recurrance","8","7"
"A2WZ8ZEB00LYF7",2,"1",NA,"long-term","3","6"
"A2WZ8ZEB00LYF7",2,"2","next_month","short-term","4","8"
"A2X3FSFHV5GHJU",3,"1",NA,"long-term","1","5"
"A2X3FSFHV5GHJU",3,"2",NA,"recurrance","0","1"
"A2X3FSFHV5GHJU",3,"3",NA,"long-term","1","1"
"A2Y0WNHMT4PZ4C",3,"1",NA,"long-term","0","8"
"A2Y0WNHMT4PZ4C",3,"2",NA,"recurrance","0","8"
"A2Y0WNHMT4PZ4C",3,"3",NA,"long-term","0","8"
"A2YVAWO75X8R78",5,"1",NA,"long-term","0","1"
"A2YVAWO75X8R78",5,"2",NA,"recurrance","5","3"
"A2YVAWO75X8R78",5,"3",NA,"recurrance","5","8"
"A2YVAWO75X8R78",5,"4",NA,"recurrance","0","1"
"A2YVAWO75X8R78",5,"5",NA,"recurrance","1","1"
"A2ZGAH6NOSU2PO",5,"1",NA,"recurrance","6","8"
"A2ZGAH6NOSU2PO",5,"2","three_month","short-term","10","7"
"A2ZGAH6NOSU2PO",5,"3",NA,"long-term","0","1"
"A2ZGAH6NOSU2PO",5,"4","three_month","short-term","0","1"
"A2ZGAH6NOSU2PO",5,"5","two_month","short-term","1","8"
"A302KOFOYLD89A",3,"1",NA,"long-term","1","1"
"A302KOFOYLD89A",3,"2",NA,"recurrance","6","3"
"A302KOFOYLD89A",3,"3",NA,"recurrance","9","6"
"A30FIPRPFQRBO6",3,"1",NA,"recurrance","5","3"
"A30FIPRPFQRBO6",3,"2",NA,"recurrance","5","1"
"A30FIPRPFQRBO6",3,"3",NA,"long-term","2","8"
"A30HUZHJBOX1LK",2,"1",NA,"recurrance","7","5"
"A30HUZHJBOX1LK",2,"2",NA,"recurrance","5","5"
"A314XJY8V1YL12",4,"1",NA,"long-term","0","1"
"A314XJY8V1YL12",4,"2",NA,"long-term","1","2"
"A314XJY8V1YL12",4,"3",NA,"recurrance","2","1"
"A314XJY8V1YL12",4,"4",NA,"recurrance","3","8"
"A321WQIFK10UV3",3,"1",NA,"long-term","1","6"
"A321WQIFK10UV3",3,"2",NA,"recurrance","2","1"
"A321WQIFK10UV3",3,"3","three_month","short-term","1","5"
"A33RI08QRVG5Q0",5,"1",NA,"recurrance","8","3"
"A33RI08QRVG5Q0",5,"2",NA,"recurrance","9","3"
"A33RI08QRVG5Q0",5,"3",NA,"recurrance","7","3"
"A33RI08QRVG5Q0",5,"4",NA,"recurrance","7","3"
"A33RI08QRVG5Q0",5,"5",NA,"recurrance","0","8"
"A34VLM2UC0JY11",2,"1","two_month","short-term","0","1"
"A34VLM2UC0JY11",2,"2",NA,"long-term","1","1"
"A350SLJRMBIFM4",4,"1",NA,"long-term","3","6"
"A350SLJRMBIFM4",4,"2",NA,"long-term","1","2"
"A350SLJRMBIFM4",4,"3","three_month","short-term","1","8"
"A350SLJRMBIFM4",4,"4",NA,"recurrance","8","5"
"A351LMMMFYPM7U",5,"1",NA,"recurrance","7","5"
"A351LMMMFYPM7U",5,"2","three_month","short-term","2","8"
"A351LMMMFYPM7U",5,"3",NA,"long-term","1","3"
"A351LMMMFYPM7U",5,"4",NA,"long-term","1","8"
"A351LMMMFYPM7U",5,"5",NA,"long-term","3","8"
"A36ZURENFWTYOZ",5,"1",NA,"long-term","8","5"
"A36ZURENFWTYOZ",5,"2",NA,"long-term","3","2"
"A36ZURENFWTYOZ",5,"3","in_weeks","short-term","6","5"
"A36ZURENFWTYOZ",5,"4",NA,"recurrance","5","3"
"A36ZURENFWTYOZ",5,"5","in_weeks","short-term","5","3"
"A37PUSY6CJ7TQ0",5,"1","next_month","short-term","0","8"
"A37PUSY6CJ7TQ0",5,"2",NA,"long-term","3","3"
"A37PUSY6CJ7TQ0",5,"3","three_month","short-term","7","6"
"A37PUSY6CJ7TQ0",5,"4","three_month","short-term","0","5"
"A37PUSY6CJ7TQ0",5,"5",NA,"long-term","4","5"
"A38BO0BRCQX6OV",3,"1",NA,"long-term","0","1"
"A38BO0BRCQX6OV",3,"2",NA,"long-term","1","5"
"A38BO0BRCQX6OV",3,"3",NA,"recurrance","1","8"
"A38DHLB88V8DL8",4,"1",NA,"recurrance","7","2"
"A38DHLB88V8DL8",4,"2","three_month","short-term","0","1"
"A38DHLB88V8DL8",4,"3","three_month","short-term","0","1"
"A38DHLB88V8DL8",4,"4",NA,"recurrance","0","1"
"A3989GRV3UV5VW",3,"1",NA,"recurrance","7","8"
"A3989GRV3UV5VW",3,"2",NA,"long-term","1","2"
"A3989GRV3UV5VW",3,"3",NA,"long-term","0","2"
"A39H9RIYRB5ZYV",5,"1",NA,"recurrance","9","6"
"A39H9RIYRB5ZYV",5,"2",NA,"recurrance","8","3"
"A39H9RIYRB5ZYV",5,"3",NA,"long-term","6","6"
"A39H9RIYRB5ZYV",5,"4",NA,"recurrance","3","8"
"A39H9RIYRB5ZYV",5,"5",NA,"long-term","3","8"
"A3AE0JEXW4DB34",5,"1","three_month","short-term","1","5"
"A3AE0JEXW4DB34",5,"2",NA,"recurrance","9","6"
"A3AE0JEXW4DB34",5,"3",NA,"long-term","1","3"
"A3AE0JEXW4DB34",5,"4",NA,"recurrance","5","3"
"A3AE0JEXW4DB34",5,"5",NA,"long-term","3","8"
"A3AJJHOAV7WIUQ",3,"1","three_month","short-term","1","2"
"A3AJJHOAV7WIUQ",3,"2",NA,"long-term","0","1"
"A3AJJHOAV7WIUQ",3,"3","three_month","short-term","2","3"
"A3BE3KXD518TZ4",3,"1","three_month","short-term","8","5"
"A3BE3KXD518TZ4",3,"2",NA,"recurrance","8","6"
"A3BE3KXD518TZ4",3,"3",NA,"long-term","8","5"
"A3CAF7LTD3ORSG",3,"1","three_month","short-term","1","3"
"A3CAF7LTD3ORSG",3,"2","three_month","short-term","0","8"
"A3CAF7LTD3ORSG",3,"3",NA,"recurrance","1","8"
"A3E76V59BKGKCQ",3,"1",NA,"long-term","2","2"
"A3E76V59BKGKCQ",3,"2",NA,"recurrance","8","6"
"A3E76V59BKGKCQ",3,"3","two_month","short-term","1","1"
"A3EXD5E390Z6B3",3,"1",NA,"recurrance","5","8"
"A3EXD5E390Z6B3",3,"2",NA,"recurrance","0","3"
"A3EXD5E390Z6B3",3,"3","next_month","short-term","6","5"
"A3GI28OVLDI9ST",5,"1","two_month","short-term","8","3"
"A3GI28OVLDI9ST",5,"2","three_month","short-term","2","8"
"A3GI28OVLDI9ST",5,"3","three_month","short-term","3","3"
"A3GI28OVLDI9ST",5,"4",NA,"long-term","2","8"
"A3GI28OVLDI9ST",5,"5","three_month","short-term","1","2"
"A3GZXU4FUJTKZD",5,"1","in_weeks","short-term","5","2"
"A3GZXU4FUJTKZD",5,"2","two_month","short-term","1","8"
"A3GZXU4FUJTKZD",5,"3",NA,"long-term","0","1"
"A3GZXU4FUJTKZD",5,"4","three_month","short-term","1","8"
"A3GZXU4FUJTKZD",5,"5","three_month","short-term","0","1"
"A3HXM7BGH18FOW",3,"1",NA,"recurrance","6","8"
"A3HXM7BGH18FOW",3,"2",NA,"long-term","0","1"
"A3HXM7BGH18FOW",3,"3",NA,"recurrance","0","1"
"A3KFFIBJZVM0J2",4,"1","two_month","short-term","6","3"
"A3KFFIBJZVM0J2",4,"2","three_month","short-term","5","3"
"A3KFFIBJZVM0J2",4,"3","three_month","short-term","0","8"
"A3KFFIBJZVM0J2",4,"4","in_weeks","short-term","9","3"
"A3KIDRWRKC7RI5",5,"1",NA,"long-term","8","6"
"A3KIDRWRKC7RI5",5,"2","three_month","short-term","3","3"
"A3KIDRWRKC7RI5",5,"3",NA,"recurrance","2","2"
"A3KIDRWRKC7RI5",5,"4",NA,"long-term","1","2"
"A3KIDRWRKC7RI5",5,"5",NA,"recurrance","0","2"
"A3KIZLHCD945UK",3,"1","two_month","short-term","0","1"
"A3KIZLHCD945UK",3,"2",NA,"recurrance","6","3"
"A3KIZLHCD945UK",3,"3","three_month","short-term","2","8"
"A3KNLR8H286IHT",3,"1","in_weeks","short-term","2","3"
"A3KNLR8H286IHT",3,"2",NA,"recurrance","4","8"
"A3KNLR8H286IHT",3,"3",NA,"recurrance","0","1"
"A3LL096CAY5WHB",2,"1",NA,"recurrance","1","8"
"A3LL096CAY5WHB",2,"2",NA,"recurrance","2","2"
"A3M81P9BEVE1GD",5,"1","two_month","short-term","8","6"
"A3M81P9BEVE1GD",5,"2",NA,"recurrance","7","7"
"A3M81P9BEVE1GD",5,"3",NA,"recurrance","9","6"
"A3M81P9BEVE1GD",5,"4","three_month","short-term","6","5"
"A3M81P9BEVE1GD",5,"5",NA,"long-term","7","5"
"A3NKNOE5HIXXL",3,"1","two_month","short-term","8","6"
"A3NKNOE5HIXXL",3,"2",NA,"long-term","3","3"
"A3NKNOE5HIXXL",3,"3",NA,"long-term","0","8"
"A3NLSGHK6RFXA8",4,"1",NA,"long-term","3","3"
"A3NLSGHK6RFXA8",4,"2",NA,"recurrance","5","5"
"A3NLSGHK6RFXA8",4,"3","three_month","short-term","4","5"
"A3NLSGHK6RFXA8",4,"4",NA,"long-term","0","8"
"A3NRAEKWOKVUNN",2,"1",NA,"recurrance","7","5"
"A3NRAEKWOKVUNN",2,"2",NA,"long-term","7","3"
"A3NXT3OVGL7QNR",1,"1",NA,"long-term","9","3"
"A3O0ZQMDKOKAMR",2,"1",NA,"recurrance","6","5"
"A3O0ZQMDKOKAMR",2,"2",NA,"long-term","5","6"
"A3OAXRZT3MVJML",3,"1",NA,"long-term","2","8"
"A3OAXRZT3MVJML",3,"2","three_month","short-term","5","8"
"A3OAXRZT3MVJML",3,"3",NA,"long-term","1","3"
"A3OLRWACCCCUTU",5,"1","two_month","short-term","5","5"
"A3OLRWACCCCUTU",5,"2","three_month","short-term","2","5"
"A3OLRWACCCCUTU",5,"3",NA,"recurrance","8","6"
"A3OLRWACCCCUTU",5,"4",NA,"recurrance","4","3"
"A3OLRWACCCCUTU",5,"5","in_weeks","short-term","2","8"
"A3OPRR8AXT6OSJ",3,"1",NA,"recurrance","3","3"
"A3OPRR8AXT6OSJ",3,"2",NA,"recurrance","4","8"
"A3OPRR8AXT6OSJ",3,"3",NA,"recurrance","5","5"
"A3OUNEJO97MM8E",3,"1","in_weeks","short-term","8","5"
"A3OUNEJO97MM8E",3,"2",NA,"long-term","3","1"
"A3OUNEJO97MM8E",3,"3","two_month","short-term","5","3"
"A3PGCZCYMXQMZ8",4,"1",NA,"recurrance","8","5"
"A3PGCZCYMXQMZ8",4,"2",NA,"long-term","5","6"
"A3PGCZCYMXQMZ8",4,"3",NA,"long-term","3","2"
"A3PGCZCYMXQMZ8",4,"4",NA,"long-term","3","8"
"A3PSV85ZUXP9VF",3,"1",NA,"long-term","3","8"
"A3PSV85ZUXP9VF",3,"2","next_month","short-term","1","1"
"A3PSV85ZUXP9VF",3,"3","three_month","short-term","2","2"
"A3QSFE6GKO157S",2,"1",NA,"recurrance","4","8"
"A3QSFE6GKO157S",2,"2",NA,"recurrance","0","8"
"A3ROYUO9LWA22S",5,"1","in_weeks","short-term","9","7"
"A3ROYUO9LWA22S",5,"2","two_month","short-term","5","6"
"A3ROYUO9LWA22S",5,"3",NA,"long-term","5","5"
"A3ROYUO9LWA22S",5,"4","two_month","short-term","3","3"
"A3ROYUO9LWA22S",5,"5",NA,"recurrance","0","3"
"A3U2S6OPJNS4AQ",1,"1","three_month","short-term","8","7"
"A3U4SSUB9ZZ9T0",3,"1",NA,"long-term","2","2"
"A3U4SSUB9ZZ9T0",3,"2",NA,"recurrance","6","5"
"A3U4SSUB9ZZ9T0",3,"3",NA,"recurrance","8","5"
"A3UUH3632AI3ZX",1,"1","three_month","short-term","5","7"
"A3VYBAO7UQQHGC",3,"1","next_month","short-term","1","8"
"A3VYBAO7UQQHGC",3,"2","two_month","short-term","5","6"
"A3VYBAO7UQQHGC",3,"3","three_month","short-term","3","8"
"A3VZUPCZB4Q9XW",5,"1",NA,"recurrance","7","8"
"A3VZUPCZB4Q9XW",5,"2",NA,"long-term","2","2"
"A3VZUPCZB4Q9XW",5,"3",NA,"long-term","7","3"
"A3VZUPCZB4Q9XW",5,"4",NA,"long-term","0","1"
"A3VZUPCZB4Q9XW",5,"5",NA,"recurrance","8","6"
"A47VCO946DO5K",3,"1","two_month","short-term","7","6"
"A47VCO946DO5K",3,"2",NA,"long-term","5","8"
"A47VCO946DO5K",3,"3",NA,"long-term","1","8"
"A49CVVOWN4D6Y",5,"1",NA,"long-term","4","1"
"A49CVVOWN4D6Y",5,"2",NA,"long-term","1","2"
"A49CVVOWN4D6Y",5,"3",NA,"long-term","7","5"
"A49CVVOWN4D6Y",5,"4",NA,"long-term","0","2"
"A49CVVOWN4D6Y",5,"5","three_month","short-term","2","8"
"A4BDXOXC4D8FX",3,"1","three_month","short-term","0","1"
"A4BDXOXC4D8FX",3,"2","three_month","short-term","2","2"
"A4BDXOXC4D8FX",3,"3",NA,"recurrance","3","2"
"A5A14MTB35J23",5,"1",NA,"recurrance","5","3"
"A5A14MTB35J23",5,"2",NA,"recurrance","3","2"
"A5A14MTB35J23",5,"3","two_month","short-term","1","1"
"A5A14MTB35J23",5,"4",NA,"recurrance","2","1"
"A5A14MTB35J23",5,"5",NA,"long-term","1","1"
"A5E2P5F1AXYZ1",5,"1",NA,"recurrance","6","5"
"A5E2P5F1AXYZ1",5,"2",NA,"recurrance","9","6"
"A5E2P5F1AXYZ1",5,"3",NA,"long-term","1","5"
"A5E2P5F1AXYZ1",5,"4",NA,"long-term","1","6"
"A5E2P5F1AXYZ1",5,"5",NA,"recurrance","2","6"
"A6JUD4NCQCDWG",2,"1",NA,"long-term","4","8"
"A6JUD4NCQCDWG",2,"2","three_month","short-term","2","8"
"A6R5AQ4D638BH",3,"1",NA,"long-term","3","5"
"A6R5AQ4D638BH",3,"2","three_month","short-term","3","8"
"A6R5AQ4D638BH",3,"3","three_month","short-term","4","5"
"A770OB1ZAGJ4G",4,"1",NA,"recurrance","2","2"
"A770OB1ZAGJ4G",4,"2",NA,"recurrance","1","1"
"A770OB1ZAGJ4G",4,"3",NA,"recurrance","1","1"
"A770OB1ZAGJ4G",4,"4",NA,"recurrance","3","2"
"A7P3R1AIA4TVV",3,"1",NA,"recurrance","5","3"
"A7P3R1AIA4TVV",3,"2",NA,"long-term","1","2"
"A7P3R1AIA4TVV",3,"3","next_month","short-term","7","6"
"AADRZTXSE7211",4,"1",NA,"recurrance","9","5"
"AADRZTXSE7211",4,"2","three_month","short-term","2","2"
"AADRZTXSE7211",4,"3",NA,"recurrance","8","6"
"AADRZTXSE7211",4,"4",NA,"recurrance","8","5"
"AAHZCL4LIPCBQ",3,"1",NA,"long-term","7","7"
"AAHZCL4LIPCBQ",3,"2",NA,"recurrance","8","7"
"AAHZCL4LIPCBQ",3,"3",NA,"recurrance","7","7"
"ABOEYY9Y0PFRI",3,"1",NA,"recurrance","6","8"
"ABOEYY9Y0PFRI",3,"2",NA,"recurrance","5","5"
"ABOEYY9Y0PFRI",3,"3",NA,"recurrance","4","3"
"ADJ9I7ZBFYFH7",3,"1","three_month","short-term","3","3"
"ADJ9I7ZBFYFH7",3,"2","three_month","short-term","0","1"
"ADJ9I7ZBFYFH7",3,"3",NA,"recurrance","5","8"
"ADYMIMV1PE14V",3,"1",NA,"long-term","2","2"
"ADYMIMV1PE14V",3,"2",NA,"recurrance","0","8"
"ADYMIMV1PE14V",3,"3","two_month","short-term","0","2"
"AF0W4ZBY7VXOU",3,"1",NA,"recurrance","4","1"
"AF0W4ZBY7VXOU",3,"2","three_month","short-term","5","6"
"AF0W4ZBY7VXOU",3,"3",NA,"recurrance","1","7"
"AFMAFX0P2YRRV",1,"1","in_weeks","short-term","0","8"
"AH00EJ6PK1H3A",3,"1","two_month","short-term","2","5"
"AH00EJ6PK1H3A",3,"2",NA,"recurrance","0","3"
"AH00EJ6PK1H3A",3,"3",NA,"recurrance","1","1"
"AHGDYNKOKJWFJ",3,"1","three_month","short-term","0","8"
"AHGDYNKOKJWFJ",3,"2","three_month","short-term","5","5"
"AHGDYNKOKJWFJ",3,"3","in_weeks","short-term","2","2"
"AHKRGPN5D3I2G",5,"1",NA,"recurrance","7","8"
"AHKRGPN5D3I2G",5,"2","two_month","short-term","9","7"
"AHKRGPN5D3I2G",5,"3",NA,"long-term","3","7"
"AHKRGPN5D3I2G",5,"4",NA,"recurrance","8","7"
"AHKRGPN5D3I2G",5,"5",NA,"long-term","1","1"
"AHYTT3T8W9Y9Y",1,"1",NA,"recurrance","3","2"
"AIA7RZSAONU5M",3,"1",NA,"recurrance","2","2"
"AIA7RZSAONU5M",3,"2",NA,"recurrance","1","1"
"AIA7RZSAONU5M",3,"3",NA,"recurrance","0","1"
"AIHHRINW9IN1I",3,"1","three_month","short-term","2","6"
"AIHHRINW9IN1I",3,"2","three_month","short-term","1","8"
"AIHHRINW9IN1I",3,"3","next_month","short-term","0","2"
"AIHUIAQ4922K3",2,"1",NA,"recurrance","2","3"
"AIHUIAQ4922K3",2,"2",NA,"recurrance","1","2"
"AJ4T7PTRYNSUW",3,"1",NA,"long-term","1","1"
"AJ4T7PTRYNSUW",3,"2",NA,"long-term","0","1"
"AJ4T7PTRYNSUW",3,"3",NA,"long-term","2","3"
"AJ9O2ZA0E8UDZ",3,"1",NA,"recurrance","1","8"
"AJ9O2ZA0E8UDZ",3,"2",NA,"recurrance","1","2"
"AJ9O2ZA0E8UDZ",3,"3","two_month","short-term","0","1"
"AJDHPRCJ985C7",5,"1",NA,"recurrance","9","6"
"AJDHPRCJ985C7",5,"2",NA,"recurrance","4","2"
"AJDHPRCJ985C7",5,"3","two_month","short-term","1","1"
"AJDHPRCJ985C7",5,"4",NA,"recurrance","10","7"
"AJDHPRCJ985C7",5,"5",NA,"long-term","2","2"
"AJMWITY1XT7H7",4,"1",NA,"recurrance","6","8"
"AJMWITY1XT7H7",4,"2",NA,"recurrance","0","1"
"AJMWITY1XT7H7",4,"3","two_month","short-term","1","1"
"AJMWITY1XT7H7",4,"4",NA,"recurrance","8","5"
"AJQ71YIGY01HZ",2,"1",NA,"long-term","2","3"
"AJQ71YIGY01HZ",2,"2",NA,"long-term","1","5"
"AKMOBFEEKW378",5,"1",NA,"recurrance","6","8"
"AKMOBFEEKW378",5,"2",NA,"recurrance","8","8"
"AKMOBFEEKW378",5,"3",NA,"recurrance","3","1"
"AKMOBFEEKW378",5,"4",NA,"long-term","4","5"
"AKMOBFEEKW378",5,"5",NA,"long-term","0","1"
"AKX5RHHO8BIUX",5,"1","three_month","short-term","5","5"
"AKX5RHHO8BIUX",5,"2",NA,"recurrance","7","5"
"AKX5RHHO8BIUX",5,"3","two_month","short-term","0","8"
"AKX5RHHO8BIUX",5,"4","three_month","short-term","4","3"
"AKX5RHHO8BIUX",5,"5","in_weeks","short-term","3","3"
"AL7UTA8J27TFK",4,"1",NA,"recurrance","1","1"
"AL7UTA8J27TFK",4,"2",NA,"long-term","0","8"
"AL7UTA8J27TFK",4,"3","two_month","short-term","2","3"
"AL7UTA8J27TFK",4,"4",NA,"long-term","0","1"
"ALAOEYIYW0CW7",5,"1",NA,"long-term","1","1"
"ALAOEYIYW0CW7",5,"2",NA,"recurrance","9","5"
"ALAOEYIYW0CW7",5,"3",NA,"recurrance","8","1"
"ALAOEYIYW0CW7",5,"4",NA,"long-term","7","2"
"ALAOEYIYW0CW7",5,"5",NA,"recurrance","9","8"
"ALDQRWYZ8KQ9A",3,"1",NA,"long-term","1","1"
"ALDQRWYZ8KQ9A",3,"2",NA,"recurrance","0","8"
"ALDQRWYZ8KQ9A",3,"3",NA,"recurrance","2","1"
"AM0QVBV8L6QCJ",2,"1",NA,"long-term","1","2"
"AM0QVBV8L6QCJ",2,"2",NA,"long-term","3","3"
"AMA18W8F60Y2J",1,"1","three_month","short-term","0","1"
"AMTTB8JUWRRM7",2,"1",NA,"long-term","0","1"
"AMTTB8JUWRRM7",2,"2",NA,"recurrance","0","1"
"ANZNAAS2K0DSY",3,"1","two_month","short-term","4","5"
"ANZNAAS2K0DSY",3,"2","two_month","short-term","0","2"
"ANZNAAS2K0DSY",3,"3","next_month","short-term","7","5"
"AOS2PVHT2HYTL",3,"1","two_month","short-term","1","2"
"AOS2PVHT2HYTL",3,"2","two_month","short-term","7","7"
"AOS2PVHT2HYTL",3,"3","three_month","short-term","6","5"
"APY7YO8CH0ZDP",3,"1",NA,"recurrance","4","5"
"APY7YO8CH0ZDP",3,"2",NA,"recurrance","4","5"
"APY7YO8CH0ZDP",3,"3",NA,"recurrance","6","8"
"AQAXDL1INQC9Q",3,"1",NA,"recurrance","4","3"
"AQAXDL1INQC9Q",3,"2",NA,"recurrance","8","5"
"AQAXDL1INQC9Q",3,"3",NA,"recurrance","7","5"
"AQMLJYUQCSG22",3,"1",NA,"recurrance","1","2"
"AQMLJYUQCSG22",3,"2",NA,"long-term","3","8"
"AQMLJYUQCSG22",3,"3","in_weeks","short-term","6","6"
"ARQR5NIFA1AJ",3,"1",NA,"long-term","3","8"
"ARQR5NIFA1AJ",3,"2",NA,"recurrance","4","5"
"ARQR5NIFA1AJ",3,"3","two_month","short-term","0","8"
"AS2MFSWNC5CQI",4,"1",NA,"long-term","6","7"
"AS2MFSWNC5CQI",4,"2",NA,"long-term","6","7"
"AS2MFSWNC5CQI",4,"3",NA,"long-term","4","8"
"AS2MFSWNC5CQI",4,"4",NA,"long-term","2","1"
"AS6FM754MF2B2",4,"1",NA,"recurrance","10","7"
"AS6FM754MF2B2",4,"2",NA,"recurrance","9","5"
"AS6FM754MF2B2",4,"3",NA,"long-term","4","3"
"AS6FM754MF2B2",4,"4","three_month","short-term","2","1"
"ASY5W2HJPIPF4",2,"1","next_month","short-term","6","6"
"ASY5W2HJPIPF4",2,"2","three_month","short-term","3","3"
"AT6LDQNLKTUSE",2,"1","three_month","short-term","8","5"
"AT6LDQNLKTUSE",2,"2",NA,"long-term","1","2"
"AU34T9OMHN4Z4",3,"1",NA,"recurrance","9","6"
"AU34T9OMHN4Z4",3,"2",NA,"recurrance","7","5"
"AU34T9OMHN4Z4",3,"3",NA,"long-term","1","8"
"AUQTHU5AOZVQC",5,"1","next_month","short-term","8","6"
"AUQTHU5AOZVQC",5,"2","in_weeks","short-term","7","5"
"AUQTHU5AOZVQC",5,"3","three_month","short-term","5","2"
"AUQTHU5AOZVQC",5,"4","two_month","short-term","2","2"
"AUQTHU5AOZVQC",5,"5",NA,"recurrance","8","5"
"AVKMFV9CZ0MLR",5,"1",NA,"recurrance","1","2"
"AVKMFV9CZ0MLR",5,"2",NA,"recurrance","2","2"
"AVKMFV9CZ0MLR",5,"3",NA,"recurrance","2","2"
"AVKMFV9CZ0MLR",5,"4",NA,"recurrance","2","2"
"AVKMFV9CZ0MLR",5,"5",NA,"recurrance","2","2"
"AWTGJ45ZWUCHH",5,"1","two_month","short-term","7","7"
"AWTGJ45ZWUCHH",5,"2","in_days","short-term","9","6"
"AWTGJ45ZWUCHH",5,"3",NA,"long-term","8","6"
"AWTGJ45ZWUCHH",5,"4","in_weeks","short-term","7","5"
"AWTGJ45ZWUCHH",5,"5","in_weeks","short-term","9","7"
"AWVLT2L5AP873",3,"1",NA,"recurrance","7","8"
"AWVLT2L5AP873",3,"2",NA,"recurrance","9","7"
"AWVLT2L5AP873",3,"3",NA,"recurrance","6","3"
"AXF0OX50YZQC6",5,"1",NA,"recurrance","5","5"
"AXF0OX50YZQC6",5,"2","three_month","short-term","0","8"
"AXF0OX50YZQC6",5,"3",NA,"long-term","5","5"
"AXF0OX50YZQC6",5,"4",NA,"long-term","3","7"
"AXF0OX50YZQC6",5,"5",NA,"recurrance","5","5"
"AY4E4CDN0J6JL",4,"1","three_month","short-term","4","3"
"AY4E4CDN0J6JL",4,"2",NA,"recurrance","1","1"
"AY4E4CDN0J6JL",4,"3","two_month","short-term","4","3"
"AY4E4CDN0J6JL",4,"4","two_month","short-term","5","5"
"AY5QPUSEADPBG",2,"1","three_month","short-term","1","2"
"AY5QPUSEADPBG",2,"2",NA,"recurrance","1","1"
"AYA1LRB27KSR1",5,"1","next_month","short-term","0","5"
"AYA1LRB27KSR1",5,"2",NA,"recurrance","2","3"
"AYA1LRB27KSR1",5,"3",NA,"recurrance","4","5"
"AYA1LRB27KSR1",5,"4",NA,"recurrance","1","2"
"AYA1LRB27KSR1",5,"5",NA,"recurrance","5","6"
"AYNDATHZBJZ6E",3,"1",NA,"recurrance","1","1"
"AYNDATHZBJZ6E",3,"2",NA,"long-term","0","1"
"AYNDATHZBJZ6E",3,"3",NA,"recurrance","2","1"
"AYPOAY43REHC8",5,"1",NA,"long-term","5","5"
"AYPOAY43REHC8",5,"2","three_month","short-term","5","7"
"AYPOAY43REHC8",5,"3",NA,"recurrance","6","5"
"AYPOAY43REHC8",5,"4",NA,"recurrance","8","6"
"AYPOAY43REHC8",5,"5",NA,"recurrance","9","6"
