"MTurkCode","total_fac","total_con","goal","out_fac_m","out_fac_sd","out_con_m","out_con_sd","in_fac_m","in_fac_sd","in_con_m","in_con_sd","out_net","in_net","listNum","priority","total_goal","goalType","conflict","connectedness","instrumentality"
"AHYTT3T8W9Y9Y",NA,NA,1,NA,NA,NA,NA,NA,NA,NA,NA,NA,NA,NA,NA,1,"recurrance",1,2,3
"A3KNLR8H286IHT",2,1,1,4,4.24,1,0,1,0,1,0,3,0,3,1,3,"short-term",1,7,7
"A3KNLR8H286IHT",2,1,2,1,0,1,0,1,0,1,0,0,0,3,3,3,"recurrance",1,5,7
"A3KNLR8H286IHT",2,1,3,1,0,1,0,4,4.24,1,0,0,3,3,2,3,"recurrance",1,2,7
"A3NRAEKWOKVUNN",3,1.5,1,4,NA,1,NA,2,NA,2,NA,3,0,2,1,2,"recurrance",2,3,3
"A3NRAEKWOKVUNN",3,1.5,2,2,NA,2,NA,4,NA,1,NA,0,3,2,2,2,"long-term",1,4,4
"AHGDYNKOKJWFJ",2.5,2,1,2.5,0.71,2,0,3,1.41,2,0,0.5,1,3,1,2,"short-term",2,2,5
"AHGDYNKOKJWFJ",2.5,2,2,2,0,2,0,2.5,0.71,2,0,0,0.5,3,2,2,"short-term",2,2,4
"AHGDYNKOKJWFJ",2.5,2,3,3,1.41,2,0,2,0,2,0,1,0,3,3,2,"short-term",2,3,3
"A1R5W4RQZTROD8",1.25,2.58,1,1,0,2,1,1,0,2.67,2.89,-1,-1.67,4,1,4,"long-term",2,1,2
"A1R5W4RQZTROD8",1.25,2.58,2,1,0,4.67,1.53,1,0,3.33,0.58,-3.67,-2.33,4,4,4,"recurrance",4,1,1
"A1R5W4RQZTROD8",1.25,2.58,3,1.33,0.58,2,1.73,1.67,1.15,2.67,2.08,-0.67,-1,4,3,4,"recurrance",2,1,5
"A1R5W4RQZTROD8",1.25,2.58,4,1.67,1.15,1.67,1.15,1.33,0.58,1.67,1.15,0,-0.33,4,2,4,"recurrance",2,2,4
"A1XUZFDVKP95VC",2,1,1,1,NA,1,NA,3,NA,1,NA,0,2,2,2,2,"long-term",2,5,7
"A1XUZFDVKP95VC",2,1,2,3,NA,1,NA,1,NA,1,NA,2,0,2,1,2,"short-term",3,4,7
"A22SZHZTF72TRM",2.25,1,1,2.67,2.89,1,0,2.67,2.89,1,0,1.67,1.67,4,1,4,"short-term",1,4,4
"A22SZHZTF72TRM",2.25,1,2,2.67,2.89,1,0,2.67,2.89,1,0,1.67,1.67,4,4,4,"short-term",1,7,7
"A22SZHZTF72TRM",2.25,1,3,1.67,1.15,1,0,2,1.73,1,0,0.67,1,4,3,4,"recurrance",1,2,4
"A22SZHZTF72TRM",2.25,1,4,2,1.73,1,0,1.67,1.15,1,0,1,0.67,4,2,4,"recurrance",2,3,4
"A1G187YBG0DVMQ",1.67,1.67,1,1.5,0.71,1,0,1,0,1,0,0.5,0,3,1,3,"short-term",2,3,4
"A1G187YBG0DVMQ",1.67,1.67,2,2.5,2.12,1.5,0.71,1,0,2.5,2.12,1,-1.5,3,2,3,"long-term",2,3,5
"A1G187YBG0DVMQ",1.67,1.67,3,1,0,2.5,2.12,3,1.41,1.5,0.71,-1.5,1.5,3,3,3,"recurrance",1,3,3
"A2BJTPZLXIGO8D",2,1.17,1,2.5,2.12,1.5,0.71,2.5,2.12,1,0,1,1.5,3,2,3,"recurrance",1,4,7
"A2BJTPZLXIGO8D",2,1.17,2,2.5,2.12,1,0,2.5,2.12,1.5,0.71,1.5,1,3,1,3,"recurrance",3,4,7
"A2BJTPZLXIGO8D",2,1.17,3,1,0,1,0,1,0,1,0,0,0,3,3,3,"recurrance",2,4,4
"A2DVV59R1CQU6T",3,1,1,1.5,0.71,1,0,1.5,0.71,1,0,0.5,0.5,3,1,3,"long-term",2,5,7
"A2DVV59R1CQU6T",3,1,2,4,2.83,1,0,4,2.83,1,0,3,3,3,3,3,"recurrance",2,1,4
"A2DVV59R1CQU6T",3,1,3,3.5,3.54,1,0,3.5,3.54,1,0,2.5,2.5,3,2,3,"recurrance",2,3,6
"A2ASTDMWBCFIP0",4,2.5,1,4,NA,2,NA,4,NA,3,NA,2,1,2,2,2,"short-term",4,3,6
"A2ASTDMWBCFIP0",4,2.5,2,4,NA,3,NA,4,NA,2,NA,1,2,2,1,2,"short-term",4,4,7
"A21BXRUD15TQL8",3.83,1.33,1,1.5,0.71,1.5,0.71,4,4.24,1,0,0,3,3,3,3,"long-term",2,4,5
"A21BXRUD15TQL8",3.83,1.33,2,3.5,3.54,1.5,0.71,3.5,3.54,1,0,2,2.5,3,2,3,"short-term",1,2,2
"A21BXRUD15TQL8",3.83,1.33,3,6.5,0.71,1,0,4,2.83,2,0,5.5,2,3,1,3,"recurrance",2,5,2
"AJ9O2ZA0E8UDZ",1.5,1,1,1,0,1,0,2.5,2.12,1,0,0,1.5,3,2,3,"recurrance",2,5,4
"AJ9O2ZA0E8UDZ",1.5,1,2,1,0,1,0,1,0,1,0,0,0,3,3,3,"recurrance",2,5,7
"AJ9O2ZA0E8UDZ",1.5,1,3,2.5,2.12,1,0,1,0,1,0,1.5,0,3,1,3,"short-term",7,5,4
"A3LL096CAY5WHB",6,2,1,6,NA,2,NA,6,NA,2,NA,4,4,2,2,2,"recurrance",2,6,4
"A3LL096CAY5WHB",6,2,2,6,NA,2,NA,6,NA,2,NA,4,4,2,1,2,"recurrance",1,5,5
"A2LT6KC1X51FVW",5,1,1,4,NA,1,NA,6,NA,1,NA,3,5,2,2,2,"recurrance",1,2,5
"A2LT6KC1X51FVW",5,1,2,6,NA,1,NA,4,NA,1,NA,5,3,2,1,2,"recurrance",1,2,5
"AWVLT2L5AP873",1.5,2.33,1,1.5,0.71,1,0,2,1.41,1,0,0.5,1,3,2,3,"recurrance",1,4,4
"AWVLT2L5AP873",1.5,2.33,2,1,0,3,2.83,1,0,3,2.83,-2,-2,3,1,3,"recurrance",5,1,6
"AWVLT2L5AP873",1.5,2.33,3,2,1.41,3,2.83,1.5,0.71,3,2.83,-1,-1.5,3,3,3,"recurrance",5,4,5
"A3U4SSUB9ZZ9T0",3.67,3.67,1,3,1.41,4,2.83,4,2.83,3.5,3.54,-1,0.5,3,1,3,"long-term",6,4,6
"A3U4SSUB9ZZ9T0",3.67,3.67,2,6,0,1,0,3,1.41,4,2.83,5,-1,3,2,3,"recurrance",2,5,6
"A3U4SSUB9ZZ9T0",3.67,3.67,3,2,0,6,0,4,2.83,3.5,3.54,-4,0.5,3,3,3,"recurrance",2,7,7
"A2R9OK4M877ZCC",3,3.5,1,1,0,4,4.24,4,4.24,5.5,2.12,-3,-1.5,3,1,2,"short-term",2,3,6
"A2R9OK4M877ZCC",3,3.5,2,4,4.24,4,4.24,4,4.24,4,4.24,0,0,3,3,2,"recurrance",2,7,7
"A2R9OK4M877ZCC",3,3.5,3,4,4.24,2.5,2.12,1,0,1,0,1.5,0,3,2,2,"recurrance",2,4,7
"A1O9PAK6THJ9Y7",2,2,1,2,NA,2,NA,2,NA,2,NA,0,0,2,1,2,"long-term",1,2,3
"A1O9PAK6THJ9Y7",2,2,2,2,NA,2,NA,2,NA,2,NA,0,0,2,2,2,"long-term",2,3,4
"A2AT6TSPPCR106",4,1,1,3,3.46,1,0,5.33,1.53,1,0,2,4.33,4,3,3,"recurrance",2,5,7
"A2AT6TSPPCR106",4,1,2,4.67,2.08,1,0,5,2,1,0,3.67,4,4,2,3,"recurrance",1,5,7
"A2AT6TSPPCR106",4,1,3,2.67,1.53,1,0,3.67,3.06,1,0,1.67,2.67,4,4,3,"long-term",1,3,7
"A2AT6TSPPCR106",4,1,4,5.67,1.15,1,0,2,1.73,1,0,4.67,1,4,1,3,"recurrance",1,2,5
"A28J7H4TH29DC3",1.5,3.17,1,1,0,4,4.24,1.5,0.71,4.5,3.54,-3,-3,3,2,3,"short-term",4,6,6
"A28J7H4TH29DC3",1.5,3.17,2,1.5,0.71,1.5,0.71,2,1.41,1,0,0,1,3,3,3,"recurrance",2,7,7
"A28J7H4TH29DC3",1.5,3.17,3,2,1.41,4,4.24,1,0,4,4.24,-2,-3,3,1,3,"recurrance",2,7,7
"A1VRG5HKZC0H0C",1.9,2.45,1,2.25,2.5,3.5,1.73,2.5,3,1.75,1.5,-1.25,0.75,5,3,5,"short-term",3,2,2
"A1VRG5HKZC0H0C",1.9,2.45,2,4,3.46,1.25,0.5,1.25,0.5,2.75,1.5,2.75,-1.5,5,1,5,"short-term",1,4,7
"A1VRG5HKZC0H0C",1.9,2.45,3,1,0,4.75,1.5,1,0,2.5,1.73,-3.75,-1.5,5,2,5,"short-term",6,4,4
"A1VRG5HKZC0H0C",1.9,2.45,4,1,0,1.75,0.5,3.75,3.2,2.5,3,-0.75,1.25,5,4,5,"recurrance",3,3,4
"A1VRG5HKZC0H0C",1.9,2.45,5,1.25,0.5,1,0,1,0,2.75,1.5,0.25,-1.75,5,5,5,"recurrance",2,3,3
"A351LMMMFYPM7U",1.6,1.3,1,1.5,1,1.25,0.5,2,2,1,0,0.25,1,5,2,5,"recurrance",1,2,5
"A351LMMMFYPM7U",1.6,1.3,2,2.5,1.91,2,1.15,1,0,1.25,0.5,0.5,-0.25,5,1,5,"short-term",1,2,5
"A351LMMMFYPM7U",1.6,1.3,3,2,2,1.25,0.5,1.5,1,1.25,0.5,0.75,0.25,5,5,5,"long-term",2,1,5
"A351LMMMFYPM7U",1.6,1.3,4,1,0,1,0,2.5,1.91,1.5,1,0,1,5,3,5,"long-term",1,1,4
"A351LMMMFYPM7U",1.6,1.3,5,1,0,1,0,1,0,1.5,1,0,-0.5,5,4,5,"long-term",1,1,2
"A2NHFSO7GMM8QR",2.5,1,1,4,NA,1,NA,1,NA,1,NA,3,0,2,2,3,"long-term",4,4,7
"A2NHFSO7GMM8QR",2.5,1,2,1,NA,1,NA,4,NA,1,NA,0,3,2,1,3,"recurrance",1,1,4
"A2VNSNAN1LZBAM",1,1.67,1,1,0,2.5,2.12,1,0,1.5,0.71,-1.5,-0.5,3,2,3,"long-term",1,1,1
"A2VNSNAN1LZBAM",1,1.67,2,1,0,1.5,0.71,1,0,2.5,2.12,-0.5,-1.5,3,1,3,"long-term",1,1,1
"A2VNSNAN1LZBAM",1,1.67,3,1,0,1,0,1,0,1,0,0,0,3,3,3,"short-term",1,1,1
"A3KIZLHCD945UK",6.33,3,1,6.5,0.71,2,1.41,7,0,4,4.24,4.5,3,3,2,3,"short-term",1,7,4
"A3KIZLHCD945UK",6.33,3,2,7,0,4,4.24,5.5,2.12,3,2.83,3,2.5,3,3,3,"recurrance",1,7,4
"A3KIZLHCD945UK",6.33,3,3,5.5,2.12,3,2.83,6.5,0.71,2,1.41,2.5,4.5,3,1,3,"short-term",6,6,6
"A1720HSKGQ41VJ",1.58,1.25,1,1,0,1.67,1.15,2.33,1.53,1,0,-0.67,1.33,4,1,4,"short-term",2,1,4
"A1720HSKGQ41VJ",1.58,1.25,2,1,0,1.33,0.58,1.33,0.58,1,0,-0.33,0.33,4,2,4,"short-term",2,2,4
"A1720HSKGQ41VJ",1.58,1.25,3,1.33,0.58,1,0,1.67,1.15,2,1,0.33,-0.33,4,4,4,"long-term",1,1,4
"A1720HSKGQ41VJ",1.58,1.25,4,3,1,1,0,1,0,1,0,2,0,4,3,4,"recurrance",1,4,7
"A26NGLGGFTATVN",1,1,1,1,NA,1,NA,1,NA,1,NA,0,0,2,2,2,"recurrance",1,2,7
"A26NGLGGFTATVN",1,1,2,1,NA,1,NA,1,NA,1,NA,0,0,2,1,2,"recurrance",1,3,7
"A30HUZHJBOX1LK",6,1.5,1,5,NA,2,NA,7,NA,1,NA,3,6,2,1,2,"recurrance",1,4,5
"A30HUZHJBOX1LK",6,1.5,2,7,NA,1,NA,5,NA,2,NA,6,3,2,2,2,"recurrance",1,6,5
"A4BDXOXC4D8FX",1,1,1,1,0,1,0,1,0,1,0,0,0,3,2,3,"short-term",1,1,7
"A4BDXOXC4D8FX",1,1,2,1,0,1,0,1,0,1,0,0,0,3,1,3,"short-term",1,1,7
"A4BDXOXC4D8FX",1,1,3,1,0,1,0,1,0,1,0,0,0,3,3,3,"recurrance",1,1,1
"A3AJJHOAV7WIUQ",4.83,3.17,1,4,1.41,4,1.41,4.5,0.71,3.5,0.71,0,1,3,1,3,"short-term",4,3,6
"A3AJJHOAV7WIUQ",4.83,3.17,2,5.5,0.71,2.5,0.71,5.5,0.71,2.5,0.71,3,3,3,2,3,"long-term",4,4,6
"A3AJJHOAV7WIUQ",4.83,3.17,3,5,1.41,3,1.41,4.5,2.12,3.5,2.12,2,1,3,3,3,"short-term",3,5,6
"AS2MFSWNC5CQI",1,1.5,1,1,0,2,1.73,1,0,2,1.73,-1,-1,4,1,4,"long-term",3,5,7
"AS2MFSWNC5CQI",1,1.5,2,1,0,2,1.73,1,0,2,1.73,-1,-1,4,2,4,"long-term",4,5,7
"AS2MFSWNC5CQI",1,1.5,3,1,0,1,0,1,0,1,0,0,0,4,3,4,"long-term",3,1,1
"AS2MFSWNC5CQI",1,1.5,4,1,0,1,0,1,0,1,0,0,0,4,4,4,"long-term",1,1,3
"A3VYBAO7UQQHGC",5,1,1,5.5,2.12,1,0,4.5,0.71,1,0,4.5,3.5,3,1,3,"short-term",1,2,5
"A3VYBAO7UQQHGC",5,1,2,5,1.41,1,0,4,0,1,0,4,3,3,2,3,"short-term",1,4,7
"A3VYBAO7UQQHGC",5,1,3,4.5,0.71,1,0,6.5,0.71,1,0,3.5,5.5,3,3,3,"short-term",1,1,5
"A1G5EPLJEGL381",6,1,1,5,NA,1,NA,7,NA,1,NA,4,6,2,1,2,"long-term",2,6,7
"A1G5EPLJEGL381",6,1,2,7,NA,1,NA,5,NA,1,NA,6,4,2,2,2,"long-term",1,5,7
"A1CTUG0RUGCY48",NA,NA,1,NA,NA,NA,NA,NA,NA,NA,NA,NA,NA,NA,NA,1,"long-term",1,1,7
"A6R5AQ4D638BH",3.33,1,1,2,0,1,0,3,1.41,1,0,1,2,3,2,3,"long-term",1,1,5
"A6R5AQ4D638BH",3.33,1,2,4,2.83,1,0,3,1.41,1,0,3,2,3,3,3,"short-term",1,4,5
"A6R5AQ4D638BH",3.33,1,3,4,0,1,0,4,2.83,1,0,3,3,3,1,3,"short-term",1,4,4
"A2KOR4003SVNC5",2.33,1,1,1,0,1,0,1,0,1,0,0,0,3,1,3,"short-term",3,1,7
"A2KOR4003SVNC5",2.33,1,2,3.5,3.54,1,0,2.5,2.12,1,0,2.5,1.5,3,3,3,"long-term",4,4,7
"A2KOR4003SVNC5",2.33,1,3,2.5,2.12,1,0,3.5,3.54,1,0,1.5,2.5,3,2,3,"long-term",3,7,3
"A1OJV3R8BH73BD",3,1,1,5,2.83,1,0,1.5,0.71,1,0,4,0.5,3,1,4,"short-term",1,4,7
"A1OJV3R8BH73BD",3,1,2,1,0,1,0,5.5,2.12,1,0,0,4.5,3,2,4,"short-term",1,5,7
"A1OJV3R8BH73BD",3,1,3,3,1.41,1,0,2,1.41,1,0,2,1,3,3,4,"short-term",1,1,4
"A3OUNEJO97MM8E",3.83,3.17,1,1.5,0.71,3,0,5.5,2.12,4,2.83,-1.5,1.5,3,2,3,"short-term",2,4,3
"A3OUNEJO97MM8E",3.83,3.17,2,7,0,2.5,0.71,2,0,2.5,0.71,4.5,-0.5,3,1,3,"long-term",5,5,7
"A3OUNEJO97MM8E",3.83,3.17,3,3,1.41,4,2.83,4,4.24,3,0,-1,1,3,3,3,"short-term",2,3,6
"A7P3R1AIA4TVV",3.17,2,1,4,4.24,1.5,0.71,4,4.24,1.5,0.71,2.5,2.5,3,2,3,"recurrance",1,5,5
"A7P3R1AIA4TVV",3.17,2,2,4.5,3.54,1.5,0.71,4,4.24,2.5,2.12,3,1.5,3,3,3,"long-term",2,5,5
"A7P3R1AIA4TVV",3.17,2,3,1,0,3,1.41,1.5,0.71,2,0,-2,-0.5,3,1,3,"short-term",5,2,5
"A121T4P5NKCHCS",3.33,2.83,1,4.5,0.71,5,1.41,4.5,2.12,2.5,2.12,-0.5,2,3,1,3,"short-term",1,4,7
"A121T4P5NKCHCS",3.33,2.83,2,2,1.41,2.5,2.12,2.5,2.12,2.5,2.12,-0.5,0,3,2,3,"short-term",4,4,3
"A121T4P5NKCHCS",3.33,2.83,3,3.5,3.54,1,0,3,2.83,3.5,3.54,2.5,-0.5,3,3,3,"short-term",1,4,5
"A3NLSGHK6RFXA8",3.75,2.25,1,3,3.46,1,0,5,3.46,3,3.46,2,2,4,1,4,"long-term",1,4,7
"A3NLSGHK6RFXA8",3.75,2.25,2,5,3.46,1,0,5,3.46,3,3.46,4,2,4,2,4,"recurrance",1,4,7
"A3NLSGHK6RFXA8",3.75,2.25,3,1,0,1,0,2,1.73,2,1.73,0,0,4,3,4,"short-term",1,1,7
"A3NLSGHK6RFXA8",3.75,2.25,4,6,1.73,6,1.73,3,3.46,1,0,0,2,4,4,4,"long-term",1,4,5
"AOS2PVHT2HYTL",1.17,1,1,1,0,1,0,1,0,1,0,0,0,3,2,5,"short-term",1,1,1
"AOS2PVHT2HYTL",1.17,1,2,1,0,1,0,1.5,0.71,1,0,0,0.5,3,1,5,"short-term",1,1,1
"AOS2PVHT2HYTL",1.17,1,3,1.5,0.71,1,0,1,0,1,0,0.5,0,3,3,5,"short-term",1,3,4
"A1TPGXT718D68E",1.67,1.33,1,2.5,2.12,1,0,1.5,0.71,1.5,0.71,1.5,0,3,2,3,"short-term",3,4,4
"A1TPGXT718D68E",1.67,1.33,2,1,0,1,0,1,0,1.5,0.71,0,-0.5,3,1,3,"short-term",4,7,7
"A1TPGXT718D68E",1.67,1.33,3,1.5,0.71,2,0,2.5,2.12,1,0,-0.5,1.5,3,3,3,"short-term",4,1,7
"AKX5RHHO8BIUX",1.4,1.4,1,1,0,1.25,0.5,1,0,1.75,0.96,-0.25,-0.75,5,4,5,"short-term",3,4,6
"AKX5RHHO8BIUX",1.4,1.4,2,1.5,1,2.25,1.26,1.25,0.5,1,0,-0.75,0.25,5,1,5,"recurrance",5,5,3
"AKX5RHHO8BIUX",1.4,1.4,3,1.5,1,1.5,1,1.25,0.5,1.25,0.5,0,0,5,3,5,"short-term",2,3,4
"AKX5RHHO8BIUX",1.4,1.4,4,1.25,0.5,1,0,2,1.15,1.75,1.5,0.25,0.25,5,5,5,"short-term",3,5,5
"AKX5RHHO8BIUX",1.4,1.4,5,1.75,0.96,1,0,1.5,1,1.25,0.5,0.75,0.25,5,2,5,"short-term",2,4,4
"A26UAJWMMNN351",1,2.5,1,1,0,4,4.24,1,0,2.5,2.12,-3,-1.5,3,1,3,"short-term",1,4,1
"A26UAJWMMNN351",1,2.5,2,1,0,1,0,1,0,1,0,0,0,3,3,3,"long-term",4,1,4
"A26UAJWMMNN351",1,2.5,3,1,0,2.5,2.12,1,0,4,4.24,-1.5,-3,3,2,3,"short-term",1,4,7
"AM0QVBV8L6QCJ",1,1,1,1,NA,1,NA,1,NA,1,NA,0,0,2,1,2,"long-term",1,1,6
"AM0QVBV8L6QCJ",1,1,2,1,NA,1,NA,1,NA,1,NA,0,0,2,2,2,"long-term",1,1,4
"A2X3FSFHV5GHJU",3,1,1,2.5,2.12,1,0,4.5,0.71,1,0,1.5,3.5,3,1,3,"long-term",1,2,4
"A2X3FSFHV5GHJU",3,1,2,4,1.41,1,0,2.5,2.12,1,0,3,1.5,3,3,3,"recurrance",2,2,3
"A2X3FSFHV5GHJU",3,1,3,2.5,2.12,1,0,2,1.41,1,0,1.5,1,3,2,3,"long-term",1,2,4
"A1F1TBDHPYAAXT",3,1,1,4,4.24,1,0,4,4.24,1,0,3,3,3,2,3,"short-term",1,7,7
"A1F1TBDHPYAAXT",3,1,2,4,4.24,1,0,4,4.24,1,0,3,3,3,1,3,"short-term",1,7,7
"A1F1TBDHPYAAXT",3,1,3,1,0,1,0,1,0,1,0,0,0,3,3,3,"recurrance",1,1,6
"AFMAFX0P2YRRV",NA,NA,1,NA,NA,NA,NA,NA,NA,NA,NA,NA,NA,NA,NA,1,"short-term",1,4,4
"A38BO0BRCQX6OV",3.83,1.67,1,2.5,2.12,1,0,3.5,0.71,1,0,1.5,2.5,3,2,3,"long-term",2,4,6
"A38BO0BRCQX6OV",3.83,1.67,2,5,1.41,1,0,4.5,0.71,3,2.83,4,1.5,3,3,3,"long-term",1,6,7
"A38BO0BRCQX6OV",3.83,1.67,3,4,1.41,3,2.83,3.5,3.54,1,0,1,2.5,3,1,3,"recurrance",1,6,7
"AIA7RZSAONU5M",5.5,2.5,1,4.5,0.71,2.5,0.71,6,1.41,3,1.41,2,3,3,2,3,"recurrance",2,6,6
"AIA7RZSAONU5M",5.5,2.5,2,6,1.41,3,1.41,4.5,0.71,2.5,0.71,3,2,3,3,3,"recurrance",1,6,6
"AIA7RZSAONU5M",5.5,2.5,3,6,1.41,2,0,6,1.41,2,0,4,4,3,1,3,"recurrance",1,6,7
"A2615YW1YERQBO",2.5,2.83,1,4,1.41,2,0,2,1.41,4,1.41,2,-2,3,3,3,"long-term",3,2,3
"A2615YW1YERQBO",2.5,2.83,2,1.5,0.71,3.5,2.12,3,2.83,2.5,0.71,-2,0.5,3,2,3,"long-term",2,2,3
"A2615YW1YERQBO",2.5,2.83,3,2,1.41,3,0,2.5,0.71,2,0,-1,0.5,3,1,3,"long-term",1,6,7
"A3OPRR8AXT6OSJ",6.83,1.17,1,6.5,0.71,1.5,0.71,7,0,1,0,5,6,3,2,3,"recurrance",3,6,7
"A3OPRR8AXT6OSJ",6.83,1.17,2,7,0,1,0,6.5,0.71,1.5,0.71,6,5,3,1,3,"recurrance",1,7,7
"A3OPRR8AXT6OSJ",6.83,1.17,3,7,0,1,0,7,0,1,0,6,6,3,3,3,"recurrance",1,7,7
"A1AIMKA54UBYIQ",1,1,1,1,NA,1,NA,1,NA,1,NA,0,0,2,1,2,"recurrance",3,4,2
"A1AIMKA54UBYIQ",1,1,2,1,NA,1,NA,1,NA,1,NA,0,0,2,2,2,"recurrance",3,3,2
"A286W816CMIZL9",5.67,2.67,1,7,0,1,0,7,0,1,0,6,6,3,1,2,"long-term",1,7,7
"A286W816CMIZL9",5.67,2.67,2,5,2.83,3.5,3.54,5,2.83,3.5,3.54,1.5,1.5,3,2,2,"recurrance",1,7,7
"A286W816CMIZL9",5.67,2.67,3,5,2.83,3.5,3.54,5,2.83,3.5,3.54,1.5,1.5,3,3,2,"recurrance",1,7,7
"A3HXM7BGH18FOW",3,1,1,4,4.24,1,0,4,4.24,1,0,3,3,3,1,3,"recurrance",1,5,4
"A3HXM7BGH18FOW",3,1,2,1,0,1,0,1,0,1,0,0,0,3,2,3,"long-term",1,1,1
"A3HXM7BGH18FOW",3,1,3,4,4.24,1,0,4,4.24,1,0,3,3,3,3,3,"recurrance",1,6,3
"A770OB1ZAGJ4G",6.5,1.5,1,6,0,2,0,6,0,2,0,4,4,4,1,4,"recurrance",2,3,6
"A770OB1ZAGJ4G",6.5,1.5,2,6.67,0.58,1.33,0.58,6.67,0.58,1.33,0.58,5.33,5.33,4,3,4,"recurrance",4,5,6
"A770OB1ZAGJ4G",6.5,1.5,3,6.67,0.58,1.33,0.58,6.67,0.58,1.33,0.58,5.33,5.33,4,4,4,"recurrance",3,6,6
"A770OB1ZAGJ4G",6.5,1.5,4,6.67,0.58,1.33,0.58,6.67,0.58,1.33,0.58,5.33,5.33,4,2,4,"recurrance",1,7,7
"A17KN7NAP48L4B",6.33,1,1,7,0,1,0,7,0,1,0,6,6,3,1,3,"short-term",1,4,4
"A17KN7NAP48L4B",6.33,1,2,5.5,2.12,1,0,6.5,0.71,1,0,4.5,5.5,3,2,3,"recurrance",1,4,7
"A17KN7NAP48L4B",6.33,1,3,6.5,0.71,1,0,5.5,2.12,1,0,5.5,4.5,3,3,3,"recurrance",1,4,7
"A110BZSDZN7E16",2.33,1.33,1,2.5,2.12,1.5,0.71,3.5,3.54,1.5,0.71,1,2,3,1,4,"short-term",1,1,7
"A110BZSDZN7E16",2.33,1.33,2,1,0,1,0,1,0,1,0,0,0,3,3,4,"short-term",1,1,4
"A110BZSDZN7E16",2.33,1.33,3,3.5,3.54,1.5,0.71,2.5,2.12,1.5,0.71,2,1,3,2,4,"long-term",3,4,7
"A1X388C6SDCDEY",4.67,2.5,1,5.33,2.89,2.33,1.53,4,2.65,2,1.73,3,2,4,1,4,"recurrance",3,4,7
"A1X388C6SDCDEY",4.67,2.5,2,2.33,0.58,4.33,0.58,3.67,2.08,3.33,1.15,-2,0.33,4,4,4,"recurrance",6,2,2
"A1X388C6SDCDEY",4.67,2.5,3,4.33,2.31,2,1.73,5.67,2.31,2,1.73,2.33,3.67,4,3,4,"recurrance",2,5,6
"A1X388C6SDCDEY",4.67,2.5,4,6.67,0.58,1.33,0.58,5.33,2.89,2.67,2.08,5.33,2.67,4,2,4,"recurrance",1,7,7
"A1BSVEBYDZ0AAU",1.5,2.83,1,2,0,3,2.83,1.5,0.71,3,1.41,-1,-1.5,3,2,3,"recurrance",2,6,3
"A1BSVEBYDZ0AAU",1.5,2.83,2,1.5,0.71,4,0,1.5,0.71,1,0,-2.5,0.5,3,1,3,"recurrance",4,4,1
"A1BSVEBYDZ0AAU",1.5,2.83,3,1,0,1.5,0.71,1.5,0.71,4.5,0.71,-0.5,-3,3,3,3,"recurrance",2,1,1
"A1D2ZSPIHOI23K",4.5,3.17,1,5.5,0.71,2.5,0.71,3,1.41,4,1.41,3,-1,3,1,4,"short-term",4,4,4
"A1D2ZSPIHOI23K",4.5,3.17,2,3.5,2.12,3.5,2.12,5,0,3.5,0.71,0,1.5,3,3,4,"recurrance",3,3,4
"A1D2ZSPIHOI23K",4.5,3.17,3,4.5,0.71,3.5,0.71,5.5,0.71,2,0,1,3.5,3,2,4,"short-term",5,4,5
"A2VGFS03KCCR1Q",1.5,2.5,1,1,NA,3,NA,2,NA,2,NA,-2,0,2,1,2,"short-term",3,1,5
"A2VGFS03KCCR1Q",1.5,2.5,2,2,NA,2,NA,1,NA,3,NA,0,-2,2,2,2,"recurrance",1,2,7
"AYA1LRB27KSR1",5.8,1.6,1,3.5,2.52,3,2.31,6,2,2,2,0.5,4,5,3,7,"short-term",1,4,7
"AYA1LRB27KSR1",5.8,1.6,2,5.5,3,1,0,7,0,1,0,4.5,6,5,1,7,"recurrance",1,5,7
"AYA1LRB27KSR1",5.8,1.6,3,7,0,1,0,4,3.46,1,0,6,3,5,4,7,"recurrance",2,4,7
"AYA1LRB27KSR1",5.8,1.6,4,6,2,2,2,6,2,2,2,4,4,5,5,7,"recurrance",1,7,7
"AYA1LRB27KSR1",5.8,1.6,5,7,0,1,0,6,2,2,2,6,4,5,2,7,"recurrance",1,7,7
"A132GRVDGXPJGY",1.5,1,1,2,1.41,1,0,1,0,1,0,1,0,3,3,3,"short-term",2,7,5
"A132GRVDGXPJGY",1.5,1,2,1,0,1,0,2.5,0.71,1,0,0,1.5,3,1,3,"short-term",1,2,7
"A132GRVDGXPJGY",1.5,1,3,1.5,0.71,1,0,1,0,1,0,0.5,0,3,2,3,"short-term",1,5,7
"A39H9RIYRB5ZYV",6.55,1.15,1,6.75,0.5,1.25,0.5,7,0,1,0,5.5,6,5,3,6,"recurrance",2,5,7
"A39H9RIYRB5ZYV",6.55,1.15,2,7,0,1.25,0.5,6.25,0.96,1,0,5.75,5.25,5,1,6,"recurrance",1,7,7
"A39H9RIYRB5ZYV",6.55,1.15,3,7,0,1,0,6.5,1,1,0,6,5.5,5,4,6,"long-term",1,7,7
"A39H9RIYRB5ZYV",6.55,1.15,4,5.25,1.26,1.25,0.5,6.75,0.5,1.25,0.5,4,5.5,5,2,6,"recurrance",1,5,6
"A39H9RIYRB5ZYV",6.55,1.15,5,6.75,0.5,1,0,6.25,1.5,1.5,0.58,5.75,4.75,5,5,6,"long-term",1,5,7
"A19YQU3ZZ8USPO",3,2.33,1,3.5,0.71,2,0,4.5,0.71,2.5,0.71,1.5,2,3,3,3,"recurrance",1,7,4
"A19YQU3ZZ8USPO",3,2.33,2,3,2.83,2,0,2,1.41,2.5,0.71,1,-0.5,3,2,3,"short-term",1,7,5
"A19YQU3ZZ8USPO",3,2.33,3,2.5,2.12,3,0,2.5,2.12,2,0,-0.5,0.5,3,1,3,"recurrance",1,7,7
"A2EK1HDV4I4GSK",5.5,2,1,6,NA,2,NA,5,NA,2,NA,4,3,2,2,2,"long-term",3,2,6
"A2EK1HDV4I4GSK",5.5,2,2,5,NA,2,NA,6,NA,2,NA,3,4,2,1,2,"long-term",3,3,5
"A11F3MA5FWH6SJ",3.33,2.33,1,5,2.83,3,2.83,4,4.24,1,0,2,3,3,2,3,"recurrance",2,3,7
"A11F3MA5FWH6SJ",3.33,2.33,2,4,4.24,2,1.41,4,4.24,2,1.41,2,2,3,3,3,"recurrance",2,2,7
"A11F3MA5FWH6SJ",3.33,2.33,3,1,0,2,1.41,2,1.41,4,1.41,-1,-2,3,1,3,"short-term",1,1,3
"AHKRGPN5D3I2G",2.3,1.35,1,2.5,3,1,0,2.75,2.87,1.75,1.5,1.5,1,5,3,4,"recurrance",1,7,7
"AHKRGPN5D3I2G",2.3,1.35,2,3,2.71,1.75,1.5,2.5,3,1,0,1.25,1.5,5,1,4,"short-term",1,7,7
"AHKRGPN5D3I2G",2.3,1.35,3,1,0,1,0,1.25,0.5,2,2,0,-0.75,5,2,4,"long-term",1,7,7
"AHKRGPN5D3I2G",2.3,1.35,4,2.5,3,2,2,2.5,3,1,0,0.5,1.5,5,4,4,"recurrance",1,7,7
"AHKRGPN5D3I2G",2.3,1.35,5,2.5,3,1,0,2.5,3,1,0,1.5,1.5,5,5,4,"long-term",1,7,7
"A1CI5U3BLQ2DDS",1.8,1.3,1,2.5,3,1,0,2.5,3,1,0,1.5,1.5,5,1,5,"short-term",1,7,7
"A1CI5U3BLQ2DDS",1.8,1.3,2,2.5,3,1,0,2.5,3,1,0,1.5,1.5,5,2,5,"long-term",1,7,7
"A1CI5U3BLQ2DDS",1.8,1.3,3,1,0,1.75,1.5,2,2,1.75,1.5,-0.75,0.25,5,5,5,"recurrance",2,3,7
"A1CI5U3BLQ2DDS",1.8,1.3,4,2,2,1.75,1.5,1,0,1.75,1.5,0.25,-0.75,5,4,5,"recurrance",3,5,7
"A1CI5U3BLQ2DDS",1.8,1.3,5,1,0,1,0,1,0,1,0,0,0,5,3,5,"recurrance",1,4,7
"A302KOFOYLD89A",2.33,1.33,1,1,0,1,0,1,0,1,0,0,0,3,3,2,"long-term",2,2,6
"A302KOFOYLD89A",2.33,1.33,2,3,2.83,1.5,0.71,3,2.83,1.5,0.71,1.5,1.5,3,2,2,"recurrance",3,2,5
"A302KOFOYLD89A",2.33,1.33,3,3,2.83,1.5,0.71,3,2.83,1.5,0.71,1.5,1.5,3,1,2,"recurrance",2,2,6
"A3GI28OVLDI9ST",3.65,1.2,1,4.5,2.65,1,0,3.5,0.58,1,0,3.5,2.5,5,1,5,"short-term",3,4,5
"A3GI28OVLDI9ST",3.65,1.2,2,3.25,2.63,1,0,2.75,2.87,1.25,0.5,2.25,1.5,5,2,5,"short-term",4,4,7
"A3GI28OVLDI9ST",3.65,1.2,3,4,2.16,1.25,0.5,3.75,2.06,1.75,1.5,2.75,2,5,3,5,"short-term",2,4,6
"A3GI28OVLDI9ST",3.65,1.2,4,2.5,1.29,1,0,4.25,3.2,1,0,1.5,3.25,5,4,5,"long-term",3,6,4
"A3GI28OVLDI9ST",3.65,1.2,5,4,2.45,1.75,1.5,4,2.16,1,0,2.25,3,5,5,5,"short-term",2,4,6
"A3PSV85ZUXP9VF",1,3,1,1,0,1,0,1,0,1,0,0,0,3,1,3,"long-term",1,1,5
"A3PSV85ZUXP9VF",1,3,2,1,0,4,4.24,1,0,4,4.24,-3,-3,3,2,3,"short-term",1,1,1
"A3PSV85ZUXP9VF",1,3,3,1,0,4,4.24,1,0,4,4.24,-3,-3,3,3,3,"short-term",4,4,7
"A2ZGAH6NOSU2PO",2.45,1.25,1,3.25,2.06,1.25,0.5,3.75,1.89,1,0,2,2.75,5,2,6,"recurrance",3,6,3
"A2ZGAH6NOSU2PO",2.45,1.25,2,1.25,0.5,1.5,1,1.75,0.5,1.5,1,-0.25,0.25,5,4,6,"short-term",2,3,6
"A2ZGAH6NOSU2PO",2.45,1.25,3,3,1.83,1,0,2.75,2.06,1,0,2,1.75,5,3,6,"long-term",1,2,4
"A2ZGAH6NOSU2PO",2.45,1.25,4,2,2,1,0,1,0,1,0,1,0,5,1,6,"short-term",1,4,7
"A2ZGAH6NOSU2PO",2.45,1.25,5,2.75,1.5,1.5,1,3,1.83,1.75,0.96,1.25,1.25,5,5,6,"short-term",1,2,2
"A30FIPRPFQRBO6",3,3,1,4,4.24,4,4.24,4,4.24,4,4.24,0,0,3,1,3,"recurrance",1,4,7
"A30FIPRPFQRBO6",3,3,2,4,4.24,4,4.24,4,4.24,4,4.24,0,0,3,2,3,"recurrance",4,4,7
"A30FIPRPFQRBO6",3,3,3,1,0,1,0,1,0,1,0,0,0,3,3,3,"long-term",4,4,4
"AKMOBFEEKW378",1.6,2.2,1,2.5,3,1,0,2.5,3,1,0,1.5,1.5,5,2,3,"recurrance",1,4,7
"AKMOBFEEKW378",1.6,2.2,2,2.5,3,2.5,3,2.5,3,2.5,3,0,0,5,3,3,"recurrance",4,4,5
"AKMOBFEEKW378",1.6,2.2,3,1,0,2.5,3,1,0,2.5,3,-1.5,-1.5,5,1,3,"recurrance",5,7,4
"AKMOBFEEKW378",1.6,2.2,4,1,0,2.5,3,1,0,2.5,3,-1.5,-1.5,5,4,3,"long-term",4,2,7
"AKMOBFEEKW378",1.6,2.2,5,1,0,2.5,3,1,0,2.5,3,-1.5,-1.5,5,5,3,"long-term",3,4,4
"A18SXC3JEN1O0U",1,1,1,1,NA,1,NA,1,NA,1,NA,0,0,2,1,2,"recurrance",2,3,1
"A18SXC3JEN1O0U",1,1,2,1,NA,1,NA,1,NA,1,NA,0,0,2,2,2,"recurrance",1,5,3
"A198MSVO1VTAT5",1,1,1,1,0,1,0,1,0,1,0,0,0,4,1,4,"short-term",1,5,5
"A198MSVO1VTAT5",1,1,2,1,0,1,0,1,0,1,0,0,0,4,2,4,"short-term",1,4,5
"A198MSVO1VTAT5",1,1,3,1,0,1,0,1,0,1,0,0,0,4,3,4,"short-term",1,4,5
"A198MSVO1VTAT5",1,1,4,1,0,1,0,1,0,1,0,0,0,4,4,4,"short-term",1,4,4
"A1MJWY7UO3CDSM",1,1,1,1,NA,1,NA,1,NA,1,NA,0,0,2,1,2,"short-term",1,2,2
"A1MJWY7UO3CDSM",1,1,2,1,NA,1,NA,1,NA,1,NA,0,0,2,2,2,"short-term",1,1,6
"A2CP6MLJVJYBO7",4,1,1,7,NA,1,NA,1,NA,1,NA,6,0,2,1,3,"recurrance",1,5,6
"A2CP6MLJVJYBO7",4,1,2,1,NA,1,NA,7,NA,1,NA,0,6,2,2,3,"recurrance",1,6,7
"AQMLJYUQCSG22",1,2.33,1,1,0,2.5,0.71,1,0,1.5,0.71,-1.5,-0.5,3,1,3,"recurrance",1,1,2
"AQMLJYUQCSG22",1,2.33,2,1,0,2,1.41,1,0,3,0,-1,-2,3,2,3,"long-term",2,1,1
"AQMLJYUQCSG22",1,2.33,3,1,0,2.5,0.71,1,0,2.5,0.71,-1.5,-1.5,3,3,3,"short-term",3,2,3
"A6JUD4NCQCDWG",2,5,1,2,NA,6,NA,2,NA,4,NA,-4,-2,2,1,2,"long-term",6,3,5
"A6JUD4NCQCDWG",2,5,2,2,NA,4,NA,2,NA,6,NA,-2,-4,2,2,2,"short-term",3,6,1
"A2HQMB1GSEADL",1.7,2.2,1,1,0,1.5,0.58,1,0,1.25,0.5,-0.5,-0.25,5,1,13,"short-term",3,1,1
"A2HQMB1GSEADL",1.7,2.2,2,1.75,1.5,2.75,1.5,1.75,1.5,2.75,1.5,-1,-1,5,4,13,"recurrance",3,1,2
"A2HQMB1GSEADL",1.7,2.2,3,2.75,1.26,1.25,0.5,2.75,1.26,1.25,0.5,1.5,1.5,5,2,13,"short-term",2,1,3
"A2HQMB1GSEADL",1.7,2.2,4,1.5,1,2.75,2.06,1.5,1,2.5,1.73,-1.25,-1,5,3,13,"recurrance",5,1,4
"A2HQMB1GSEADL",1.7,2.2,5,1.5,1,2.75,1.5,1.5,1,3.25,1.5,-1.25,-1.75,5,5,13,"recurrance",4,4,3
"A1WS9UHL45VZ0X",2.33,2,1,1.5,0.71,2.5,2.12,1,0,2.5,2.12,-1,-1.5,3,1,3,"short-term",2,5,7
"A1WS9UHL45VZ0X",2.33,2,2,2.5,2.12,1,0,3,2.83,1,0,1.5,2,3,2,3,"recurrance",1,3,2
"A1WS9UHL45VZ0X",2.33,2,3,3,2.83,2.5,2.12,3,1.41,2.5,2.12,0.5,0.5,3,3,3,"recurrance",4,2,3
"AADRZTXSE7211",2.17,2.5,1,1.67,1.15,4.33,0.58,1,0,3.67,0.58,-2.67,-2.67,4,1,3,"recurrance",3,3,5
"AADRZTXSE7211",2.17,2.5,2,3,3.46,1.67,1.15,3,3.46,2,1.73,1.33,1,4,3,3,"short-term",3,4,6
"AADRZTXSE7211",2.17,2.5,3,3,3.46,2,1.73,3,3.46,2,1.73,1,1,4,2,3,"recurrance",3,4,5
"AADRZTXSE7211",2.17,2.5,4,1,0,2,1.73,1.67,1.15,2.33,2.31,-1,-0.67,4,4,3,"recurrance",3,3,5
"A1ABL45KAK12A5",3.25,1.95,1,3.75,3.2,1,0,3.25,2.87,1,0,2.75,2.25,5,3,4,"recurrance",1,7,7
"A1ABL45KAK12A5",3.25,1.95,2,2.5,3,2,2,4.25,3.2,2.25,2.5,0.5,2,5,5,4,"recurrance",1,6,7
"A1ABL45KAK12A5",3.25,1.95,3,1.25,0.5,1,0,1.25,0.5,2,2,0.25,-0.75,5,4,4,"recurrance",1,2,7
"A1ABL45KAK12A5",3.25,1.95,4,5,2.45,3.5,3,2,2,1,0,1.5,1,5,2,4,"long-term",7,7,7
"A1ABL45KAK12A5",3.25,1.95,5,3.75,2.75,2.25,2.5,5.5,2.38,3.5,3,1.5,2,5,1,4,"recurrance",1,7,7
"A2W0G89O7E9EFO",1.75,1.4,1,3,1.41,1,0,1,0,1,0,2,0,5,1,3,"long-term",1,2,6
"A2W0G89O7E9EFO",1.75,1.4,2,1,0,1.5,0.58,1.5,1,1.5,0.58,-0.5,0,5,4,3,"short-term",2,2,4
"A2W0G89O7E9EFO",1.75,1.4,3,1.75,1.5,1.25,0.5,2.75,2.06,1.75,0.96,0.5,1,5,3,3,"long-term",2,4,3
"A2W0G89O7E9EFO",1.75,1.4,4,2,2,1.5,0.58,2.5,1.73,1.5,0.58,0.5,1,5,2,3,"long-term",1,6,4
"A2W0G89O7E9EFO",1.75,1.4,5,1,0,1.75,0.96,1,0,1.25,0.5,-0.75,-0.25,5,5,3,"long-term",1,2,2
"A38DHLB88V8DL8",3.75,1.08,1,4.67,3.21,1,0,4.67,3.21,1,0,3.67,3.67,4,2,4,"recurrance",1,4,NA
"A38DHLB88V8DL8",3.75,1.08,2,5,2.65,1,0,4.67,3.21,1,0,4,3.67,4,1,4,"short-term",2,5,5
"A38DHLB88V8DL8",3.75,1.08,3,1,0,1,0,1.33,0.58,1.33,0.58,0,0,4,3,4,"short-term",3,6,5
"A38DHLB88V8DL8",3.75,1.08,4,4.33,2.89,1.33,0.58,4.33,2.89,1,0,3,3.33,4,4,4,"recurrance",1,6,6
"A1WJYF201K77BI",1.8,1.5,1,1,0,1,0,1,0,1,0,0,0,5,1,5,"recurrance",4,1,5
"A1WJYF201K77BI",1.8,1.5,2,2.75,2.06,2,2,1.25,0.5,1.75,1.5,0.75,-0.5,5,3,5,"recurrance",2,4,5
"A1WJYF201K77BI",1.8,1.5,3,2,2,1,0,3,1.83,1.75,1.5,1,1.25,5,4,5,"recurrance",2,1,2
"A1WJYF201K77BI",1.8,1.5,4,1.25,0.5,1.75,1.5,2.75,2.06,1,0,-0.5,1.75,5,5,5,"recurrance",2,4,2
"A1WJYF201K77BI",1.8,1.5,5,2,1.41,1.75,1.5,1,0,2,2,0.25,-1,5,2,5,"recurrance",4,5,4
"AF0W4ZBY7VXOU",6,2,1,7,0,1,0,4,4.24,4,4.24,6,0,3,1,3,"recurrance",5,7,7
"AF0W4ZBY7VXOU",6,2,2,4,4.24,4,4.24,7,0,1,0,0,6,3,2,3,"short-term",1,7,7
"AF0W4ZBY7VXOU",6,2,3,7,0,1,0,7,0,1,0,6,6,3,3,3,"recurrance",1,7,7
"A2H6Q22X1V1FTX",1.33,2,1,1,0,1,0,1,0,1,0,0,0,3,2,3,"short-term",1,2,6
"A2H6Q22X1V1FTX",1.33,2,2,1.5,0.71,2.5,2.12,1.5,0.71,2.5,2.12,-1,-1,3,1,3,"long-term",5,7,6
"A2H6Q22X1V1FTX",1.33,2,3,1.5,0.71,2.5,2.12,1.5,0.71,2.5,2.12,-1,-1,3,3,3,"short-term",2,3,1
"ANZNAAS2K0DSY",1.5,1,1,1,0,1,0,2.5,2.12,1,0,0,1.5,3,1,2,"short-term",1,5,7
"ANZNAAS2K0DSY",1.5,1,2,2.5,2.12,1,0,1,0,1,0,1.5,0,3,2,2,"short-term",1,1,4
"ANZNAAS2K0DSY",1.5,1,3,1,0,1,0,1,0,1,0,0,0,3,3,2,"short-term",1,1,1
"A2WZ8ZEB00LYF7",5,4,1,5,NA,4,NA,5,NA,4,NA,1,1,2,2,2,"long-term",4,6,4
"A2WZ8ZEB00LYF7",5,4,2,5,NA,4,NA,5,NA,4,NA,1,1,2,1,2,"short-term",4,6,7
"A321WQIFK10UV3",5.5,1.33,1,5.5,2.12,1.5,0.71,6,1.41,1,0,4,5,3,2,3,"long-term",1,4,7
"A321WQIFK10UV3",5.5,1.33,2,5,0,1.5,0.71,4.5,0.71,1,0,3.5,3.5,3,1,3,"recurrance",1,7,7
"A321WQIFK10UV3",5.5,1.33,3,6,1.41,1,0,6,1.41,2,0,5,4,3,3,3,"short-term",1,7,7
"A18JNQE5GZQIX5",3.33,1,1,3,2.83,1,0,5,2.83,1,0,2,4,3,1,3,"recurrance",1,4,5
"A18JNQE5GZQIX5",3.33,1,2,3,0,1,0,1,0,1,0,2,0,3,2,3,"recurrance",2,3,2
"A18JNQE5GZQIX5",3.33,1,3,4,4.24,1,0,4,1.41,1,0,3,3,3,3,3,"long-term",2,5,5
"AXF0OX50YZQC6",4.6,1,1,5.5,3,1,0,5.5,3,1,0,4.5,4.5,5,4,6,"recurrance",1,7,7
"AXF0OX50YZQC6",4.6,1,2,5.5,3,1,0,5.5,3,1,0,4.5,4.5,5,1,6,"short-term",1,7,7
"AXF0OX50YZQC6",4.6,1,3,5.5,3,1,0,5.5,3,1,0,4.5,4.5,5,2,6,"long-term",1,7,7
"AXF0OX50YZQC6",4.6,1,4,1,0,1,0,1,0,1,0,0,0,5,5,6,"long-term",1,5,7
"AXF0OX50YZQC6",4.6,1,5,5.5,3,1,0,5.5,3,1,0,4.5,4.5,5,3,6,"recurrance",1,7,7
"A2VGEE0ZIZ8CBQ",2.17,2.17,1,2,0,1.5,0.71,3,1.41,2,1.41,0.5,1,3,2,3,"recurrance",2,4,5
"A2VGEE0ZIZ8CBQ",2.17,2.17,2,1.5,0.71,3,0,2,0,2.5,0.71,-1.5,-0.5,3,3,3,"recurrance",3,2,4
"A2VGEE0ZIZ8CBQ",2.17,2.17,3,3,1.41,2,1.41,1.5,0.71,2,1.41,1,-0.5,3,1,3,"recurrance",2,4,6
"ADYMIMV1PE14V",4.33,1.5,1,6.5,0.71,1,0,4,4.24,1,0,5.5,3,3,1,2,"long-term",1,4,7
"ADYMIMV1PE14V",4.33,1.5,2,5.5,2.12,1.5,0.71,4,4.24,2,1.41,4,2,3,2,2,"recurrance",1,6,7
"ADYMIMV1PE14V",4.33,1.5,3,1,0,2,1.41,5,1.41,1.5,0.71,-1,3.5,3,3,2,"short-term",1,4,4
"A1RWNYJA5X25YH",4.25,1.55,1,5,2.45,1,0,5.25,1.26,1,0,4,4.25,5,4,5,"recurrance",1,4,4
"A1RWNYJA5X25YH",4.25,1.55,2,4.5,2.52,2,2,5,2.83,1.25,0.5,2.5,3.75,5,3,5,"long-term",2,5,2
"A1RWNYJA5X25YH",4.25,1.55,3,2.75,2.06,2,1.41,1.75,1.5,2.75,2.06,0.75,-1,5,1,5,"recurrance",2,4,7
"A1RWNYJA5X25YH",4.25,1.55,4,5.5,3,1,0,5.5,1.73,1,0,4.5,4.5,5,5,5,"short-term",1,4,5
"A1RWNYJA5X25YH",4.25,1.55,5,3.5,1.73,1.75,1.5,3.75,2.75,1.75,1.5,1.75,2,5,2,5,"recurrance",1,4,7
"A3UUH3632AI3ZX",NA,NA,1,NA,NA,NA,NA,NA,NA,NA,NA,NA,NA,NA,NA,1,"short-term",1,4,7
"A34VLM2UC0JY11",7,1,1,7,NA,1,NA,7,NA,1,NA,6,6,2,1,2,"short-term",1,7,7
"A34VLM2UC0JY11",7,1,2,7,NA,1,NA,7,NA,1,NA,6,6,2,2,2,"long-term",1,7,7
"ASY5W2HJPIPF4",1,1,1,1,NA,1,NA,1,NA,1,NA,0,0,2,1,3,"short-term",1,2,1
"ASY5W2HJPIPF4",1,1,2,1,NA,1,NA,1,NA,1,NA,0,0,2,2,3,"short-term",1,3,2
"A2SFFO79KSG5VA",1.45,1,1,2.25,2.5,1,0,2,2,1,0,1.25,1,5,2,5,"short-term",1,4,3
"A2SFFO79KSG5VA",1.45,1,2,1,0,1,0,1,0,1,0,0,0,5,5,5,"recurrance",1,3,3
"A2SFFO79KSG5VA",1.45,1,3,1,0,1,0,1,0,1,0,0,0,5,3,5,"recurrance",1,6,5
"A2SFFO79KSG5VA",1.45,1,4,2,2,1,0,2.25,2.5,1,0,1,1.25,5,4,5,"recurrance",1,4,4
"A2SFFO79KSG5VA",1.45,1,5,1,0,1,0,1,0,1,0,0,0,5,1,5,"long-term",2,3,4
"A1T83SZBP2DN65",5,2,1,6,NA,2,NA,4,NA,2,NA,4,2,2,1,2,"short-term",1,2,3
"A1T83SZBP2DN65",5,2,2,4,NA,2,NA,6,NA,2,NA,2,4,2,2,2,"long-term",3,4,5
"AVKMFV9CZ0MLR",7,1,1,7,0,1,0,7,0,1,0,6,6,5,1,5,"recurrance",1,7,7
"AVKMFV9CZ0MLR",7,1,2,7,0,1,0,7,0,1,0,6,6,5,2,5,"recurrance",1,7,7
"AVKMFV9CZ0MLR",7,1,3,7,0,1,0,7,0,1,0,6,6,5,4,5,"recurrance",7,7,7
"AVKMFV9CZ0MLR",7,1,4,7,0,1,0,7,0,1,0,6,6,5,3,5,"recurrance",1,7,7
"AVKMFV9CZ0MLR",7,1,5,7,0,1,0,7,0,1,0,6,6,5,5,5,"recurrance",1,7,7
"A3OAXRZT3MVJML",1.5,1.17,1,1.5,0.71,1,0,1,0,1.5,0.71,0.5,-0.5,3,1,2,"long-term",1,4,6
"A3OAXRZT3MVJML",1.5,1.17,2,2,1.41,1.5,0.71,1.5,0.71,1,0,0.5,0.5,3,3,2,"short-term",1,4,3
"A3OAXRZT3MVJML",1.5,1.17,3,1,0,1,0,2,1.41,1,0,0,1,3,2,2,"long-term",1,1,5
"A5E2P5F1AXYZ1",2.85,1.35,1,3,1.63,1.25,0.5,2.75,2.06,1.5,0.58,1.75,1.25,5,1,5,"recurrance",3,4,4
"A5E2P5F1AXYZ1",2.85,1.35,2,2.5,3,1,0,3.5,2.52,1,0,1.5,2.5,5,2,5,"recurrance",3,5,4
"A5E2P5F1AXYZ1",2.85,1.35,3,4.25,0.96,1.5,0.58,1.75,0.96,1.75,1.5,2.75,0,5,4,5,"long-term",3,3,4
"A5E2P5F1AXYZ1",2.85,1.35,4,2,1.41,2,1.41,3,2.31,1.5,0.58,0,1.5,5,5,5,"long-term",3,3,3
"A5E2P5F1AXYZ1",2.85,1.35,5,2.5,3,1,0,3.25,2.87,1,0,1.5,2.25,5,3,5,"recurrance",2,4,4
"A3GZXU4FUJTKZD",1.85,2.1,1,1,0,3.5,2.38,2,2,1.75,0.96,-2.5,0.25,5,1,40,"short-term",7,4,2
"A3GZXU4FUJTKZD",1.85,2.1,2,1,0,2.25,1.26,2.5,3,2.5,1.73,-1.25,0,5,2,40,"short-term",5,3,2
"A3GZXU4FUJTKZD",1.85,2.1,3,5.25,1.71,1,0,1,0,1.25,0.5,4.25,-0.25,5,3,40,"long-term",1,6,5
"A3GZXU4FUJTKZD",1.85,2.1,4,1,0,2,0.82,2.25,2.5,3.25,2.22,-1,-1,5,4,40,"short-term",2,4,6
"A3GZXU4FUJTKZD",1.85,2.1,5,1,0,1.75,0.5,1.5,1,1.75,0.5,-0.75,-0.25,5,5,40,"short-term",1,4,5
"A13O22EMG5ZVN0",4.5,4,1,4,0,4.5,0.71,5.5,2.12,4,4.24,-0.5,1.5,3,3,5,"recurrance",4,4,5
"A13O22EMG5ZVN0",4.5,4,2,4,0,2,1.41,4,0,4,0,2,0,3,1,5,"recurrance",4,4,4
"A13O22EMG5ZVN0",4.5,4,3,5.5,2.12,5.5,2.12,4,0,4,1.41,0,0,3,2,5,"recurrance",4,4,4
"A207IHY6GERCFO",4,2.67,1,4,1.41,3,0,3,0,3.5,2.12,1,-0.5,3,1,3,"recurrance",2,6,7
"A207IHY6GERCFO",4,2.67,2,3,0,3.5,2.12,6,1.41,2,1.41,-0.5,4,3,2,3,"short-term",4,4,6
"A207IHY6GERCFO",4,2.67,3,5,2.83,1.5,0.71,3,0,2.5,0.71,3.5,0.5,3,3,3,"recurrance",3,4,5
"A225BMTMXUR5F4",1.35,1.85,1,2.25,2.5,1,0,1,0,1,0,1.25,0,5,1,7,"short-term",2,7,7
"A225BMTMXUR5F4",1.35,1.85,2,1,0,1.5,1,2.5,2.38,2.75,1.71,-0.5,-0.25,5,2,7,"recurrance",5,7,7
"A225BMTMXUR5F4",1.35,1.85,3,1.25,0.5,2.5,1.73,1.25,0.5,1,0,-1.25,0.25,5,3,7,"long-term",4,5,7
"A225BMTMXUR5F4",1.35,1.85,4,1,0,2.25,1.89,1,0,3,1.63,-1.25,-2,5,4,7,"recurrance",5,5,3
"A225BMTMXUR5F4",1.35,1.85,5,1.25,0.5,2,1.15,1,0,1.5,0.58,-0.75,-0.5,5,5,7,"recurrance",5,5,3
"A1IBLFQ2E6VA2J",3.2,1.85,1,1.5,0.58,2.25,1.89,3,2.71,2,1.41,-0.75,1,5,3,10,"short-term",2,1,5
"A1IBLFQ2E6VA2J",3.2,1.85,2,3.25,2.63,2,0.82,3.5,2.38,1.25,0.5,1.25,2.25,5,4,10,"recurrance",3,7,7
"A1IBLFQ2E6VA2J",3.2,1.85,3,2.25,1.26,1.75,1.5,2,2,1.5,0.58,0.5,0.5,5,5,10,"short-term",7,7,7
"A1IBLFQ2E6VA2J",3.2,1.85,4,6.5,1,1,0,4,2.45,1.25,0.5,5.5,2.75,5,1,10,"recurrance",1,7,7
"A1IBLFQ2E6VA2J",3.2,1.85,5,2.5,1.29,2.25,1.26,3.5,2.38,3.25,1.71,0.25,0.25,5,2,10,"long-term",7,7,7
"AIHHRINW9IN1I",2.17,1,1,2.5,0.71,1,0,3,0,1,0,1.5,2,3,2,3,"short-term",1,1,3
"AIHHRINW9IN1I",2.17,1,2,2,1.41,1,0,2,1.41,1,0,1,1,3,1,3,"short-term",1,1,1
"AIHHRINW9IN1I",2.17,1,3,2,1.41,1,0,1.5,0.71,1,0,1,0.5,3,3,3,"short-term",1,3,6
"A1Z2ZGPJRGG0G3",1,3.67,1,1,0,5.5,2.12,1,0,4.5,2.12,-4.5,-3.5,3,1,3,"recurrance",1,7,6
"A1Z2ZGPJRGG0G3",1,3.67,2,1,0,3.5,3.54,1,0,4,4.24,-2.5,-3,3,3,3,"recurrance",4,3,1
"A1Z2ZGPJRGG0G3",1,3.67,3,1,0,2,1.41,1,0,2.5,2.12,-1,-1.5,3,2,3,"short-term",2,2,1
"AU34T9OMHN4Z4",2,1,1,1,0,1,0,1,0,1,0,0,0,3,1,6,"recurrance",1,1,5
"AU34T9OMHN4Z4",2,1,2,4,4.24,1,0,1,0,1,0,3,0,3,2,6,"recurrance",1,7,7
"AU34T9OMHN4Z4",2,1,3,1,0,1,0,4,4.24,1,0,0,3,3,3,6,"long-term",1,7,7
"A11ILN5YSUDVG8",6,2,1,5.5,0.71,2,0,6,0,2,0,3.5,4,3,1,3,"recurrance",2,5,6
"A11ILN5YSUDVG8",6,2,2,6.5,0.71,2,0,5.5,0.71,2,0,4.5,3.5,3,3,3,"recurrance",2,6,6
"A11ILN5YSUDVG8",6,2,3,6,0,2,0,6.5,0.71,2,0,4,4.5,3,2,3,"long-term",1,6,6
"A2GTBBZA2M82NR",2.58,1.5,1,2.33,2.31,1.33,0.58,1.67,1.15,1.67,0.58,1,0,4,4,4,"recurrance",1,2,5
"A2GTBBZA2M82NR",2.58,1.5,2,2.67,2.89,2.33,1.53,3,1.73,1,0,0.33,2,4,1,4,"short-term",1,4,7
"A2GTBBZA2M82NR",2.58,1.5,3,2,1,1.33,0.58,2.33,2.31,2.33,1.53,0.67,0,4,3,4,"recurrance",2,1,2
"A2GTBBZA2M82NR",2.58,1.5,4,3.33,1.53,1,0,3.33,2.52,1,0,2.33,2.33,4,2,4,"recurrance",1,3,4
"AMTTB8JUWRRM7",1,1,1,1,NA,1,NA,1,NA,1,NA,0,0,2,1,2,"long-term",1,1,4
"AMTTB8JUWRRM7",1,1,2,1,NA,1,NA,1,NA,1,NA,0,0,2,2,2,"recurrance",1,1,1
"AQAXDL1INQC9Q",2.17,2.67,1,1,0,2.5,0.71,3,1.41,2.5,0.71,-1.5,0.5,3,3,3,"recurrance",3,1,2
"AQAXDL1INQC9Q",2.17,2.67,2,3.5,0.71,2.5,0.71,1.5,0.71,3.5,0.71,1,-2,3,1,3,"recurrance",4,1,6
"AQAXDL1INQC9Q",2.17,2.67,3,2,0,3,1.41,2,1.41,2,0,-1,0,3,2,3,"recurrance",4,1,2
"AAHZCL4LIPCBQ",7,1,1,7,0,1,0,7,NA,1,0,6,6,3,2,3,"long-term",1,7,7
"AAHZCL4LIPCBQ",7,1,2,7,0,1,0,7,0,1,0,6,6,3,1,3,"recurrance",1,7,7
"AAHZCL4LIPCBQ",7,1,3,7,NA,1,0,7,0,1,0,6,6,3,3,3,"recurrance",1,7,7
"A2BEBDMQ7SI4IY",6.1,5.75,1,6.25,0.96,5.5,1,6.75,0.5,5.75,0.96,0.75,1,5,5,1,"short-term",7,5,7
"A2BEBDMQ7SI4IY",6.1,5.75,2,6.5,1,5,0.82,5.5,0.58,6.25,0.96,1.5,-0.75,5,3,1,"short-term",6,6,7
"A2BEBDMQ7SI4IY",6.1,5.75,3,6,0.82,5.75,0.96,6.25,0.96,5,0.82,0.25,1.25,5,4,1,"recurrance",6,5,4
"A2BEBDMQ7SI4IY",6.1,5.75,4,6.25,0.96,6.25,1.5,6,1.15,6,0.82,0,0,5,1,1,"long-term",7,6,6
"A2BEBDMQ7SI4IY",6.1,5.75,5,5.5,1,6.25,0.5,6,1.15,5.75,1.5,-0.75,0.25,5,2,1,"short-term",5,5,7
"A1RQUOVV8PCXBM",5.65,1.5,1,6,0.82,1.75,0.5,6,0.82,1.75,0.5,4.25,4.25,5,3,5,"long-term",3,5,6
"A1RQUOVV8PCXBM",5.65,1.5,2,5.5,2.38,1.25,0.5,5.5,2.38,1.25,0.5,4.25,4.25,5,2,5,"recurrance",3,4,6
"A1RQUOVV8PCXBM",5.65,1.5,3,4.75,1.89,2,0.82,3.75,2.06,1.25,0.5,2.75,2.5,5,5,5,"short-term",2,5,6
"A1RQUOVV8PCXBM",5.65,1.5,4,5.25,2.36,1.25,0.5,6.25,0.96,1.5,0.58,4,4.75,5,4,5,"recurrance",3,6,6
"A1RQUOVV8PCXBM",5.65,1.5,5,6.75,0.5,1.25,0.5,6.75,0.5,1.75,0.96,5.5,5,5,1,5,"recurrance",1,6,7
"A1LS7GARU7CD08",1.17,1.67,1,1.5,0.71,2,0,1,0,2,0,-0.5,-1,3,2,4,"recurrance",3,2,4
"A1LS7GARU7CD08",1.17,1.67,2,1,0,1.5,0.71,1,0,1.5,0.71,-0.5,-0.5,3,1,4,"recurrance",2,1,6
"A1LS7GARU7CD08",1.17,1.67,3,1,0,1.5,0.71,1.5,0.71,1.5,0.71,-0.5,0,3,3,4,"long-term",2,3,4
"A2FP41BSPG0Y4A",1.65,1.75,1,3,2.45,1.75,1.5,2,2,2.25,1.5,1.25,-0.25,5,1,4,"recurrance",3,3,7
"A2FP41BSPG0Y4A",1.65,1.75,2,1,0,1,0,1.25,0.5,1.25,0.5,0,0,5,3,4,"recurrance",7,5,4
"A2FP41BSPG0Y4A",1.65,1.75,3,2.25,1.89,2.75,2.06,1.75,1.5,2.25,1.5,-0.5,-0.5,5,2,4,"long-term",4,4,7
"A2FP41BSPG0Y4A",1.65,1.75,4,1,0,1,0,1,0,1,0,0,0,5,4,4,"recurrance",1,1,2
"A2FP41BSPG0Y4A",1.65,1.75,5,1,0,2.25,0.96,2.25,2.5,2,2,-1.25,0.25,5,5,4,"short-term",4,1,2
"AS6FM754MF2B2",1.83,1.92,1,2.67,2.89,1,0,2.67,2.89,1,0,1.67,1.67,4,3,3,"recurrance",5,7,4
"AS6FM754MF2B2",1.83,1.92,2,2.67,2.89,1,0,2.67,2.89,1,0,1.67,1.67,4,1,3,"recurrance",1,7,6
"AS6FM754MF2B2",1.83,1.92,3,1,0,3,3.46,1,0,2.67,2.89,-2,-1.67,4,2,3,"long-term",5,5,7
"AS6FM754MF2B2",1.83,1.92,4,1,0,2.67,2.89,1,0,3,3.46,-1.67,-2,4,4,3,"short-term",5,2,4
"A10LHWALI4BZPC",1.5,1.33,1,1.33,0.58,1,0,1.67,1.15,1.33,0.58,0.33,0.33,4,2,10,"recurrance",1,3,5
"A10LHWALI4BZPC",1.5,1.33,2,2.67,1.53,1.33,0.58,1,0,1.33,0.58,1.33,-0.33,4,3,10,"short-term",1,2,2
"A10LHWALI4BZPC",1.5,1.33,3,1,0,2,0,2.33,1.53,1.33,0.58,-1,1,4,4,10,"long-term",1,1,4
"A10LHWALI4BZPC",1.5,1.33,4,1,0,1,0,1,0,1.33,0.58,0,-0.33,4,1,10,"recurrance",1,2,7
"A3989GRV3UV5VW",1.5,1.5,1,1,0,2,1.41,2.5,2.12,1.5,0.71,-1,1,3,1,3,"recurrance",3,4,6
"A3989GRV3UV5VW",1.5,1.5,2,2.5,2.12,1.5,0.71,1,0,2,1.41,1,-1,3,2,3,"long-term",3,6,6
"A3989GRV3UV5VW",1.5,1.5,3,1,0,1,0,1,0,1,0,0,0,3,3,3,"long-term",1,2,3
"A1BG47GSHQ9WSU",2,2,1,2,NA,2,NA,2,NA,2,NA,0,0,2,1,2,"short-term",3,2,5
"A1BG47GSHQ9WSU",2,2,2,2,NA,2,NA,2,NA,2,NA,0,0,2,2,2,"recurrance",3,2,2
"A350SLJRMBIFM4",1.83,1.67,1,1.33,0.58,1,0,1.33,0.58,1,0,0.33,0.33,4,4,4,"long-term",1,1,1
"A350SLJRMBIFM4",1.83,1.67,2,2.67,2.08,1.67,1.15,2,1.73,2,1.73,1,0,4,3,4,"long-term",1,4,4
"A350SLJRMBIFM4",1.83,1.67,3,2.33,1.53,1.33,0.58,2.67,2.08,1.67,1.15,1,1,4,2,4,"short-term",1,3,5
"A350SLJRMBIFM4",1.83,1.67,4,1,0,2.67,1.53,1.33,0.58,2,1,-1.67,-0.67,4,1,4,"recurrance",6,2,1
"A1BIJGB7XA0GME",1,1,1,1,0,1,0,1,0,1,0,0,0,3,1,3,"short-term",2,1,1
"A1BIJGB7XA0GME",1,1,2,1,0,1,0,1,0,1,0,0,0,3,2,3,"short-term",1,1,1
"A1BIJGB7XA0GME",1,1,3,1,0,1,0,1,0,1,0,0,0,3,3,3,"long-term",1,1,1
"A5A14MTB35J23",1,1.35,1,1,0,1,0,1,0,1,0,0,0,5,3,6,"recurrance",2,5,5
"A5A14MTB35J23",1,1.35,2,1,0,1,0,1,0,1.25,0.5,0,-0.25,5,5,6,"recurrance",1,NA,4
"A5A14MTB35J23",1,1.35,3,1,0,1.5,1,1,0,1.5,1,-0.5,-0.5,5,4,6,"short-term",1,1,1
"A5A14MTB35J23",1,1.35,4,1,0,1.5,0.58,1,0,1.25,0.5,-0.5,-0.25,5,2,6,"recurrance",NA,1,1
"A5A14MTB35J23",1,1.35,5,1,0,1.75,0.96,1,0,1.75,0.96,-0.75,-0.75,5,1,6,"long-term",1,1,3
"A3EXD5E390Z6B3",2,6,1,2.5,2.12,5.5,2.12,2.5,2.12,5.5,2.12,-3,-3,3,1,3,"recurrance",5,2,5
"A3EXD5E390Z6B3",2,6,2,2.5,2.12,5.5,2.12,2.5,2.12,5.5,2.12,-3,-3,3,3,3,"recurrance",4,3,4
"A3EXD5E390Z6B3",2,6,3,1,0,7,0,1,0,7,0,-6,-6,3,2,3,"short-term",7,2,2
"A2SKOPFTRTNFUY",3,1,1,3,3.46,1,0,3,3.46,1,0,2,2,4,1,3,"short-term",1,4,6
"A2SKOPFTRTNFUY",3,1,2,3,3.46,1,0,3,3.46,1,0,2,2,4,4,3,"recurrance",1,4,4
"A2SKOPFTRTNFUY",3,1,3,3,3.46,1,0,3,3.46,1,0,2,2,4,3,3,"recurrance",1,4,4
"A2SKOPFTRTNFUY",3,1,4,3,3.46,1,0,3,3.46,1,0,2,2,4,2,3,"recurrance",1,6,7
"A1U8LTCX5XYJ45",1,1,1,1,0,1,0,1,0,1,0,0,0,3,2,3,"long-term",1,1,7
"A1U8LTCX5XYJ45",1,1,2,1,0,1,0,1,0,1,0,0,0,3,1,3,"long-term",1,4,7
"A1U8LTCX5XYJ45",1,1,3,1,0,1,0,1,0,1,0,0,0,3,3,3,"long-term",1,4,7
"A1W7I6FN183I8F",2.75,2.05,1,2.5,2.38,1.75,1.5,2.75,1.5,2.25,0.96,0.75,0.5,5,2,7,"recurrance",2,4,6
"A1W7I6FN183I8F",2.75,2.05,2,2.5,1.73,1.75,0.5,3.5,1.91,1.5,0.58,0.75,2,5,3,7,"recurrance",2,3,6
"A1W7I6FN183I8F",2.75,2.05,3,3,1.83,1.75,0.96,3.5,1.91,2.5,1.29,1.25,1,5,4,7,"short-term",3,2,4
"A1W7I6FN183I8F",2.75,2.05,4,3.25,1.5,2.5,1.29,1.25,0.5,2.5,1.29,0.75,-1.25,5,1,7,"recurrance",5,2,4
"A1W7I6FN183I8F",2.75,2.05,5,2.5,1.29,2.5,0.58,2.75,1.5,1.5,0.58,0,1.25,5,5,7,"recurrance",1,1,4
"A1SL72YBUW8Q8K",3.83,1.5,1,4.33,3.06,1,0,4,3,3,3.46,3.33,1,4,1,4,"recurrance",1,4,7
"A1SL72YBUW8Q8K",3.83,1.5,2,6,1.73,3,3.46,5,3.46,1,0,3,4,4,2,4,"recurrance",1,5,7
"A1SL72YBUW8Q8K",3.83,1.5,3,4,3,1,0,4.33,3.06,1,0,3,3.33,4,3,4,"short-term",1,1,1
"A1SL72YBUW8Q8K",3.83,1.5,4,1,0,1,0,2,1.73,1,0,0,1,4,4,4,"recurrance",1,1,1
"A1ZT0TLZZTT47M",2.15,2.85,1,2.25,1.5,2,2,2.25,2.5,2.75,1.5,0.25,-0.5,5,1,6,"recurrance",2,3,5
"A1ZT0TLZZTT47M",2.15,2.85,2,4.25,2.63,3.5,2.38,2.75,2.36,3.75,1.26,0.75,-1,5,3,6,"recurrance",4,5,4
"A1ZT0TLZZTT47M",2.15,2.85,3,2.25,2.5,1.25,0.5,3.25,2.87,1.75,0.96,1,1.5,5,2,6,"short-term",4,5,2
"A1ZT0TLZZTT47M",2.15,2.85,4,1,0,3.75,1.26,1.25,0.5,3,2.45,-2.75,-1.75,5,5,6,"recurrance",4,1,2
"A1ZT0TLZZTT47M",2.15,2.85,5,1,0,3.75,0.5,1.25,0.5,3,2.31,-2.75,-1.75,5,4,6,"recurrance",4,2,5
"A1561P9VVA3C1C",1.83,1.83,1,2.5,2.12,1,0,2,1.41,1,0,1.5,1,3,1,3,"recurrance",1,3,4
"A1561P9VVA3C1C",1.83,1.83,2,2,1.41,2,1.41,2.5,2.12,2.5,2.12,0,0,3,2,3,"short-term",1,2,1
"A1561P9VVA3C1C",1.83,1.83,3,1,0,2.5,2.12,1,0,2,1.41,-1.5,-1,3,3,3,"long-term",2,3,6
"A2PE32I58ANCDD",5,1,1,5,NA,1,NA,5,NA,1,NA,4,4,2,1,2,"recurrance",2,2,3
"A2PE32I58ANCDD",5,1,2,5,NA,1,NA,5,NA,1,NA,4,4,2,2,2,"recurrance",2,1,5
"APY7YO8CH0ZDP",4.17,2.17,1,5.5,2.12,2.5,2.12,5.5,2.12,2,1.41,3,3.5,3,2,3,"recurrance",1,6,6
"APY7YO8CH0ZDP",4.17,2.17,2,4,4.24,1,0,4.5,3.54,2,1.41,3,2.5,3,1,3,"recurrance",1,7,4
"APY7YO8CH0ZDP",4.17,2.17,3,3,1.41,3,0,2.5,2.12,2.5,2.12,0,0,3,3,3,"recurrance",2,4,3
"A1OR82RF1ZFWP",4.83,2.33,1,6,0,1,0,6,0,1,0,5,5,3,1,3,"recurrance",1,2,5
"A1OR82RF1ZFWP",4.83,2.33,2,4.5,2.12,3,2.83,4,2.83,3,2.83,1.5,1,3,3,3,"short-term",1,2,1
"A1OR82RF1ZFWP",4.83,2.33,3,4,2.83,3,2.83,4.5,2.12,3,2.83,1,1.5,3,2,3,"recurrance",2,2,4
"A2TLN8489YGY81",NA,NA,1,NA,NA,NA,NA,NA,NA,NA,NA,NA,NA,NA,NA,1,"recurrance",4,4,7
"A3M81P9BEVE1GD",5.85,5.6,1,5.75,1.5,6,0.82,5.5,0.58,5.75,0.96,-0.25,-0.25,5,2,5,"short-term",6,6,5
"A3M81P9BEVE1GD",5.85,5.6,2,5.75,1.5,5.5,0.58,6.75,0.5,5,0,0.25,1.75,5,4,5,"recurrance",7,4,6
"A3M81P9BEVE1GD",5.85,5.6,3,6.25,0.5,5.5,1,6,1.15,6.25,0.5,0.75,-0.25,5,3,5,"recurrance",5,7,6
"A3M81P9BEVE1GD",5.85,5.6,4,6,0.82,5,0.82,5.25,0.96,5.5,1,1,-0.25,5,5,5,"short-term",5,6,6
"A3M81P9BEVE1GD",5.85,5.6,5,5.5,0.58,6,1.15,5.75,1.26,5.5,1.29,-0.5,0.25,5,1,5,"long-term",7,5,5
"A16Z9FSSF1X74O",3.45,1.8,1,5.5,3,1,0,5.5,3,1,0,4.5,4.5,5,2,5,"recurrance",1,5,7
"A16Z9FSSF1X74O",3.45,1.8,2,4,3.46,1.5,1,4.25,3.2,2.25,2.5,2.5,2,5,3,5,"long-term",1,4,6
"A16Z9FSSF1X74O",3.45,1.8,3,4,3.46,1.75,1.5,4,3.46,2.5,3,2.25,1.5,5,4,5,"short-term",1,4,6
"A16Z9FSSF1X74O",3.45,1.8,4,2.5,3,1,0,2.5,3,1,0,1.5,1.5,5,5,5,"recurrance",1,1,1
"A16Z9FSSF1X74O",3.45,1.8,5,1.25,0.5,3.75,3.2,1,0,2.25,1.5,-2.5,-1.25,5,1,5,"recurrance",6,1,1
"AH00EJ6PK1H3A",1.83,1,1,1,0,1,0,1,0,1,0,0,0,3,1,3,"short-term",1,1,4
"AH00EJ6PK1H3A",1.83,1,2,2.5,2.12,1,0,2,1.41,1,0,1.5,1,3,2,3,"recurrance",1,4,4
"AH00EJ6PK1H3A",1.83,1,3,2,1.41,1,0,2.5,2.12,1,0,1,1.5,3,3,3,"recurrance",1,4,2
"AUQTHU5AOZVQC",4.15,1.35,1,3.75,2.75,1,0,4.25,3.2,1.75,0.96,2.75,2.5,5,4,15,"short-term",2,3,7
"AUQTHU5AOZVQC",4.15,1.35,2,2.75,2.87,1.5,1,3.5,2.38,1.25,0.5,1.25,2.25,5,1,15,"short-term",4,6,7
"AUQTHU5AOZVQC",4.15,1.35,3,6.5,0.58,1.25,0.5,6,1.15,1,0,5.25,5,5,2,15,"short-term",1,7,7
"AUQTHU5AOZVQC",4.15,1.35,4,3.75,2.75,2,0.82,3.25,2.5,1.5,1,1.75,1.75,5,3,15,"short-term",3,7,7
"AUQTHU5AOZVQC",4.15,1.35,5,4,2.45,1,0,3.75,3.2,1.25,0.5,3,2.5,5,5,15,"recurrance",2,6,7
"A169WH54HMYS5Z",1,1,1,1,0,1,0,1,0,1,0,0,0,3,1,3,"recurrance",1,1,7
"A169WH54HMYS5Z",1,1,2,1,0,1,0,1,0,1,0,0,0,3,3,3,"recurrance",4,1,5
"A169WH54HMYS5Z",1,1,3,1,0,1,0,1,0,1,0,0,0,3,2,3,"recurrance",1,1,7
"A248PLZABUKB62",1.65,2.5,1,1,0,3,0,1.5,0.58,2.5,0.58,-2,-1,5,1,5,"short-term",7,5,5
"A248PLZABUKB62",1.65,2.5,2,1,0,3,0,1.5,0.58,2.5,0.58,-2,-1,5,2,5,"short-term",5,5,4
"A248PLZABUKB62",1.65,2.5,3,1,0,3,0,1.25,0.5,2.5,0.58,-2,-1.25,5,3,5,"short-term",5,5,6
"A248PLZABUKB62",1.65,2.5,4,2.5,1.73,1.75,0.5,2,2,2.5,1,0.75,-0.5,5,4,5,"short-term",4,2,3
"A248PLZABUKB62",1.65,2.5,5,2.75,1.5,1.75,0.5,2,2,2.5,1,1,-0.5,5,5,5,"short-term",4,3,3
"A2H92K2776A1IC",2.17,1.33,1,3,3.46,1,0,1,0,1,0,2,0,4,2,4,"short-term",1,4,5
"A2H92K2776A1IC",2.17,1.33,2,1,0,1,0,3,3.46,1,0,0,2,4,3,4,"short-term",2,5,4
"A2H92K2776A1IC",2.17,1.33,3,2.33,2.31,1.67,1.15,2.33,2.31,1.67,1.15,0.67,0.67,4,1,4,"short-term",2,5,6
"A2H92K2776A1IC",2.17,1.33,4,2.33,2.31,1.67,1.15,2.33,2.31,1.67,1.15,0.67,0.67,4,4,4,"short-term",3,5,6
"A1H5Q9HRH4RPZU",3.5,2.67,1,3.5,2.12,2,0,4,2.83,3,1.41,1.5,1,3,1,3,"recurrance",3,5,5
"A1H5Q9HRH4RPZU",3.5,2.67,2,2.5,0.71,3,1.41,2.5,0.71,3,1.41,-0.5,-0.5,3,3,3,"long-term",2,5,7
"A1H5Q9HRH4RPZU",3.5,2.67,3,4.5,2.12,3,1.41,4,1.41,2,0,1.5,2,3,2,3,"short-term",4,4,5
"A3O0ZQMDKOKAMR",5.5,1,1,4,NA,1,NA,7,NA,1,NA,3,6,2,2,2,"recurrance",3,5,6
"A3O0ZQMDKOKAMR",5.5,1,2,7,NA,1,NA,4,NA,1,NA,6,3,2,1,2,"long-term",2,4,7
"A3E76V59BKGKCQ",3.67,1.17,1,4.5,3.54,1.5,0.71,4,4.24,1,0,3,3,3,1,2,"long-term",2,6,7
"A3E76V59BKGKCQ",3.67,1.17,2,5.5,2.12,1,0,4,4.24,1,0,4.5,3,3,2,2,"recurrance",3,7,7
"A3E76V59BKGKCQ",3.67,1.17,3,1,0,1,0,3,1.41,1.5,0.71,0,1.5,3,3,2,"short-term",1,2,4
"A2RMJNF6IPI42F",2.1,1.85,1,3.25,2.63,1,0,2.25,1.5,1.75,1.5,2.25,0.5,5,3,5,"long-term",1,4,3
"A2RMJNF6IPI42F",2.1,1.85,2,1.5,1,1,0,1.25,0.5,1.25,0.5,0.5,0,5,2,5,"long-term",1,4,4
"A2RMJNF6IPI42F",2.1,1.85,3,2,2,1,0,2.75,2.06,2,2,1,0.75,5,5,5,"long-term",3,4,5
"A2RMJNF6IPI42F",2.1,1.85,4,1,0,4,2.16,1,0,2,2,-3,-1,5,4,5,"long-term",3,3,6
"A2RMJNF6IPI42F",2.1,1.85,5,2.75,1.5,2.25,1.89,3.25,2.63,2.25,2.5,0.5,1,5,1,5,"long-term",4,5,6
"ALDQRWYZ8KQ9A",1.5,4.83,1,2,0,5,2.83,1.5,0.71,4.5,0.71,-3,-3,3,1,3,"long-term",3,2,3
"ALDQRWYZ8KQ9A",1.5,4.83,2,1.5,0.71,6,1.41,1.5,0.71,3,0,-4.5,-1.5,3,2,3,"recurrance",5,1,2
"ALDQRWYZ8KQ9A",1.5,4.83,3,1,0,3.5,0.71,1.5,0.71,7,0,-2.5,-5.5,3,3,3,"recurrance",3,2,1
"A2F5QCUTZU7KF7",2,1.83,1,2.5,2.12,1.5,0.71,2.5,2.12,2,1.41,1,0.5,3,1,3,"recurrance",2,3,6
"A2F5QCUTZU7KF7",2,1.83,2,1,0,2.5,0.71,1,0,2,0,-1.5,-1,3,2,3,"long-term",4,5,5
"A2F5QCUTZU7KF7",2,1.83,3,2.5,2.12,1.5,0.71,2.5,2.12,1.5,0.71,1,1,3,3,3,"recurrance",2,4,5
"A2B0FLA55RH047",4.08,1.5,1,5.33,0.58,1.67,0.58,3.33,1.53,2,1.73,3.67,1.33,4,1,4,"long-term",2,4,7
"A2B0FLA55RH047",4.08,1.5,2,3,1,1,0,3.33,1.53,1.67,0.58,2,1.67,4,4,4,"recurrance",2,4,5
"A2B0FLA55RH047",4.08,1.5,3,4.33,2.31,2.33,1.53,4,1,1,0,2,3,4,3,4,"short-term",2,7,7
"A2B0FLA55RH047",4.08,1.5,4,3.67,1.53,1,0,5.67,1.53,1.33,0.58,2.67,4.33,4,2,4,"recurrance",2,4,6
"A2O2Q0LVWOWJ1G",2.42,1.5,1,3,3.46,1,0,2.33,2.31,1,0,2,1.33,4,1,4,"long-term",1,1,4
"A2O2Q0LVWOWJ1G",2.42,1.5,2,2,1.73,2,1,2.33,2.31,2,1.73,0,0.33,4,2,4,"short-term",1,4,6
"A2O2Q0LVWOWJ1G",2.42,1.5,3,2.33,2.31,2,1.73,2,1.73,1.33,0.58,0.33,0.67,4,3,4,"short-term",3,2,5
"A2O2Q0LVWOWJ1G",2.42,1.5,4,2.33,2.31,1,0,3,3.46,1.67,1.15,1.33,1.33,4,4,4,"short-term",1,1,1
"A160L76BFKQQ1Q",5,3.67,1,5.5,2.12,2.5,2.12,5,2.83,5.5,0.71,3,-0.5,3,2,3,"recurrance",4,6,7
"A160L76BFKQQ1Q",5,3.67,2,2.5,0.71,5.5,0.71,7,0,1,0,-3,6,3,3,3,"short-term",2,3,3
"A160L76BFKQQ1Q",5,3.67,3,7,0,3,2.83,3,1.41,4.5,0.71,4,-1.5,3,1,3,"recurrance",6,6,7
"AJQ71YIGY01HZ",1,1,1,1,NA,1,NA,1,NA,1,NA,0,0,2,2,2,"long-term",1,1,6
"AJQ71YIGY01HZ",1,1,2,1,NA,1,NA,1,NA,1,NA,0,0,2,1,2,"long-term",1,3,7
"A2YVAWO75X8R78",3.6,1.3,1,4.25,2.75,1.25,0.5,4.75,2.87,1.5,1,3,3.25,5,1,8,"long-term",1,4,4
"A2YVAWO75X8R78",3.6,1.3,2,5.25,2.87,1,0,3.75,3.2,1,0,4.25,2.75,5,4,8,"recurrance",1,5,6
"A2YVAWO75X8R78",3.6,1.3,3,2.75,2.06,2,1.15,3.5,2.08,1.5,0.58,0.75,2,5,2,8,"recurrance",2,2,6
"A2YVAWO75X8R78",3.6,1.3,4,4.75,2.87,1.25,0.5,5,2.83,1.5,1,3.5,3.5,5,3,8,"recurrance",1,5,6
"A2YVAWO75X8R78",3.6,1.3,5,1,0,1,0,1,0,1,0,0,0,5,5,8,"recurrance",1,1,1
"A2HJYX70UQW9XR",2.2,1.5,1,3.5,2.89,1.75,0.5,3.75,3.2,1.75,0.5,1.75,2,5,1,4,"short-term",2,2,4
"A2HJYX70UQW9XR",2.2,1.5,2,2.5,3,1.25,0.5,2.5,2.38,1.25,0.5,1.25,1.25,5,3,4,"recurrance",1,5,4
"A2HJYX70UQW9XR",2.2,1.5,3,1.25,0.5,1.75,0.5,1,0,1.5,0.58,-0.5,-0.5,5,2,4,"long-term",2,2,3
"A2HJYX70UQW9XR",2.2,1.5,4,2.25,2.5,1.25,0.5,2.75,2.22,1.75,0.5,1,1,5,4,4,"recurrance",1,4,4
"A2HJYX70UQW9XR",2.2,1.5,5,1.5,0.58,1.5,0.58,1,0,1.25,0.5,0,-0.25,5,5,4,"recurrance",3,2,4
"AY5QPUSEADPBG",4,5,1,4,NA,5,NA,4,NA,5,NA,-1,-1,2,1,2,"short-term",4,4,4
"AY5QPUSEADPBG",4,5,2,4,NA,5,NA,4,NA,5,NA,-1,-1,2,2,2,"recurrance",5,4,4
"A1QT7BQZVOBSY0",1,1.33,1,1,0,1.33,0.58,1,0,1.33,0.58,-0.33,-0.33,4,2,4,"recurrance",1,1,5
"A1QT7BQZVOBSY0",1,1.33,2,1,0,2,0,1,0,1.33,0.58,-1,-0.33,4,3,4,"short-term",3,NA,4
"A1QT7BQZVOBSY0",1,1.33,3,1,0,1,0,1,0,1.33,0.58,0,-0.33,4,4,4,"recurrance",1,5,4
"A1QT7BQZVOBSY0",1,1.33,4,1,0,1,0,1,0,1.33,0.58,0,-0.33,4,1,4,"recurrance",1,2,4
"A1ADAWW4IHPCQ7",2,3.83,1,2,0,3.5,0.71,2,0,4.5,0.71,-1.5,-2.5,3,1,3,"long-term",4,3,4
"A1ADAWW4IHPCQ7",2,3.83,2,2,0,3.5,0.71,2,0,4,0,-1.5,-2,3,2,3,"recurrance",2,5,6
"A1ADAWW4IHPCQ7",2,3.83,3,2,0,4.5,0.71,2,0,3,0,-2.5,-1,3,3,3,"long-term",3,2,6
"A15VI0QFR2YO50",7,1,1,7,NA,1,NA,7,NA,1,NA,6,6,2,1,2,"short-term",1,4,7
"A15VI0QFR2YO50",7,1,2,7,NA,1,NA,7,NA,1,NA,6,6,2,2,2,"short-term",1,4,6
"A3OLRWACCCCUTU",1.75,1.85,1,2,2,2.5,1.73,2.25,2.5,1.5,1,-0.5,0.75,5,2,6,"short-term",2,7,6
"A3OLRWACCCCUTU",1.75,1.85,2,1,0,2.25,1.5,1,0,2.5,1.73,-1.25,-1.5,5,5,6,"short-term",3,1,1
"A3OLRWACCCCUTU",1.75,1.85,3,2,2,2.25,1.5,1.5,1,2.75,1.5,-0.25,-1.25,5,4,6,"recurrance",4,5,4
"A3OLRWACCCCUTU",1.75,1.85,4,1.5,1,1.25,0.5,2,2,1.5,1,0.25,0.5,5,3,6,"recurrance",4,6,5
"A3OLRWACCCCUTU",1.75,1.85,5,2.25,2.5,1,0,2,2,1,0,1.25,1,5,1,6,"short-term",3,7,6
"A2196WCNDZULFS",1.17,1.33,1,1.5,0.71,1.5,0.71,1,0,1.5,0.71,0,-0.5,3,2,3,"long-term",2,4,5
"A2196WCNDZULFS",1.17,1.33,2,1,0,1.5,0.71,1.5,0.71,1.5,0.71,-0.5,0,3,1,3,"long-term",2,2,6
"A2196WCNDZULFS",1.17,1.33,3,1,0,1,0,1,0,1,0,0,0,3,3,3,"long-term",2,3,7
"ADJ9I7ZBFYFH7",2.17,1,1,1.5,0.71,1,0,2.5,2.12,1,0,0.5,1.5,3,2,4,"short-term",1,7,3
"ADJ9I7ZBFYFH7",2.17,1,2,1.5,0.71,1,0,2,1.41,1,0,0.5,1,3,1,4,"short-term",1,6,7
"ADJ9I7ZBFYFH7",2.17,1,3,3.5,0.71,1,0,2,0,1,0,2.5,1,3,3,4,"recurrance",1,4,6
"A255RBA8P0K0XV",5.85,2.8,1,5.75,0.5,2.75,0.5,6,0,2.25,0.5,3,3.75,5,2,3,"recurrance",3,4,6
"A255RBA8P0K0XV",5.85,2.8,2,5.75,0.5,3.25,1.26,5.75,0.5,3,0,2.5,2.75,5,4,3,"long-term",3,4,6
"A255RBA8P0K0XV",5.85,2.8,3,5.75,0.5,2.75,0.5,6,0,2.75,0.5,3,3.25,5,3,3,"recurrance",2,6,5
"A255RBA8P0K0XV",5.85,2.8,4,6,0,2.75,0.5,6,0,2.75,0.5,3.25,3.25,5,1,3,"recurrance",3,5,5
"A255RBA8P0K0XV",5.85,2.8,5,6,0,2.5,0.58,5.5,0.58,3.25,1.26,3.5,2.25,5,5,3,"long-term",4,6,6
"A3NKNOE5HIXXL",3,5,1,1,0,7,0,1,0,7,0,-6,-6,3,1,2,"short-term",2,3,7
"A3NKNOE5HIXXL",3,5,2,4,4.24,4,4.24,4,4.24,4,4.24,0,0,3,3,2,"long-term",2,5,7
"A3NKNOE5HIXXL",3,5,3,4,4.24,4,4.24,4,4.24,4,4.24,0,0,3,2,2,"long-term",2,5,7
"A2IJEKMVEHQ90W",1.25,2.2,1,2.25,2.5,2.25,2.5,1,0,3.5,2.89,0,-2.5,5,1,2,"recurrance",2,7,6
"A2IJEKMVEHQ90W",1.25,2.2,2,1,0,3.25,2.63,1,0,3.5,2.89,-2.25,-2.5,5,2,2,"long-term",5,2,4
"A2IJEKMVEHQ90W",1.25,2.2,3,1,0,1,0,1,0,1,0,0,0,5,3,2,"recurrance",6,2,7
"A2IJEKMVEHQ90W",1.25,2.2,4,1,0,1,0,2.25,2.5,1,0,0,1.25,5,4,2,"recurrance",3,1,6
"A2IJEKMVEHQ90W",1.25,2.2,5,1,0,3.5,2.89,1,0,2,2,-2.5,-1,5,5,2,"long-term",2,1,3
"A3VZUPCZB4Q9XW",2.65,1.65,1,3,2,2.25,1.26,4.25,2.06,1,0,0.75,3.25,5,1,6,"recurrance",3,6,6
"A3VZUPCZB4Q9XW",2.65,1.65,2,3,1.15,1.75,0.5,2.25,1.26,1.75,0.5,1.25,0.5,5,3,6,"long-term",3,6,5
"A3VZUPCZB4Q9XW",2.65,1.65,3,2.75,1.5,1.5,0.58,2.25,1.26,2.25,1.26,1.25,0,5,4,6,"long-term",2,6,5
"A3VZUPCZB4Q9XW",2.65,1.65,4,2,0,1,0,1.5,0.58,1.75,0.5,1,-0.25,5,2,6,"long-term",4,2,2
"A3VZUPCZB4Q9XW",2.65,1.65,5,2.5,3,1.75,0.5,3,2,1.5,0.58,0.75,1.5,5,5,6,"recurrance",3,6,3
"A1EH9BPKYXFBS5",6.45,1.5,1,6.75,0.5,1.25,0.5,6.75,0.5,1.25,0.5,5.5,5.5,5,1,3,"short-term",4,7,7
"A1EH9BPKYXFBS5",6.45,1.5,2,6,1.41,1.75,1.5,7,0,1,0,4.25,6,5,2,3,"recurrance",1,7,7
"A1EH9BPKYXFBS5",6.45,1.5,3,6.5,1,1.5,1,7,0,1,0,5,6,5,5,3,"long-term",3,6,5
"A1EH9BPKYXFBS5",6.45,1.5,4,6.25,1.5,1.75,1.5,6.75,0.5,1,0,4.5,5.75,5,4,3,"recurrance",1,6,7
"A1EH9BPKYXFBS5",6.45,1.5,5,6.75,0.5,1.25,0.5,4.75,0.96,3.25,0.96,5.5,1.5,5,3,3,"long-term",1,4,4
"AJDHPRCJ985C7",1.65,2.15,1,1.5,1,3,2.45,2.5,3,2.75,2.06,-1.5,-0.25,5,3,4,"recurrance",3,3,3
"AJDHPRCJ985C7",1.65,2.15,2,3.75,2.5,1,0,1,0,1,0,2.75,0,5,4,4,"recurrance",1,6,6
"AJDHPRCJ985C7",1.65,2.15,3,1,0,1.5,1,2,1.15,1.5,1,-0.5,0.5,5,1,4,"short-term",3,2,4
"AJDHPRCJ985C7",1.65,2.15,4,1,0,2.5,1.73,1,0,2,1.41,-1.5,-1,5,2,4,"recurrance",3,1,3
"AJDHPRCJ985C7",1.65,2.15,5,1,0,2.75,1.71,1.75,1.5,3.5,2.08,-1.75,-1.75,5,5,4,"long-term",5,4,2
"A2NAKIXS3DVGAA",NA,NA,1,NA,NA,NA,NA,NA,NA,NA,NA,NA,NA,NA,NA,1,"recurrance",1,1,2
"A3NXT3OVGL7QNR",NA,NA,1,NA,NA,NA,NA,NA,NA,NA,NA,NA,NA,NA,NA,2,"long-term",1,3,6
"A2ESBX4C2Q6TQY",3.8,1,1,5.5,3,1,0,5,1.83,1,0,4.5,4,5,1,5,"short-term",1,7,7
"A2ESBX4C2Q6TQY",3.8,1,2,3.25,2.87,1,0,3.5,3,1,0,2.25,2.5,5,2,5,"long-term",1,4,6
"A2ESBX4C2Q6TQY",3.8,1,3,3.5,1,1,0,1.75,1.5,1,0,2.5,0.75,5,3,5,"long-term",1,1,1
"A2ESBX4C2Q6TQY",3.8,1,4,3.5,2.89,1,0,4.5,3,1,0,2.5,3.5,5,4,5,"long-term",1,7,7
"A2ESBX4C2Q6TQY",3.8,1,5,3.25,2.87,1,0,4.25,2.75,1,0,2.25,3.25,5,5,5,"recurrance",1,1,1
"A36ZURENFWTYOZ",1.3,1.9,1,1,0,1,0,1,0,1.75,1.5,0,-0.75,5,4,7,"long-term",1,4,2
"A36ZURENFWTYOZ",1.3,1.9,2,2.5,3,1.75,0.96,1,0,1.75,1.5,0.75,-0.75,5,3,7,"long-term",2,4,7
"A36ZURENFWTYOZ",1.3,1.9,3,1,0,1.25,0.5,1,0,2,1.41,-0.25,-1,5,2,7,"short-term",3,1,1
"A36ZURENFWTYOZ",1.3,1.9,4,1,0,1,0,1,0,3,2.16,0,-2,5,5,7,"recurrance",1,2,5
"A36ZURENFWTYOZ",1.3,1.9,5,1,0,4.5,1,2.5,3,1,0,-3.5,1.5,5,1,7,"short-term",1,2,7
"A2LU3430Q972IN",1.5,1,1,1,0,1,0,2.5,0.71,1,0,0,1.5,3,1,3,"short-term",2,1,5
"A2LU3430Q972IN",1.5,1,2,1.5,0.71,1,0,1,0,1,0,0.5,0,3,2,3,"short-term",1,4,7
"A2LU3430Q972IN",1.5,1,3,2,1.41,1,0,1,0,1,0,1,0,3,3,3,"short-term",2,4,2
"A21ZYTE6WOKUA",3.17,5.42,1,1,0,6,1.73,4,3,5,3.46,-5,-1,4,4,2,"long-term",1,1,7
"A21ZYTE6WOKUA",3.17,5.42,2,6,1.73,3.67,3.06,3,1.73,5,3.46,2.33,-2,4,3,2,"long-term",1,3,7
"A21ZYTE6WOKUA",3.17,5.42,3,2,1.73,5,3.46,3.67,3.06,5.67,2.31,-3,-2,4,2,2,"long-term",4,1,7
"A21ZYTE6WOKUA",3.17,5.42,4,3.67,0.58,7,0,2,1.73,6,1.73,-3.33,-4,4,1,2,"short-term",5,4,7
"A1B5SSGMTAQ9B5",2.5,1,1,4,NA,1,NA,1,NA,1,NA,3,0,2,1,2,"short-term",1,5,2
"A1B5SSGMTAQ9B5",2.5,1,2,1,NA,1,NA,4,NA,1,NA,0,3,2,2,2,"short-term",5,3,3
"A2CYMT8T33U6EE",1.65,1.7,1,1.25,0.5,1.75,0.96,1.25,0.5,2.5,1.73,-0.5,-1.25,5,5,4,"recurrance",3,4,3
"A2CYMT8T33U6EE",1.65,1.7,2,1.25,0.5,1.25,0.5,2.75,2.22,1,0,0,1.75,5,4,4,"recurrance",1,3,3
"A2CYMT8T33U6EE",1.65,1.7,3,2.5,2.38,2.25,1.5,1,0,1.75,0.96,0.25,-0.75,5,1,4,"recurrance",5,5,7
"A2CYMT8T33U6EE",1.65,1.7,4,2.25,2.5,2.25,1.5,1,0,2,1.15,0,-1,5,2,4,"recurrance",4,1,3
"A2CYMT8T33U6EE",1.65,1.7,5,1,0,1,0,2.25,2.5,1.25,0.5,0,1,5,3,4,"recurrance",1,5,6
"A3BE3KXD518TZ4",3,1.17,1,4,4.24,1.5,0.71,4,4.24,1,0,2.5,3,3,2,3,"short-term",3,4,6
"A3BE3KXD518TZ4",3,1.17,2,1,0,1,0,1,0,1,0,0,0,3,1,3,"recurrance",1,1,5
"A3BE3KXD518TZ4",3,1.17,3,4,4.24,1,0,4,4.24,1.5,0.71,3,2.5,3,3,3,"long-term",1,5,7
"A3QSFE6GKO157S",7,1,1,7,NA,1,NA,7,NA,1,NA,6,6,2,2,2,"recurrance",1,7,5
"A3QSFE6GKO157S",7,1,2,7,NA,1,NA,7,NA,1,NA,6,6,2,1,2,"recurrance",1,7,6
"A3CAF7LTD3ORSG",3.17,1,1,3.5,3.54,1,0,5,1.41,1,0,2.5,4,3,1,3,"short-term",2,6,6
"A3CAF7LTD3ORSG",3.17,1,2,2.5,2.12,1,0,1,0,1,0,1.5,0,3,3,3,"short-term",1,1,7
"A3CAF7LTD3ORSG",3.17,1,3,3.5,3.54,1,0,3.5,3.54,1,0,2.5,2.5,3,2,3,"recurrance",1,2,6
"A47VCO946DO5K",3.67,1,1,3,2.83,1,0,3,2.83,1,0,2,2,3,1,3,"short-term",1,4,7
"A47VCO946DO5K",3.67,1,2,3,2.83,1,0,3,2.83,1,0,2,2,3,3,3,"long-term",1,2,1
"A47VCO946DO5K",3.67,1,3,5,0,1,0,5,0,1,0,4,4,3,2,3,"long-term",1,3,1
"A1M8BYIP0KZJZX",2.75,1.95,1,4.5,2.52,1.25,0.5,3.75,2.75,1.25,0.5,3.25,2.5,5,3,7,"short-term",3,5,7
"A1M8BYIP0KZJZX",2.75,1.95,2,3,2.31,2.75,1.71,3.25,2.63,2,1.41,0.25,1.25,5,2,7,"long-term",1,1,2
"A1M8BYIP0KZJZX",2.75,1.95,3,1,0,1,0,1,0,1.5,1,0,-0.5,5,4,7,"short-term",1,2,4
"A1M8BYIP0KZJZX",2.75,1.95,4,2.5,2.38,2.25,1.26,3.75,2.75,2.25,1.26,0.25,1.5,5,1,7,"short-term",2,5,7
"A1M8BYIP0KZJZX",2.75,1.95,5,2.75,2.87,2.5,1.73,2,2,2.75,2.06,0.25,-0.75,5,5,7,"long-term",1,5,5
"A1D7IULWFI8PB1",3.17,2,1,4,4.24,2.5,0.71,1,0,2,1.41,1.5,-1,3,1,3,"long-term",1,2,7
"A1D7IULWFI8PB1",3.17,2,2,3.5,3.54,1.5,0.71,5,2.83,1.5,0.71,2,3.5,3,2,3,"short-term",1,4,5
"A1D7IULWFI8PB1",3.17,2,3,2,1.41,2,1.41,3.5,3.54,2.5,0.71,0,1,3,3,3,"short-term",1,2,2
"A33RI08QRVG5Q0",1.2,1.2,1,1.5,1,1,0,1.25,0.5,1,0,0.5,0.25,5,3,5,"recurrance",1,6,5
"A33RI08QRVG5Q0",1.2,1.2,2,1.25,0.5,1.25,0.5,1.75,0.96,1,0,0,0.75,5,1,5,"recurrance",1,6,6
"A33RI08QRVG5Q0",1.2,1.2,3,1.25,0.5,1.25,0.5,1,0,1.25,0.5,0,-0.25,5,2,5,"recurrance",2,6,5
"A33RI08QRVG5Q0",1.2,1.2,4,1,0,1.25,0.5,1,0,1,0,-0.25,0,5,5,5,"recurrance",2,3,3
"A33RI08QRVG5Q0",1.2,1.2,5,1,0,1.25,0.5,1,0,1.75,0.5,-0.25,-0.75,5,4,5,"recurrance",2,3,3
"A1IJ56N5Z4TT46",4.4,2.3,1,5.5,0.58,1.5,0.58,6,0,2,0,4,4,5,1,5,"recurrance",3,6,6
"A1IJ56N5Z4TT46",4.4,2.3,2,4.75,0.96,2,0,3.5,1.91,3.25,0.96,2.75,0.25,5,2,5,"recurrance",NA,6,6
"A1IJ56N5Z4TT46",4.4,2.3,3,4,2.31,3,1.15,4,1.41,2.25,1.26,1,1.75,5,4,5,"short-term",2,2,3
"A1IJ56N5Z4TT46",4.4,2.3,4,3.75,2.06,3,1.15,3,1.83,2,1.41,0.75,1,5,5,5,"short-term",3,2,2
"A1IJ56N5Z4TT46",4.4,2.3,5,4,2.16,2,0.82,5.5,0.58,2,0,2,3.5,5,3,5,"recurrance",3,6,6
"A196O7GQLD3S2J",4.5,2.17,1,5,1.41,1.5,0.71,5,1.41,1,0,3.5,4,3,1,3,"short-term",2,4,7
"A196O7GQLD3S2J",4.5,2.17,2,5,1.41,2.5,2.12,4.5,2.12,2.5,2.12,2.5,2,3,2,3,"recurrance",1,4,6
"A196O7GQLD3S2J",4.5,2.17,3,3.5,0.71,2.5,2.12,4,0,3,1.41,1,1,3,3,3,"recurrance",5,1,6
"A2WJMGV0HKQG3Z",3,1,1,4,4.24,1,0,4,4.24,1,0,3,3,3,2,3,"recurrance",1,1,1
"A2WJMGV0HKQG3Z",3,1,2,1,0,1,0,1,0,1,0,0,0,3,3,3,"long-term",1,1,5
"A2WJMGV0HKQG3Z",3,1,3,4,4.24,1,0,4,4.24,1,0,3,3,3,1,3,"recurrance",1,1,7
"A1AZLJ3R5FQ9B7",1.67,1.67,1,1,0,1,0,2,0,3,0,0,-1,3,1,3,"long-term",1,1,4
"A1AZLJ3R5FQ9B7",1.67,1.67,2,2.5,0.71,2,1.41,1,0,1,0,0.5,0,3,3,3,"recurrance",1,1,4
"A1AZLJ3R5FQ9B7",1.67,1.67,3,1.5,0.71,2,1.41,2,1.41,1,0,-0.5,1,3,2,3,"recurrance",1,1,6
"A2EMTSJS47K8SU",2.17,2.17,1,3,2.83,2.5,2.12,2,1.41,2.5,2.12,0.5,-0.5,3,2,3,"long-term",4,4,7
"A2EMTSJS47K8SU",2.17,2.17,2,2.5,0.71,1,0,3,2.83,1.5,0.71,1.5,1.5,3,1,3,"recurrance",1,3,7
"A2EMTSJS47K8SU",2.17,2.17,3,1,0,3,1.41,1.5,0.71,2.5,2.12,-2,-1,3,3,3,"short-term",4,4,3
"A1WQACYPLESVGL",2.05,2.7,1,1.25,0.5,3.5,1.73,2.5,1.29,3,0.82,-2.25,-0.5,5,1,6,"short-term",3,6,6
"A1WQACYPLESVGL",2.05,2.7,2,2,1.41,2.25,0.5,2,1.15,1,0,-0.25,1,5,3,6,"short-term",3,7,5
"A1WQACYPLESVGL",2.05,2.7,3,2.5,0.58,2.5,1.29,2.75,0.96,3,1.15,0,-0.25,5,4,6,"recurrance",2,6,6
"A1WQACYPLESVGL",2.05,2.7,4,3,0.82,2,0.82,1.5,0.58,3.75,0.5,1,-2.25,5,5,6,"recurrance",2,6,6
"A1WQACYPLESVGL",2.05,2.7,5,1.5,0.58,3.25,1.5,1.5,0.58,2.75,1.5,-1.75,-1.25,5,2,6,"short-term",3,5,6
"A1ZT30BGR3266K",5,2,1,5,NA,2,NA,5,NA,2,NA,3,3,2,1,2,"recurrance",2,4,4
"A1ZT30BGR3266K",5,2,2,5,NA,2,NA,5,NA,2,NA,3,3,2,2,2,"recurrance",2,4,3
"A37PUSY6CJ7TQ0",2.2,1.45,1,2.75,2.36,1,0,2.25,1.26,1.5,0.58,1.75,0.75,5,4,6,"short-term",1,3,3
"A37PUSY6CJ7TQ0",2.2,1.45,2,2.25,1.89,1.5,1,1,0,1.5,1,0.75,-0.5,5,2,6,"long-term",2,6,7
"A37PUSY6CJ7TQ0",2.2,1.45,3,1.5,0.58,1.75,0.96,2,2,1.25,0.5,-0.25,0.75,5,1,6,"short-term",3,4,2
"A37PUSY6CJ7TQ0",2.2,1.45,4,2.5,1.73,2,0.82,3.5,1.91,2,1.15,0.5,1.5,5,5,6,"short-term",3,3,2
"A37PUSY6CJ7TQ0",2.2,1.45,5,2,1.41,1,0,2.25,1.5,1,0,1,1.25,5,3,6,"long-term",1,3,5
"A2R75YFKVALBXE",2.95,1.25,1,2.5,1.91,1.5,1,3.5,3,1.5,1,1,2,5,2,5,"long-term",2,6,6
"A2R75YFKVALBXE",2.95,1.25,2,4.5,3,1,0,3,2.31,1.25,0.5,3.5,1.75,5,1,5,"long-term",3,7,7
"A2R75YFKVALBXE",2.95,1.25,3,3,2.31,1.75,0.96,3,2.83,1.5,1,1.25,1.5,5,3,5,"long-term",4,7,7
"A2R75YFKVALBXE",2.95,1.25,4,2.5,3,1,0,2.75,2.36,1,0,1.5,1.75,5,4,5,"recurrance",2,5,6
"A2R75YFKVALBXE",2.95,1.25,5,2.25,2.5,1,0,2.5,3,1,0,1.25,1.5,5,5,5,"long-term",2,4,6
"A1P3I7YCWXF9YG",7,1,1,7,NA,1,NA,7,NA,1,NA,6,6,2,1,2,"long-term",1,1,7
"A1P3I7YCWXF9YG",7,1,2,7,NA,1,NA,7,NA,1,NA,6,6,2,2,2,"recurrance",1,1,7
"A3PGCZCYMXQMZ8",2,1,1,3,3.46,1,0,3,3.46,1,0,2,2,4,1,4,"recurrance",1,4,7
"A3PGCZCYMXQMZ8",2,1,2,1,0,1,0,1,0,1,0,0,0,4,4,4,"long-term",1,2,5
"A3PGCZCYMXQMZ8",2,1,3,3,3.46,1,0,3,3.46,1,0,2,2,4,3,4,"long-term",1,5,7
"A3PGCZCYMXQMZ8",2,1,4,1,0,1,0,1,0,1,0,0,0,4,2,4,"long-term",1,1,1
"A1BWS5AD2T4NIR",1,3.1,1,1,0,4,2.45,1,0,4,2.45,-3,-3,5,4,5,"short-term",2,1,7
"A1BWS5AD2T4NIR",1,3.1,2,1,0,1,0,1,0,1,0,0,0,5,3,5,"recurrance",1,1,4
"A1BWS5AD2T4NIR",1,3.1,3,1,0,4,2.45,1,0,4,2.45,-3,-3,5,2,5,"recurrance",2,1,4
"A1BWS5AD2T4NIR",1,3.1,4,1,0,4,3.46,1,0,4,3.46,-3,-3,5,1,5,"recurrance",5,4,7
"A1BWS5AD2T4NIR",1,3.1,5,1,0,2.5,1.73,1,0,2.5,1.73,-1.5,-1.5,5,5,5,"long-term",2,1,3
"AYNDATHZBJZ6E",2.67,2.33,1,1.5,0.71,2.5,0.71,3.5,0.71,2,0,-1,1.5,3,1,3,"recurrance",2,3,7
"AYNDATHZBJZ6E",2.67,2.33,2,4,0,2,0,2,0,2.5,0.71,2,-0.5,3,2,3,"long-term",2,4,7
"AYNDATHZBJZ6E",2.67,2.33,3,2.5,0.71,2.5,0.71,2.5,2.12,2.5,0.71,0,0,3,3,3,"recurrance",3,4,5
"A1SISJL5ST2PWH",3,1,1,4,4.24,1,0,4,4.24,1,0,3,3,3,2,3,"recurrance",1,3,5
"A1SISJL5ST2PWH",3,1,2,4,4.24,1,0,4,4.24,1,0,3,3,3,1,3,"short-term",1,4,4
"A1SISJL5ST2PWH",3,1,3,1,0,1,0,1,0,1,0,0,0,3,3,3,"short-term",1,1,4
"A27INSDNTACWAM",4.75,4.25,1,1,0,3,3.46,5,3.46,5,1.73,-2,0,4,4,4,"recurrance",4,3,1
"A27INSDNTACWAM",4.75,4.25,2,5,3.46,6,1.73,4,3,5,3.46,-1,-1,4,3,4,"recurrance",4,4,7
"A27INSDNTACWAM",4.75,4.25,3,6,1.73,4,3,5,3.46,3,3.46,2,2,4,2,4,"long-term",1,5,6
"A27INSDNTACWAM",4.75,4.25,4,7,0,4,3,5,3.46,4,3,3,1,4,1,4,"long-term",7,7,7
"A3AE0JEXW4DB34",2.15,1,1,2.5,3,1,0,2.5,3,1,0,1.5,1.5,5,2,4,"short-term",1,4,7
"A3AE0JEXW4DB34",2.15,1,2,3.5,3,1,0,3.5,3,1,0,2.5,2.5,5,3,4,"recurrance",1,6,7
"A3AE0JEXW4DB34",2.15,1,3,1,0,1,0,1.75,1.5,1,0,0,0.75,5,4,4,"long-term",1,3,7
"A3AE0JEXW4DB34",2.15,1,4,2.75,2.06,1,0,2,2,1,0,1.75,1,5,5,4,"recurrance",1,1,7
"A3AE0JEXW4DB34",2.15,1,5,1,0,1,0,1,0,1,0,0,0,5,1,4,"long-term",1,1,7
"A49CVVOWN4D6Y",1.95,1.4,1,2.75,2.36,1.5,1,2.25,2.5,2.5,1.73,1.25,-0.25,5,1,4,"long-term",3,7,7
"A49CVVOWN4D6Y",1.95,1.4,2,1,0,1,0,1.75,1.5,1,0,0,0.75,5,5,4,"long-term",1,7,7
"A49CVVOWN4D6Y",1.95,1.4,3,1,0,1.75,1.5,1,0,1,0,-0.75,0,5,4,4,"long-term",1,7,7
"A49CVVOWN4D6Y",1.95,1.4,4,2.25,2.5,1,0,3.25,2.63,1.5,1,1.25,1.75,5,3,4,"long-term",1,7,7
"A49CVVOWN4D6Y",1.95,1.4,5,2.75,2.06,1.75,1.5,1.5,1,1,0,1,0.5,5,2,4,"short-term",1,4,7
"AWTGJ45ZWUCHH",1.75,1.45,1,1,0,1.75,1.5,2.5,3,1,0,-0.75,1.5,5,1,3,"short-term",1,1,7
"AWTGJ45ZWUCHH",1.75,1.45,2,1,0,2.5,3,2.5,3,1,0,-1.5,1.5,5,4,3,"short-term",1,1,7
"AWTGJ45ZWUCHH",1.75,1.45,3,4.75,2.87,1,0,1,0,3.25,2.87,3.75,-2.25,5,2,3,"long-term",1,4,7
"AWTGJ45ZWUCHH",1.75,1.45,4,1,0,1,0,1.75,1.5,1,0,0,0.75,5,5,3,"short-term",1,2,1
"AWTGJ45ZWUCHH",1.75,1.45,5,1,0,1,0,1,0,1,0,0,0,5,3,3,"short-term",1,4,4
"A1DD23J1WBGQUU",2.83,1.17,1,2.5,2.12,1,0,5,1.41,1.5,0.71,1.5,3.5,3,1,3,"recurrance",3,4,6
"A1DD23J1WBGQUU",2.83,1.17,2,3.5,3.54,1.5,0.71,2.5,2.12,1,0,2,1.5,3,2,3,"recurrance",2,4,4
"A1DD23J1WBGQUU",2.83,1.17,3,2.5,2.12,1,0,1,0,1,0,1.5,0,3,3,3,"long-term",1,2,4
"AMA18W8F60Y2J",NA,NA,1,NA,NA,NA,NA,NA,NA,NA,NA,NA,NA,NA,NA,3,"short-term",3,4,5
"AIHUIAQ4922K3",1.5,1,1,2,NA,1,NA,1,NA,1,NA,1,0,2,2,2,"recurrance",2,6,4
"AIHUIAQ4922K3",1.5,1,2,1,NA,1,NA,2,NA,1,NA,0,1,2,1,2,"recurrance",1,2,4
"A2Y0WNHMT4PZ4C",3,1,1,4,4.24,1,0,4,4.24,1,0,3,3,3,1,3,"long-term",1,6,6
"A2Y0WNHMT4PZ4C",3,1,2,4,4.24,1,0,4,4.24,1,0,3,3,3,2,3,"recurrance",1,6,7
"A2Y0WNHMT4PZ4C",3,1,3,1,0,1,0,1,0,1,0,0,0,3,3,3,"long-term",1,1,3
"A2AZYU1CT24O0K",4.3,1.5,1,6,2,1,0,6.25,1.5,1,0,5,5.25,5,1,5,"short-term",3,4,6
"A2AZYU1CT24O0K",4.3,1.5,2,3,2.83,1.75,1.5,3,2.83,2.25,1.5,1.25,0.75,5,4,5,"recurrance",1,3,7
"A2AZYU1CT24O0K",4.3,1.5,3,4.5,3,1,0,3.25,2.87,1,0,3.5,2.25,5,3,5,"recurrance",1,5,7
"A2AZYU1CT24O0K",4.3,1.5,4,4.75,2.87,1.75,0.96,6,2,1.25,0.5,3,4.75,5,2,5,"long-term",1,7,7
"A2AZYU1CT24O0K",4.3,1.5,5,3.25,2.87,2,1.41,3,2.83,2,1.41,1.25,1,5,5,5,"recurrance",1,6,4
"AJ4T7PTRYNSUW",3.83,2,1,3.5,0.71,4,4.24,4,4.24,1,0,-0.5,3,3,2,3,"long-term",3,3,7
"AJ4T7PTRYNSUW",3.83,2,2,6,1.41,1,0,3,0,4,4.24,5,-1,3,1,3,"long-term",3,5,7
"AJ4T7PTRYNSUW",3.83,2,3,2,1.41,1,0,4.5,0.71,1,0,1,3.5,3,3,3,"long-term",1,1,2
"A1IL81UMEC9OJI",1.65,1,1,2.5,1,1,0,2.25,0.5,1,0,1.5,1.25,5,3,6,"long-term",1,3,3
"A1IL81UMEC9OJI",1.65,1,2,1.25,0.5,1,0,1.25,0.5,1,0,0.25,0.25,5,1,6,"short-term",1,2,4
"A1IL81UMEC9OJI",1.65,1,3,1.75,0.96,1,0,2,1.41,1,0,0.75,1,5,5,6,"short-term",1,4,4
"A1IL81UMEC9OJI",1.65,1,4,1.5,0.58,1,0,1.5,0.58,1,0,0.5,0.5,5,2,6,"long-term",1,2,3
"A1IL81UMEC9OJI",1.65,1,5,1.25,0.5,1,0,1.25,0.5,1,0,0.25,0.25,5,4,6,"long-term",1,4,5
"ARQR5NIFA1AJ",2.5,1.33,1,4,1.41,1.5,0.71,2,1.41,1,0,2.5,1,3,2,3,"long-term",3,4,3
"ARQR5NIFA1AJ",2.5,1.33,2,2,1.41,1.5,0.71,2.5,0.71,1,0,0.5,1.5,3,1,3,"recurrance",2,5,5
"ARQR5NIFA1AJ",2.5,1.33,3,1.5,0.71,1,0,3,2.83,2,0,0.5,1,3,3,3,"short-term",1,3,5
"A13WTEQ06V3B6D",2,5.83,1,1.5,0.71,6.5,0.71,2.5,2.12,5,2.83,-5,-2.5,3,2,3,"recurrance",2,7,7
"A13WTEQ06V3B6D",2,5.83,2,3,1.41,4.5,2.12,2,0,6,0,-1.5,-4,3,1,3,"recurrance",2,6,7
"A13WTEQ06V3B6D",2,5.83,3,1.5,0.71,6.5,0.71,1.5,0.71,6.5,0.71,-5,-5,3,3,3,"short-term",5,1,4
"A1J8TVICSRC70W",2.4,1.5,1,4,3.46,1.5,1,4,3.46,1.5,1,2.5,2.5,5,1,3,"short-term",4,4,2
"A1J8TVICSRC70W",2.4,1.5,2,3.25,2.87,1.25,0.5,2.75,2.87,1.25,0.5,2,1.5,5,2,3,"recurrance",3,5,5
"A1J8TVICSRC70W",2.4,1.5,3,1,0,2.25,0.96,1,0,2.25,0.96,-1.25,-1.25,5,5,3,"short-term",6,1,2
"A1J8TVICSRC70W",2.4,1.5,4,2.75,2.87,1.5,1,3.25,2.87,1.5,1,1.25,1.75,5,3,3,"short-term",2,6,6
"A1J8TVICSRC70W",2.4,1.5,5,1,0,1,0,1,0,1,0,0,0,5,4,3,"recurrance",1,1,1
"A3ROYUO9LWA22S",3.7,1.7,1,5.25,1.71,2,2,1,0,1,0,3.25,0,5,1,5,"short-term",4,7,7
"A3ROYUO9LWA22S",3.7,1.7,2,3.75,2.22,1.75,1.5,3,2.83,2,2,2,1,5,2,5,"short-term",4,5,7
"A3ROYUO9LWA22S",3.7,1.7,3,3.5,3,1.5,1,4,2.94,2.25,2.5,2,1.75,5,4,5,"long-term",1,7,7
"A3ROYUO9LWA22S",3.7,1.7,4,4.25,3.2,2.25,2.5,4.75,0.5,1.5,1,2,3.25,5,3,5,"short-term",6,7,7
"A3ROYUO9LWA22S",3.7,1.7,5,1.75,1.5,1,0,5.75,1.89,1.75,1.5,0.75,4,5,5,5,"recurrance",1,7,7
"A1W850QN9RK019",2.75,1.1,1,3.5,3,1,0,3.5,3,1,0,2.5,2.5,5,1,5,"long-term",5,2,4
"A1W850QN9RK019",2.75,1.1,2,1.5,0.58,1,0,2.5,3,1,0,0.5,1.5,5,4,5,"short-term",3,5,5
"A1W850QN9RK019",2.75,1.1,3,3,2.83,1,0,4,2.45,1.25,0.5,2,2.75,5,2,5,"long-term",2,3,6
"A1W850QN9RK019",2.75,1.1,4,3,2.31,1.25,0.5,2,2,1.25,0.5,1.75,0.75,5,3,5,"short-term",4,6,7
"A1W850QN9RK019",2.75,1.1,5,2.75,2.87,1.25,0.5,1.75,0.96,1,0,1.5,0.75,5,5,5,"recurrance",3,2,5
"A1YPOIURXB6ESR",2.92,2.5,1,4,3,2,1.73,3,3.46,3.33,2.08,2,-0.33,4,3,4,"short-term",3,4,6
"A1YPOIURXB6ESR",2.92,2.5,2,3,3.46,1,0,3,3.46,1,0,2,2,4,2,4,"recurrance",2,6,7
"A1YPOIURXB6ESR",2.92,2.5,3,2,1.73,3,1.73,2.67,2.89,2.67,2.89,-1,0,4,1,4,"short-term",5,3,7
"A1YPOIURXB6ESR",2.92,2.5,4,2.67,2.89,4,2.65,3,1.73,3,1.73,-1.33,0,4,4,4,"short-term",4,4,5
"A1KC342L9WAQ2",3.17,1.67,1,3,1.41,2,0,4.5,3.54,1.5,0.71,1,3,3,2,3,"short-term",2,3,6
"A1KC342L9WAQ2",3.17,1.67,2,4.5,3.54,2,0,3,1.41,1.5,0.71,2.5,1.5,3,1,3,"short-term",4,5,6
"A1KC342L9WAQ2",3.17,1.67,3,2,0,1,0,2,0,2,0,1,0,3,3,3,"recurrance",2,2,6
"AT6LDQNLKTUSE",4,3.5,1,3,NA,5,NA,5,NA,2,NA,-2,3,2,1,2,"short-term",2,5,6
"AT6LDQNLKTUSE",4,3.5,2,5,NA,2,NA,3,NA,5,NA,3,-2,2,2,2,"long-term",4,3,6
"A1ROEDVMTO9Y3X",4,2.5,1,4,NA,3,NA,4,NA,2,NA,1,2,2,1,2,"short-term",5,5,6
"A1ROEDVMTO9Y3X",4,2.5,2,4,NA,2,NA,4,NA,3,NA,2,1,2,2,2,"short-term",2,3,5
"A22DDO8NILSX6O",3,1.67,1,3,1.73,1.67,0.58,3.67,2.08,1.67,0.58,1.33,2,4,1,4,"recurrance",1,5,5
"A22DDO8NILSX6O",3,1.67,2,2.67,0.58,1,0,2,0,1.67,0.58,1.67,0.33,4,2,4,"recurrance",3,2,5
"A22DDO8NILSX6O",3,1.67,3,2.33,0.58,2,0,2.67,1.15,1.67,1.15,0.33,1,4,3,4,"recurrance",2,3,5
"A22DDO8NILSX6O",3,1.67,4,4,2,2,1,3.67,1.15,1.67,0.58,2,2,4,4,4,"recurrance",2,5,5
"A2H0VR477QHYO7",3.92,3.92,1,3.33,2.31,4.33,2.89,3.33,1.53,3.33,1.53,-1,0,4,1,3,"long-term",5,5,6
"A2H0VR477QHYO7",3.92,3.92,2,5,2,5.33,0.58,3.33,1.53,3.67,2.08,-0.33,-0.33,4,2,3,"long-term",5,6,7
"A2H0VR477QHYO7",3.92,3.92,3,3.33,1.53,3.33,1.53,5.33,0.58,3,2,0,2.33,4,3,3,"long-term",6,7,6
"A2H0VR477QHYO7",3.92,3.92,4,4,1.73,2.67,0.58,3.67,2.89,5.67,0.58,1.33,-2,4,4,3,"long-term",3,5,6
"A1K8VUKRL53OX",5.4,2.4,1,6.5,0.58,1.5,0.58,5.75,0.5,3.25,2.5,5,2.5,5,1,5,"short-term",6,7,6
"A1K8VUKRL53OX",5.4,2.4,2,5.75,0.5,3,1.41,5.5,1.73,2,0.82,2.75,3.5,5,2,5,"short-term",2,6,5
"A1K8VUKRL53OX",5.4,2.4,3,4.25,2.06,3.5,2.38,5.25,2.22,2.5,1.73,0.75,2.75,5,4,5,"recurrance",2,6,6
"A1K8VUKRL53OX",5.4,2.4,4,6,0,2,0,5.5,1,2.25,0.5,4,3.25,5,3,5,"long-term",2,4,7
"A1K8VUKRL53OX",5.4,2.4,5,4.5,1.91,2,0,5,2,2,0,2.5,3,5,5,5,"short-term",2,6,3
"AJMWITY1XT7H7",4.83,2.08,1,4.33,3.06,3,3.46,5.33,2.89,2.33,2.31,1.33,3,4,1,2,"recurrance",4,6,4
"AJMWITY1XT7H7",4.83,2.08,2,4.33,3.06,1.33,0.58,5.33,1.53,1.67,1.15,3,3.67,4,4,2,"recurrance",1,6,4
"AJMWITY1XT7H7",4.83,2.08,3,6.33,1.15,1,0,5.67,1.15,1,0,5.33,4.67,4,3,2,"short-term",1,6,4
"AJMWITY1XT7H7",4.83,2.08,4,4.33,2.52,3,2,3,3.46,3.33,3.21,1.33,-0.33,4,2,2,"recurrance",4,5,4
"A1J9Z2VOHTT1UZ",4,1.67,1,4,0,2,0,5,2.83,1.5,0.71,2,3.5,3,2,3,"recurrance",2,7,7
"A1J9Z2VOHTT1UZ",4,1.67,2,6,1.41,1,0,2.5,2.12,2,0,5,0.5,3,1,3,"recurrance",2,5,7
"A1J9Z2VOHTT1UZ",4,1.67,3,2,1.41,2,0,4.5,0.71,1.5,0.71,0,3,3,3,3,"recurrance",2,2,2
"A3U2S6OPJNS4AQ",NA,NA,1,NA,NA,NA,NA,NA,NA,NA,NA,NA,NA,NA,NA,1,"short-term",1,6,6
"AYPOAY43REHC8",4.6,1,1,7,0,1,0,7,0,1,0,6,6,5,1,5,"long-term",1,4,7
"AYPOAY43REHC8",4.6,1,2,5.5,3,1,0,4,3.46,1,0,4.5,3,5,3,5,"short-term",1,7,7
"AYPOAY43REHC8",4.6,1,3,5.5,3,1,0,2.5,3,1,0,4.5,1.5,5,4,5,"recurrance",1,4,7
"AYPOAY43REHC8",4.6,1,4,2.5,3,1,0,5.5,3,1,0,1.5,4.5,5,2,5,"recurrance",1,4,7
"AYPOAY43REHC8",4.6,1,5,2.5,3,1,0,4,3.46,1,0,1.5,3,5,5,5,"recurrance",1,4,7
"A3KIDRWRKC7RI5",1.35,1.7,1,1,0,1,0,1.25,0.5,1.5,1,0,-0.25,5,1,5,"long-term",1,2,3
"A3KIDRWRKC7RI5",1.35,1.7,2,2.25,2.5,1.75,0.96,1,0,2.5,1.73,0.5,-1.5,5,2,5,"short-term",4,3,5
"A3KIDRWRKC7RI5",1.35,1.7,3,1,0,1.75,1.5,1,0,2.25,1.26,-0.75,-1.25,5,4,5,"recurrance",2,2,4
"A3KIDRWRKC7RI5",1.35,1.7,4,1.25,0.5,1.5,0.58,2.5,2.38,1,0,-0.25,1.5,5,3,5,"long-term",1,5,7
"A3KIDRWRKC7RI5",1.35,1.7,5,1.25,0.5,2.5,1.73,1,0,1.25,0.5,-1.25,-0.25,5,5,5,"recurrance",4,1,2
"ABOEYY9Y0PFRI",2,2.5,1,1.5,0.71,2,0,2,1.41,2,0,-0.5,0,3,2,3,"recurrance",2,2,2
"ABOEYY9Y0PFRI",2,2.5,2,3,0,3,1.41,2,0,2.5,0.71,0,-0.5,3,1,3,"recurrance",2,3,2
"ABOEYY9Y0PFRI",2,2.5,3,1.5,0.71,2.5,0.71,2,1.41,3,1.41,-1,-1,3,3,3,"recurrance",4,2,2
"A1LJNQX4KBUXNP",1,1,1,1,0,1,0,1,0,1,0,0,0,3,1,2,"recurrance",1,1,7
"A1LJNQX4KBUXNP",1,1,2,1,0,1,0,1,0,1,0,0,0,3,2,2,"recurrance",1,7,7
"A1LJNQX4KBUXNP",1,1,3,1,0,1,0,1,0,1,0,0,0,3,3,2,"short-term",1,1,4
"ALAOEYIYW0CW7",3.45,1.35,1,6,2,1,0,3.25,0.96,1.25,0.5,5,2,5,1,5,"long-term",4,7,7
"ALAOEYIYW0CW7",3.45,1.35,2,2.75,2.87,1,0,3.25,1.71,1,0,1.75,2.25,5,5,5,"recurrance",6,6,6
"ALAOEYIYW0CW7",3.45,1.35,3,3,1.41,2,2,3.25,2.87,1.5,1,1,1.75,5,4,5,"recurrance",6,7,7
"ALAOEYIYW0CW7",3.45,1.35,4,2.75,1.5,1.5,1,3.25,2.87,2,2,1.25,1.25,5,2,5,"long-term",1,3,5
"ALAOEYIYW0CW7",3.45,1.35,5,2.75,2.06,1.25,0.5,4.25,3.2,1,0,1.5,3.25,5,3,5,"recurrance",3,7,7
"AY4E4CDN0J6JL",1.5,1.42,1,1,0,2,0,1,0,1.67,1.15,-1,-0.67,4,1,4,"short-term",2,1,7
"AY4E4CDN0J6JL",1.5,1.42,2,2,1.73,1,0,2,1,1.33,0.58,1,0.67,4,2,4,"recurrance",1,1,4
"AY4E4CDN0J6JL",1.5,1.42,3,1.33,0.58,1.67,1.15,1,0,1.33,0.58,-0.33,-0.33,4,3,4,"short-term",2,1,3
"AY4E4CDN0J6JL",1.5,1.42,4,1.67,1.15,1,0,2,1.73,1.33,0.58,0.67,0.67,4,4,4,"short-term",1,1,3
"A12JKSH2NE5W9N",2.5,2.5,1,3,NA,3,NA,2,NA,2,NA,0,0,2,1,2,"recurrance",2,5,7
"A12JKSH2NE5W9N",2.5,2.5,2,2,NA,2,NA,3,NA,3,NA,0,0,2,2,2,"long-term",4,2,6
"A1NVF1YLDLF563",2.33,2,1,1.5,0.71,1.5,0.71,1.5,0.71,1.5,0.71,0,0,3,1,3,"recurrance",2,4,6
"A1NVF1YLDLF563",2.33,2,2,2.5,2.12,1.5,0.71,3,1.41,2.5,2.12,1,0.5,3,2,3,"recurrance",1,5,5
"A1NVF1YLDLF563",2.33,2,3,3,1.41,3,1.41,2.5,2.12,2,0,0,0.5,3,3,3,"recurrance",3,4,6
"A1WZY0K6IE3ASG",4.4,1.55,1,4.5,2.65,1.25,0.5,5,2.71,1.5,0.58,3.25,3.5,5,1,7,"recurrance",1,4,5
"A1WZY0K6IE3ASG",4.4,1.55,2,4.25,2.36,1.5,0.58,4.75,2.63,1.25,0.5,2.75,3.5,5,2,7,"recurrance",1,6,6
"A1WZY0K6IE3ASG",4.4,1.55,3,1.75,1.5,2.25,0.5,3,2.31,2,0.82,-0.5,1,5,3,7,"recurrance",2,4,5
"A1WZY0K6IE3ASG",4.4,1.55,4,5.75,0.96,1.75,0.96,4.75,2.5,1.5,1,4,3.25,5,4,7,"recurrance",2,3,6
"A1WZY0K6IE3ASG",4.4,1.55,5,5.75,0.5,1,0,4.5,1,1.5,0.58,4.75,3,5,5,7,"recurrance",1,2,7
"AL7UTA8J27TFK",4.75,1,1,6,1.73,1,0,4.67,2.52,1,0,5,3.67,4,1,3,"recurrance",1,7,7
"AL7UTA8J27TFK",4.75,1,2,4.33,0.58,1,0,5.67,1.53,1,0,3.33,4.67,4,4,3,"long-term",1,5,6
"AL7UTA8J27TFK",4.75,1,3,3.33,1.15,1,0,3.67,0.58,1,0,2.33,2.67,4,3,3,"short-term",1,3,4
"AL7UTA8J27TFK",4.75,1,4,5.33,2.08,1,0,5,1.73,1,0,4.33,4,4,2,3,"long-term",2,7,7
"A13FUEPWBCLBUY",6,2,1,6,NA,2,NA,6,NA,2,NA,4,4,2,1,2,"recurrance",1,6,5
"A13FUEPWBCLBUY",6,2,2,6,NA,2,NA,6,NA,2,NA,4,4,2,2,2,"recurrance",1,7,6
"A1XRWOK00HK1J4",2,1.25,1,1,0,1.67,0.58,1,0,1.33,0.58,-0.67,-0.33,4,3,4,"recurrance",1,3,1
"A1XRWOK00HK1J4",2,1.25,2,3,3.46,1.33,0.58,3,3.46,1.33,0.58,1.67,1.67,4,4,4,"recurrance",1,4,7
"A1XRWOK00HK1J4",2,1.25,3,1,0,1,0,1,0,1,0,0,0,4,2,4,"recurrance",1,1,1
"A1XRWOK00HK1J4",2,1.25,4,3,3.46,1,0,3,3.46,1.33,0.58,2,1.67,4,1,4,"recurrance",1,5,6
"A1VFRCYMWGWWCZ",3.25,2.95,1,3.25,2.22,2.5,1.73,5,1.83,3.5,2.08,0.75,1.5,5,2,6,"recurrance",4,1,6
"A1VFRCYMWGWWCZ",3.25,2.95,2,4.25,2.06,2.75,2.22,3,1.41,1.5,0.58,1.5,1.5,5,1,6,"long-term",5,1,7
"A1VFRCYMWGWWCZ",3.25,2.95,3,3,1.63,4.25,1.71,2.75,2.87,3.75,2.06,-1.25,-1,5,3,6,"recurrance",6,2,3
"A1VFRCYMWGWWCZ",3.25,2.95,4,2.75,2.22,2.5,1.91,3,2.16,2.5,1.73,0.25,0.5,5,4,6,"recurrance",4,4,5
"A1VFRCYMWGWWCZ",3.25,2.95,5,3,2.83,2.75,2.22,2.5,1.73,3.5,2.38,0.25,-1,5,5,6,"long-term",1,3,3
"A314XJY8V1YL12",2.67,1,1,2.33,1.53,1,0,2,1.73,1,0,1.33,1,4,1,4,"long-term",3,3,3
"A314XJY8V1YL12",2.67,1,2,2.67,2.08,1,0,2.67,2.08,1,0,1.67,1.67,4,2,4,"long-term",2,3,5
"A314XJY8V1YL12",2.67,1,3,2.67,2.08,1,0,3.33,1.53,1,0,1.67,2.33,4,4,4,"recurrance",2,4,5
"A314XJY8V1YL12",2.67,1,4,3,1,1,0,2.67,1.15,1,0,2,1.67,4,3,4,"recurrance",3,6,5
"A3KFFIBJZVM0J2",1.58,1.25,1,2,1.73,2,1.73,2.33,2.31,1,0,0,1.33,4,2,4,"short-term",4,1,3
"A3KFFIBJZVM0J2",1.58,1.25,2,1,0,1,0,1,0,1,0,0,0,4,3,4,"short-term",3,2,2
"A3KFFIBJZVM0J2",1.58,1.25,3,2.33,2.31,1,0,2,1.73,2,1.73,1.33,0,4,4,4,"short-term",2,3,2
"A3KFFIBJZVM0J2",1.58,1.25,4,1,0,1,0,1,0,1,0,0,0,4,1,4,"short-term",2,2,6
