"MTurkCode","total_fac","total_con","goal","out_fac_m","out_fac_sd","out_con_m","out_con_sd","in_fac_m","in_fac_sd","in_con_m","in_con_sd","out_net","in_net","conflict","connectedness","instrumentality"
"A10LHWALI4BZPC","1.50","1.33","2.50","1.50","0.53","1.33","0.14","1.50","0.67","1.33","0.58","0.17","0.17","1.00","2.00","4.50"
"A110BZSDZN7E16","2.33","1.33","2.00","2.33","1.89","1.33","0.47","2.33","1.89","1.33","0.47","1.00","1.00","1.67","2.00","6.00"
"A11F3MA5FWH6SJ","3.33","2.33","2.00","3.33","2.36","2.33","1.88","3.33","3.30","2.33","0.94","1.00","1.00","1.67","2.00","5.67"
"A11ILN5YSUDVG8","6.00","2.00","2.00","6.00","0.47","2.00","0.00","6.00","0.47","2.00","0.00","4.00","4.00","1.67","5.67","6.00"
"A121T4P5NKCHCS","3.33","2.83","2.00","3.33","1.89","2.83","1.18","3.33","2.36","2.83","2.59","0.50","0.50","2.00","4.00","5.00"
"A12JKSH2NE5W9N","2.50","2.50","1.50","2.50","NA","2.50","NA","2.50","NA","2.50","NA","0.00","0.00","3.00","3.50","6.50"
"A132GRVDGXPJGY","1.50","1.00","2.00","1.50","0.71","1.00","0.00","1.50","0.24","1.00","0.00","0.50","0.50","1.33","4.67","6.33"
"A13FUEPWBCLBUY","6.00","2.00","1.50","6.00","NA","2.00","NA","6.00","NA","2.00","NA","4.00","4.00","1.00","6.50","5.50"
"A13O22EMG5ZVN0","4.50","4.00","2.00","4.50","0.71","4.00","1.41","4.50","0.71","4.00","1.88","0.50","0.50","4.00","4.00","4.33"
"A13WTEQ06V3B6D","2.00","5.83","2.00","2.00","0.94","5.83","1.18","2.00","0.94","5.83","1.18","-3.83","-3.83","3.00","4.67","6.00"
"A1561P9VVA3C1C","1.83","1.83","2.00","1.83","1.18","1.83","1.18","1.83","1.18","1.83","1.18","0.00","0.00","1.33","2.67","3.67"
"A15VI0QFR2YO50","7.00","1.00","1.50","7.00","NA","1.00","NA","7.00","NA","1.00","NA","6.00","6.00","1.00","4.00","6.50"
"A160L76BFKQQ1Q","5.00","3.67","2.00","5.00","0.94","3.67","1.89","5.00","1.41","3.67","0.47","1.33","1.33","4.00","5.00","5.67"
"A169WH54HMYS5Z","1.00","1.00","2.00","1.00","0.00","1.00","0.00","1.00","0.00","1.00","0.00","0.00","0.00","2.00","1.00","6.33"
"A16Z9FSSF1X74O","3.45","1.80","3.00","3.45","2.68","1.80","1.14","3.45","2.53","1.80","1.40","1.65","1.65","2.00","3.00","4.20"
"A1720HSKGQ41VJ","1.58","1.25","2.50","1.58","0.40","1.25","0.43","1.58","0.82","1.25","0.25","0.33","0.33","1.50","2.00","4.75"
"A17KN7NAP48L4B","6.33","1.00","2.00","6.33","0.94","1.00","0.00","6.33","0.94","1.00","0.00","5.33","5.33","1.00","4.00","6.00"
"A18JNQE5GZQIX5","3.33","1.00","2.00","3.33","2.36","1.00","0.00","3.33","1.41","1.00","0.00","2.33","2.33","1.67","4.00","4.00"
"A18SXC3JEN1O0U","1.00","1.00","1.50","1.00","NA","1.00","NA","1.00","NA","1.00","NA","0.00","0.00","1.50","4.00","2.00"
"A196O7GQLD3S2J","4.50","2.17","2.00","4.50","1.18","2.17","1.65","4.50","1.18","2.17","1.18","2.33","2.33","2.67","3.00","6.33"
"A198MSVO1VTAT5","1.00","1.00","2.50","1.00","0.00","1.00","0.00","1.00","0.00","1.00","0.00","0.00","0.00","1.00","4.25","4.75"
"A19YQU3ZZ8USPO","3.00","2.33","2.00","3.00","1.89","2.33","0.00","3.00","1.41","2.33","0.47","0.67","0.67","1.00","7.00","5.33"
"A1ABL45KAK12A5","3.25","1.95","3.00","3.25","2.38","1.95","1.50","3.25","2.19","1.95","1.50","1.30","1.30","2.20","5.80","7.00"
"A1ADAWW4IHPCQ7","2.00","3.83","2.00","2.00","0.00","3.83","0.71","2.00","0.00","3.83","0.24","-1.83","-1.83","3.00","3.33","5.33"
"A1AIMKA54UBYIQ","1.00","1.00","1.50","1.00","NA","1.00","NA","1.00","NA","1.00","NA","0.00","0.00","3.00","3.50","2.00"
"A1AZLJ3R5FQ9B7","1.67","1.67","2.00","1.67","0.47","1.67","0.94","1.67","0.47","1.67","0.00","0.00","0.00","1.00","1.00","4.67"
"A1B5SSGMTAQ9B5","2.50","1.00","1.50","2.50","NA","1.00","NA","2.50","NA","1.00","NA","1.50","1.50","3.00","4.00","2.50"
"A1BG47GSHQ9WSU","2.00","2.00","1.50","2.00","NA","2.00","NA","2.00","NA","2.00","NA","0.00","0.00","3.00","2.00","3.50"
"A1BIJGB7XA0GME","1.00","1.00","2.00","1.00","0.00","1.00","0.00","1.00","0.00","1.00","0.00","0.00","0.00","1.33","1.00","1.00"
"A1BSVEBYDZ0AAU","1.50","2.83","2.00","1.50","0.24","2.83","1.18","1.50","0.71","2.83","0.71","-1.33","-1.33","2.67","3.67","1.67"
"A1BWS5AD2T4NIR","1.00","3.10","3.00","1.00","0.00","3.10","2.02","1.00","0.00","3.10","2.02","-2.10","-2.10","2.40","1.60","5.00"
"A1CI5U3BLQ2DDS","1.80","1.30","3.00","1.80","1.60","1.30","0.60","1.80","1.60","1.30","0.60","0.50","0.50","1.60","5.20","7.00"
"A1CTUG0RUGCY48","NA","NA","1.00","NA","NA","NA","NA","NA","NA","NA","NA","NA","NA","1.00","1.00","7.00"
"A1D2ZSPIHOI23K","4.50","3.17","2.00","4.50","1.18","3.17","1.18","4.50","0.71","3.17","0.71","1.33","1.33","4.00","3.67","4.33"
"A1D7IULWFI8PB1","3.17","2.00","2.00","3.17","3.06","2.00","0.94","3.17","2.12","2.00","0.94","1.17","1.17","1.00","2.67","4.67"
"A1DD23J1WBGQUU","2.83","1.17","2.00","2.83","2.59","1.17","0.24","2.83","1.18","1.17","0.24","1.67","1.67","2.00","3.33","4.67"
"A1EH9BPKYXFBS5","6.45","1.50","3.00","6.45","0.98","1.50","1.00","6.45","0.39","1.50","0.29","4.95","4.95","2.00","6.00","6.00"
"A1F1TBDHPYAAXT","3.00","1.00","2.00","3.00","2.83","1.00","0.00","3.00","2.83","1.00","0.00","2.00","2.00","1.00","5.00","6.67"
"A1G187YBG0DVMQ","1.67","1.67","2.00","1.67","0.94","1.67","0.94","1.67","0.47","1.67","0.94","0.00","0.00","1.67","3.00","4.00"
"A1G5EPLJEGL381","6.00","1.00","1.50","6.00","NA","1.00","NA","6.00","NA","1.00","NA","5.00","5.00","1.50","5.50","7.00"
"A1H5Q9HRH4RPZU","3.50","2.67","2.00","3.50","1.65","2.67","0.94","3.50","1.65","2.67","0.94","0.83","0.83","3.00","4.67","5.67"
"A1IBLFQ2E6VA2J","3.20","1.85","3.00","3.20","1.35","1.85","1.09","3.20","2.38","1.85","0.94","1.35","1.35","4.00","5.80","6.60"
"A1IJ56N5Z4TT46","4.40","2.30","3.00","4.40","1.61","2.30","0.74","4.40","1.15","2.30","0.73","2.10","2.10","2.75","4.40","4.60"
"A1IL81UMEC9OJI","1.65","1.00","3.00","1.65","0.71","1.00","0.00","1.65","0.70","1.00","0.00","0.65","0.65","1.00","3.00","3.80"
"A1J8TVICSRC70W","2.40","1.50","3.00","2.40","1.84","1.50","0.69","2.40","1.84","1.50","0.69","0.90","0.90","3.20","3.40","3.20"
"A1J9Z2VOHTT1UZ","4.00","1.67","2.00","4.00","0.94","1.67","0.00","4.00","1.89","1.67","0.47","2.33","2.33","2.00","4.67","5.33"
"A1K8VUKRL53OX","5.40","2.40","3.00","5.40","1.01","2.40","0.87","5.40","1.49","2.40","1.11","3.00","3.00","2.80","5.80","5.40"
"A1KC342L9WAQ2","3.17","1.67","2.00","3.17","1.65","1.67","0.00","3.17","1.65","1.67","0.47","1.50","1.50","2.67","3.33","6.00"
"A1LJNQX4KBUXNP","1.00","1.00","2.00","1.00","0.00","1.00","0.00","1.00","0.00","1.00","0.00","0.00","0.00","1.00","3.00","6.00"
"A1LS7GARU7CD08","1.17","1.67","2.00","1.17","0.24","1.67","0.47","1.17","0.24","1.67","0.47","-0.50","-0.50","2.33","2.00","4.67"
"A1M8BYIP0KZJZX","2.75","1.95","3.00","2.75","2.02","1.95","1.04","2.75","2.03","1.95","1.25","0.80","0.80","1.60","3.60","5.00"
"A1MJWY7UO3CDSM","1.00","1.00","1.50","1.00","NA","1.00","NA","1.00","NA","1.00","NA","0.00","0.00","1.00","1.50","4.00"
"A1NVF1YLDLF563","2.33","2.00","2.00","2.33","1.41","2.00","0.94","2.33","1.41","2.00","0.94","0.33","0.33","2.00","4.33","5.67"
"A1O9PAK6THJ9Y7","2.00","2.00","1.50","2.00","NA","2.00","NA","2.00","NA","2.00","NA","0.00","0.00","1.50","2.50","3.50"
"A1OJV3R8BH73BD","3.00","1.00","2.00","3.00","1.41","1.00","0.00","3.00","1.41","1.00","0.00","2.00","2.00","1.00","3.33","6.00"
"A1OR82RF1ZFWP","4.83","2.33","2.00","4.83","1.65","2.33","1.89","4.83","1.65","2.33","1.89","2.50","2.50","1.33","2.00","3.33"
"A1P3I7YCWXF9YG","7.00","1.00","1.50","7.00","NA","1.00","NA","7.00","NA","1.00","NA","6.00","6.00","1.00","1.00","7.00"
"A1QT7BQZVOBSY0","1.00","1.33","2.50","1.00","0.00","1.33","0.14","1.00","0.00","1.33","0.58","-0.33","-0.33","1.50","2.67","4.25"
"A1R5W4RQZTROD8","1.25","2.58","2.50","1.25","0.43","2.58","1.35","1.25","0.43","2.58","1.68","-1.34","-1.33","2.50","1.25","3.00"
"A1ROEDVMTO9Y3X","4.00","2.50","1.50","4.00","NA","2.50","NA","4.00","NA","2.50","NA","1.50","1.50","3.50","4.00","5.50"
"A1RQUOVV8PCXBM","5.65","1.50","3.00","5.65","1.59","1.50","0.56","5.65","1.34","1.50","0.61","4.15","4.15","2.40","5.20","6.20"
"A1RWNYJA5X25YH","4.25","1.55","3.00","4.25","2.35","1.55","0.98","4.25","2.01","1.55","0.81","2.70","2.70","1.40","4.20","5.00"
"A1SISJL5ST2PWH","3.00","1.00","2.00","3.00","2.83","1.00","0.00","3.00","2.83","1.00","0.00","2.00","2.00","1.00","2.67","4.33"
"A1SL72YBUW8Q8K","3.83","1.50","2.50","3.83","1.95","1.50","0.86","3.83","2.81","1.50","0.86","2.33","2.33","1.00","2.75","4.00"
"A1T83SZBP2DN65","5.00","2.00","1.50","5.00","NA","2.00","NA","5.00","NA","2.00","NA","3.00","3.00","2.00","3.00","4.00"
"A1TPGXT718D68E","1.67","1.33","2.00","1.67","0.94","1.33","0.00","1.67","0.94","1.33","0.47","0.33","0.33","3.67","4.00","6.00"
"A1U8LTCX5XYJ45","1.00","1.00","2.00","1.00","0.00","1.00","0.00","1.00","0.00","1.00","0.00","0.00","0.00","1.00","3.00","7.00"
"A1VFRCYMWGWWCZ","3.25","2.95","3.00","3.25","2.19","2.95","1.96","3.25","2.00","2.95","1.77","0.30","0.30","4.00","2.20","4.80"
"A1VRG5HKZC0H0C","1.90","2.45","3.00","1.90","1.29","2.45","0.85","1.90","1.34","2.45","1.85","-0.55","-0.55","3.00","3.20","4.00"
"A1W7I6FN183I8F","2.75","2.05","3.00","2.75","1.75","2.05","0.97","2.75","1.46","2.05","0.94","0.70","0.70","2.60","2.40","4.80"
"A1W850QN9RK019","2.75","1.10","3.00","2.75","2.32","1.10","0.20","2.75","2.28","1.10","0.20","1.65","1.65","3.40","3.60","5.40"
"A1WJYF201K77BI","1.80","1.50","3.00","1.80","1.19","1.50","1.00","1.80","0.88","1.50","1.00","0.30","0.30","2.80","3.00","3.60"
"A1WQACYPLESVGL","2.05","2.70","3.00","2.05","0.78","2.70","1.17","2.05","0.91","2.70","0.79","-0.65","-0.65","2.60","6.00","5.80"
"A1WS9UHL45VZ0X","2.33","2.00","2.00","2.33","1.89","2.00","1.41","2.33","1.41","2.00","1.41","0.33","0.33","2.33","3.33","4.00"
"A1WZY0K6IE3ASG","4.40","1.55","3.00","4.40","1.59","1.55","0.51","4.40","2.23","1.55","0.70","2.85","2.85","1.40","3.80","5.80"
"A1X388C6SDCDEY","4.67","2.50","2.50","4.66","1.59","2.50","1.10","4.67","2.48","2.50","1.67","2.16","2.17","3.00","4.50","5.50"
"A1XRWOK00HK1J4","2.00","1.25","2.50","2.00","1.73","1.25","0.29","2.00","1.73","1.25","0.43","0.75","0.75","1.00","3.25","3.75"
"A1XUZFDVKP95VC","2.00","1.00","1.50","2.00","NA","1.00","NA","2.00","NA","1.00","NA","1.00","1.00","2.50","4.50","7.00"
"A1YPOIURXB6ESR","2.92","2.50","2.50","2.92","2.77","2.50","1.53","2.92","2.88","2.50","1.68","0.42","0.42","3.50","4.25","6.25"
"A1Z2ZGPJRGG0G3","1.00","3.67","2.00","1.00","0.00","3.67","2.36","1.00","0.00","3.67","2.83","-2.67","-2.67","2.33","4.00","2.67"
"A1ZT0TLZZTT47M","2.15","2.85","3.00","2.15","1.33","2.85","1.33","2.15","1.75","2.85","1.70","-0.70","-0.70","3.60","3.20","3.60"
"A1ZT30BGR3266K","5.00","2.00","1.50","5.00","NA","2.00","NA","5.00","NA","2.00","NA","3.00","3.00","2.00","4.00","3.50"
"A207IHY6GERCFO","4.00","2.67","2.00","4.00","1.41","2.67","0.94","4.00","0.47","2.67","1.41","1.33","1.33","3.00","4.67","6.00"
"A2196WCNDZULFS","1.17","1.33","2.00","1.17","0.24","1.33","0.47","1.17","0.24","1.33","0.47","-0.17","-0.17","2.00","3.00","6.00"
"A21BXRUD15TQL8","3.83","1.33","2.00","3.83","1.65","1.33","0.47","3.83","3.54","1.33","0.00","2.50","2.50","1.67","3.67","3.00"
"A21ZYTE6WOKUA","3.17","5.42","2.50","3.17","1.01","5.42","2.06","3.17","2.38","5.42","2.74","-2.25","-2.25","2.75","2.25","7.00"
"A225BMTMXUR5F4","1.35","1.85","3.00","1.35","0.70","1.85","1.15","1.35","0.58","1.85","0.78","-0.50","-0.50","4.20","5.80","5.40"
"A22DDO8NILSX6O","3.00","1.67","2.50","3.00","1.22","1.67","0.40","3.00","1.10","1.67","0.72","1.33","1.33","2.00","3.75","5.00"
"A22SZHZTF72TRM","2.25","1.00","2.50","2.25","2.16","1.00","0.00","2.25","2.16","1.00","0.00","1.25","1.25","1.25","4.00","4.75"
"A248PLZABUKB62","1.65","2.50","3.00","1.65","0.65","2.50","0.20","1.65","1.13","2.50","0.75","-0.85","-0.85","5.00","4.00","4.20"
"A255RBA8P0K0XV","5.85","2.80","3.00","5.85","0.30","2.80","0.67","5.85","0.22","2.80","0.55","3.05","3.05","3.00","5.00","5.60"
"A2615YW1YERQBO","2.50","2.83","2.00","2.50","1.18","2.83","0.71","2.50","1.65","2.83","0.71","-0.33","-0.33","2.00","3.33","4.33"
"A26NGLGGFTATVN","1.00","1.00","1.50","1.00","NA","1.00","NA","1.00","NA","1.00","NA","0.00","0.00","1.00","2.50","7.00"
"A26UAJWMMNN351","1.00","2.50","2.00","1.00","0.00","2.50","2.12","1.00","0.00","2.50","2.12","-1.50","-1.50","2.00","3.00","4.00"
"A27INSDNTACWAM","4.75","4.25","2.50","4.75","1.30","4.25","2.80","4.75","3.34","4.25","2.91","0.50","0.50","4.00","4.75","5.25"
"A286W816CMIZL9","5.67","2.67","2.00","5.67","1.89","2.67","2.36","5.67","1.89","2.67","2.36","3.00","3.00","1.00","7.00","7.00"
"A28J7H4TH29DC3","1.50","3.17","2.00","1.50","0.71","3.17","3.06","1.50","0.71","3.17","2.59","-1.67","-1.67","2.67","6.67","6.67"
"A2ASTDMWBCFIP0","4.00","2.50","1.50","4.00","NA","2.50","NA","4.00","NA","2.50","NA","1.50","1.50","4.00","3.50","6.50"
"A2AT6TSPPCR106","4.00","1.00","2.50","4.00","2.06","1.00","0.00","4.00","2.08","1.00","0.00","3.00","3.00","1.25","3.75","6.50"
"A2AZYU1CT24O0K","4.30","1.50","3.00","4.30","2.71","1.50","0.77","4.30","2.41","1.50","0.68","2.80","2.80","1.40","5.00","6.20"
"A2B0FLA55RH047","4.08","1.50","2.50","4.08","1.36","1.50","0.53","4.08","1.40","1.50","0.72","2.58","2.58","2.00","4.75","6.25"
"A2BEBDMQ7SI4IY","6.10","5.75","3.00","6.10","0.95","5.75","0.96","6.10","0.87","5.75","1.01","0.35","0.35","6.20","5.40","6.20"
"A2BJTPZLXIGO8D","2.00","1.17","2.00","2.00","1.41","1.17","0.24","2.00","1.41","1.17","0.24","0.83","0.83","2.00","4.00","6.00"
"A2CP6MLJVJYBO7","4.00","1.00","1.50","4.00","NA","1.00","NA","4.00","NA","1.00","NA","3.00","3.00","1.00","5.50","6.50"
"A2CYMT8T33U6EE","1.65","1.70","3.00","1.65","1.18","1.70","0.89","1.65","1.04","1.70","0.87","-0.05","-0.05","2.80","3.60","4.40"
"A2DVV59R1CQU6T","3.00","1.00","2.00","3.00","2.36","1.00","0.00","3.00","2.36","1.00","0.00","2.00","2.00","2.00","3.00","5.67"
"A2EK1HDV4I4GSK","5.50","2.00","1.50","5.50","NA","2.00","NA","5.50","NA","2.00","NA","3.50","3.50","3.00","2.50","5.50"
"A2EMTSJS47K8SU","2.17","2.17","2.00","2.17","1.18","2.17","1.18","2.17","1.65","2.17","1.65","0.00","0.00","3.00","3.67","5.67"
"A2ESBX4C2Q6TQY","3.80","1.00","3.00","3.80","2.53","1.00","0.00","3.80","2.42","1.00","0.00","2.80","2.80","1.00","4.00","4.40"
"A2F5QCUTZU7KF7","2.00","1.83","2.00","2.00","1.41","1.83","0.71","2.00","1.41","1.83","0.71","0.17","0.17","2.67","4.00","5.33"
"A2FP41BSPG0Y4A","1.65","1.75","3.00","1.65","0.87","1.75","0.90","1.65","1.30","1.75","1.10","-0.10","-0.10","3.80","2.80","4.40"
"A2GTBBZA2M82NR","2.58","1.50","2.50","2.58","1.93","1.50","0.67","2.58","1.93","1.50","0.53","1.08","1.08","1.25","2.50","4.50"
"A2H0VR477QHYO7","3.92","3.92","2.50","3.92","1.89","3.92","1.40","3.92","1.63","3.92","1.55","0.00","0.00","4.75","5.75","6.25"
"A2H6Q22X1V1FTX","1.33","2.00","2.00","1.33","0.47","2.00","1.41","1.33","0.47","2.00","1.41","-0.67","-0.67","2.67","4.00","4.33"
"A2H92K2776A1IC","2.17","1.33","2.50","2.16","2.02","1.34","0.57","2.16","2.02","1.34","0.57","0.84","0.84","2.00","4.75","5.25"
"A2HJYX70UQW9XR","2.20","1.50","3.00","2.20","1.89","1.50","0.52","2.20","1.56","1.50","0.52","0.70","0.70","1.80","3.00","3.80"
"A2HQMB1GSEADL","1.70","2.20","3.00","1.70","0.95","2.20","1.23","1.70","0.95","2.20","1.15","-0.50","-0.50","3.40","1.60","2.60"
"A2IJEKMVEHQ90W","1.25","2.20","3.00","1.25","0.50","2.20","1.60","1.25","0.50","2.20","1.56","-0.95","-0.95","3.60","2.60","5.20"
"A2KOR4003SVNC5","2.33","1.00","2.00","2.33","1.89","1.00","0.00","2.33","1.89","1.00","0.00","1.33","1.33","3.33","4.00","5.67"
"A2LT6KC1X51FVW","5.00","1.00","1.50","5.00","NA","1.00","NA","5.00","NA","1.00","NA","4.00","4.00","1.00","2.00","5.00"
"A2LU3430Q972IN","1.50","1.00","2.00","1.50","0.71","1.00","0.00","1.50","0.24","1.00","0.00","0.50","0.50","1.67","3.00","4.67"
"A2NAKIXS3DVGAA","NA","NA","1.00","NA","NA","NA","NA","NA","NA","NA","NA","NA","NA","1.00","1.00","2.00"
"A2NHFSO7GMM8QR","2.50","1.00","1.50","2.50","NA","1.00","NA","2.50","NA","1.00","NA","1.50","1.50","2.50","2.50","5.50"
"A2O2Q0LVWOWJ1G","2.42","1.50","2.50","2.42","2.45","1.50","0.68","2.42","2.45","1.50","0.86","0.92","0.92","1.50","2.00","4.00"
"A2PE32I58ANCDD","5.00","1.00","1.50","5.00","NA","1.00","NA","5.00","NA","1.00","NA","4.00","4.00","2.00","1.50","4.00"
"A2R75YFKVALBXE","2.95","1.25","3.00","2.95","2.54","1.25","0.39","2.95","2.70","1.25","0.50","1.70","1.70","2.60","5.80","6.40"
"A2R9OK4M877ZCC","3.00","3.50","2.00","3.00","2.83","3.50","3.53","3.00","2.83","3.50","2.12","-0.50","-0.50","2.00","4.67","6.67"
"A2RMJNF6IPI42F","2.10","1.85","3.00","2.10","1.43","1.85","0.81","2.10","1.34","1.85","1.70","0.25","0.25","2.40","4.00","4.80"
"A2SFFO79KSG5VA","1.45","1.00","3.00","1.45","0.90","1.00","0.00","1.45","0.90","1.00","0.00","0.45","0.45","1.20","4.00","3.80"
"A2SKOPFTRTNFUY","3.00","1.00","2.50","3.00","3.46","1.00","0.00","3.00","3.46","1.00","0.00","2.00","2.00","1.00","4.50","5.25"
"A2TLN8489YGY81","NA","NA","1.00","NA","NA","NA","NA","NA","NA","NA","NA","NA","NA","4.00","4.00","7.00"
"A2VGEE0ZIZ8CBQ","2.17","2.17","2.00","2.17","0.71","2.17","0.71","2.17","0.71","2.17","1.18","0.00","0.00","2.33","3.33","5.00"
"A2VGFS03KCCR1Q","1.50","2.50","1.50","1.50","NA","2.50","NA","1.50","NA","2.50","NA","-1.00","-1.00","2.00","1.50","6.00"
"A2VNSNAN1LZBAM","1.00","1.67","2.00","1.00","0.00","1.67","0.94","1.00","0.00","1.67","0.94","-0.67","-0.67","1.00","1.00","1.00"
"A2W0G89O7E9EFO","1.75","1.40","3.00","1.75","0.98","1.40","0.52","1.75","0.96","1.40","0.52","0.35","0.35","1.40","3.20","3.80"
"A2WJMGV0HKQG3Z","3.00","1.00","2.00","3.00","2.83","1.00","0.00","3.00","2.83","1.00","0.00","2.00","2.00","1.00","1.00","4.33"
"A2WZ8ZEB00LYF7","5.00","4.00","1.50","5.00","NA","4.00","NA","5.00","NA","4.00","NA","1.00","1.00","4.00","6.00","5.50"
"A2X3FSFHV5GHJU","3.00","1.00","2.00","3.00","1.88","1.00","0.00","3.00","1.41","1.00","0.00","2.00","2.00","1.33","2.00","3.67"
"A2Y0WNHMT4PZ4C","3.00","1.00","2.00","3.00","2.83","1.00","0.00","3.00","2.83","1.00","0.00","2.00","2.00","1.00","4.33","5.33"
"A2YVAWO75X8R78","3.60","1.30","3.00","3.60","2.11","1.30","0.43","3.60","2.20","1.30","0.52","2.30","2.30","1.20","3.40","4.60"
"A2ZGAH6NOSU2PO","2.45","1.25","3.00","2.45","1.58","1.25","0.50","2.45","1.26","1.25","0.39","1.20","1.20","1.60","3.40","4.40"
"A302KOFOYLD89A","2.33","1.33","2.00","2.33","1.89","1.33","0.47","2.33","1.89","1.33","0.47","1.00","1.00","2.33","2.00","5.67"
"A30FIPRPFQRBO6","3.00","3.00","2.00","3.00","2.83","3.00","2.83","3.00","2.83","3.00","2.83","0.00","0.00","3.00","4.00","6.00"
"A30HUZHJBOX1LK","6.00","1.50","1.50","6.00","NA","1.50","NA","6.00","NA","1.50","NA","4.50","4.50","1.00","5.00","5.00"
"A314XJY8V1YL12","2.67","1.00","2.50","2.67","1.67","1.00","0.00","2.67","1.62","1.00","0.00","1.67","1.67","2.50","4.00","4.50"
"A321WQIFK10UV3","5.50","1.33","2.00","5.50","1.18","1.33","0.47","5.50","1.18","1.33","0.00","4.17","4.17","1.00","6.00","7.00"
"A33RI08QRVG5Q0","1.20","1.20","3.00","1.20","0.40","1.20","0.40","1.20","0.29","1.20","0.20","0.00","0.00","1.60","4.80","4.40"
"A34VLM2UC0JY11","7.00","1.00","1.50","7.00","NA","1.00","NA","7.00","NA","1.00","NA","6.00","6.00","1.00","7.00","7.00"
"A350SLJRMBIFM4","1.83","1.67","2.50","1.83","1.05","1.67","0.82","1.83","1.24","1.67","0.97","0.17","0.16","2.25","2.50","2.75"
"A351LMMMFYPM7U","1.60","1.30","3.00","1.60","0.98","1.30","0.43","1.60","0.98","1.30","0.60","0.30","0.30","1.20","1.40","4.20"
"A36ZURENFWTYOZ","1.30","1.90","3.00","1.30","0.60","1.90","0.49","1.30","0.60","1.90","1.31","-0.60","-0.60","1.60","2.60","4.40"
"A37PUSY6CJ7TQ0","2.20","1.45","3.00","2.20","1.59","1.45","0.56","2.20","1.33","1.45","0.65","0.75","0.75","2.00","3.80","3.80"
"A38BO0BRCQX6OV","3.83","1.67","2.00","3.83","1.65","1.67","0.94","3.83","1.65","1.67","0.94","2.17","2.17","1.33","5.33","6.67"
"A38DHLB88V8DL8","3.75","1.08","2.50","3.75","2.19","1.08","0.14","3.75","2.47","1.08","0.14","2.67","2.67","1.75","5.25","5.33"
"A3989GRV3UV5VW","1.50","1.50","2.00","1.50","0.71","1.50","0.71","1.50","0.71","1.50","0.71","0.00","0.00","2.33","4.00","5.00"
"A39H9RIYRB5ZYV","6.55","1.15","3.00","6.55","0.45","1.15","0.30","6.55","0.79","1.15","0.22","5.40","5.40","1.20","5.80","6.80"
"A3AE0JEXW4DB34","2.15","1.00","3.00","2.15","1.61","1.00","0.00","2.15","1.90","1.00","0.00","1.15","1.15","1.00","3.00","7.00"
"A3AJJHOAV7WIUQ","4.83","3.17","2.00","4.83","1.18","3.17","1.18","4.83","1.18","3.17","1.18","1.67","1.67","3.67","4.00","6.00"
"A3BE3KXD518TZ4","3.00","1.17","2.00","3.00","2.83","1.17","0.24","3.00","2.83","1.17","0.24","1.83","1.83","1.67","3.33","6.00"
"A3CAF7LTD3ORSG","3.17","1.00","2.00","3.17","3.07","1.00","0.00","3.17","1.65","1.00","0.00","2.17","2.17","1.33","3.00","6.33"
"A3E76V59BKGKCQ","3.67","1.17","2.00","3.67","1.89","1.17","0.24","3.67","3.30","1.17","0.24","2.50","2.50","2.00","5.00","6.00"
"A3EXD5E390Z6B3","2.00","6.00","2.00","2.00","1.41","6.00","1.41","2.00","1.41","6.00","1.41","-4.00","-4.00","5.33","2.33","3.67"
"A3GI28OVLDI9ST","3.65","1.20","3.00","3.65","2.24","1.20","0.40","3.65","2.17","1.20","0.40","2.45","2.45","2.80","4.40","5.60"
"A3GZXU4FUJTKZD","1.85","2.10","3.00","1.85","0.34","2.10","0.99","1.85","1.70","2.10","1.18","-0.25","-0.25","3.20","4.20","4.00"
"A3HXM7BGH18FOW","3.00","1.00","2.00","3.00","2.83","1.00","0.00","3.00","2.83","1.00","0.00","2.00","2.00","1.00","4.00","2.67"
"A3KFFIBJZVM0J2","1.58","1.25","2.50","1.58","1.01","1.25","0.43","1.58","1.01","1.25","0.43","0.33","0.33","2.75","2.00","3.25"
"A3KIDRWRKC7RI5","1.35","1.70","3.00","1.35","0.70","1.70","0.95","1.35","0.58","1.70","0.90","-0.35","-0.35","2.40","2.60","4.20"
"A3KIZLHCD945UK","6.33","3.00","2.00","6.33","0.94","3.00","2.83","6.33","0.94","3.00","2.83","3.33","3.33","2.67","6.67","4.67"
"A3KNLR8H286IHT","2.00","1.00","2.00","2.00","1.41","1.00","0.00","2.00","1.41","1.00","0.00","1.00","1.00","1.00","4.67","7.00"
"A3LL096CAY5WHB","6.00","2.00","1.50","6.00","NA","2.00","NA","6.00","NA","2.00","NA","4.00","4.00","1.50","5.50","4.50"
"A3M81P9BEVE1GD","5.85","5.60","3.00","5.85","0.98","5.60","0.87","5.85","0.89","5.60","0.75","0.25","0.25","6.00","5.60","5.60"
"A3NKNOE5HIXXL","3.00","5.00","2.00","3.00","2.83","5.00","2.83","3.00","2.83","5.00","2.83","-2.00","-2.00","2.00","4.33","7.00"
"A3NLSGHK6RFXA8","3.75","2.25","2.50","3.75","2.16","2.25","0.43","3.75","3.03","2.25","2.16","1.50","1.50","1.00","3.25","6.50"
"A3NRAEKWOKVUNN","3.00","1.50","1.50","3.00","NA","1.50","NA","3.00","NA","1.50","NA","1.50","1.50","1.50","3.50","3.50"
"A3NXT3OVGL7QNR","NA","NA","1.00","NA","NA","NA","NA","NA","NA","NA","NA","NA","NA","1.00","3.00","6.00"
"A3O0ZQMDKOKAMR","5.50","1.00","1.50","5.50","NA","1.00","NA","5.50","NA","1.00","NA","4.50","4.50","2.50","4.50","6.50"
"A3OAXRZT3MVJML","1.50","1.17","2.00","1.50","0.71","1.17","0.24","1.50","0.71","1.17","0.24","0.33","0.33","1.00","3.00","4.67"
"A3OLRWACCCCUTU","1.75","1.85","3.00","1.75","1.50","1.85","1.05","1.75","1.50","1.85","1.05","-0.10","-0.10","3.20","5.20","4.40"
"A3OPRR8AXT6OSJ","6.83","1.17","2.00","6.83","0.24","1.17","0.24","6.83","0.24","1.17","0.24","5.67","5.67","1.67","6.67","7.00"
"A3OUNEJO97MM8E","3.83","3.17","2.00","3.83","0.71","3.17","1.18","3.83","2.12","3.17","1.18","0.67","0.67","3.00","4.00","5.33"
"A3PGCZCYMXQMZ8","2.00","1.00","2.50","2.00","1.73","1.00","0.00","2.00","1.73","1.00","0.00","1.00","1.00","1.00","3.00","5.00"
"A3PSV85ZUXP9VF","1.00","3.00","2.00","1.00","0.00","3.00","2.83","1.00","0.00","3.00","2.83","-2.00","-2.00","2.00","2.00","4.33"
"A3QSFE6GKO157S","7.00","1.00","1.50","7.00","NA","1.00","NA","7.00","NA","1.00","NA","6.00","6.00","1.00","7.00","5.50"
"A3ROYUO9LWA22S","3.70","1.70","3.00","3.70","2.33","1.70","1.40","3.70","1.63","1.70","1.40","2.00","2.00","3.20","6.60","7.00"
"A3U2S6OPJNS4AQ","NA","NA","1.00","NA","NA","NA","NA","NA","NA","NA","NA","NA","NA","1.00","6.00","6.00"
"A3U4SSUB9ZZ9T0","3.67","3.67","2.00","3.67","0.47","3.67","0.94","3.67","2.36","3.67","3.30","0.00","0.00","3.33","5.33","6.33"
"A3UUH3632AI3ZX","NA","NA","1.00","NA","NA","NA","NA","NA","NA","NA","NA","NA","NA","1.00","4.00","7.00"
"A3VYBAO7UQQHGC","5.00","1.00","2.00","5.00","1.41","1.00","0.00","5.00","0.47","1.00","0.00","4.00","4.00","1.00","2.33","5.67"
"A3VZUPCZB4Q9XW","2.65","1.65","3.00","2.65","1.53","1.65","0.57","2.65","1.43","1.65","0.57","1.00","1.00","3.00","5.20","4.20"
"A47VCO946DO5K","3.67","1.00","2.00","3.67","1.89","1.00","0.00","3.67","1.89","1.00","0.00","2.67","2.67","1.00","3.00","3.00"
"A49CVVOWN4D6Y","1.95","1.40","3.00","1.95","1.38","1.40","0.80","1.95","1.53","1.40","0.55","0.55","0.55","1.40","6.40","7.00"
"A4BDXOXC4D8FX","1.00","1.00","2.00","1.00","0.00","1.00","0.00","1.00","0.00","1.00","0.00","0.00","0.00","1.00","1.00","5.00"
"A5A14MTB35J23","1.00","1.35","3.00","1.00","0.00","1.35","0.51","1.00","0.00","1.35","0.59","-0.35","-0.35","1.25","2.00","2.80"
"A5E2P5F1AXYZ1","2.85","1.35","3.00","2.85","2.00","1.35","0.50","2.85","2.14","1.35","0.53","1.50","1.50","2.80","3.80","3.80"
"A6JUD4NCQCDWG","2.00","5.00","1.50","2.00","NA","5.00","NA","2.00","NA","5.00","NA","-3.00","-3.00","4.50","4.50","3.00"
"A6R5AQ4D638BH","3.33","1.00","2.00","3.33","0.94","1.00","0.00","3.33","1.88","1.00","0.00","2.33","2.33","1.00","3.00","4.67"
"A770OB1ZAGJ4G","6.50","1.50","2.50","6.50","0.43","1.50","0.43","6.50","0.43","1.50","0.43","5.00","5.00","2.50","5.25","6.25"
"A7P3R1AIA4TVV","3.17","2.00","2.00","3.17","2.59","2.00","0.94","3.17","3.06","2.00","0.94","1.17","1.17","2.67","4.00","5.00"
"AADRZTXSE7211","2.17","2.50","2.50","2.17","2.02","2.50","1.30","2.17","2.02","2.50","1.59","-0.34","-0.34","3.00","3.50","5.25"
"AAHZCL4LIPCBQ","7.00","1.00","2.00","7.00","0.00","1.00","0.00","7.00","0.00","1.00","0.00","6.00","6.00","1.00","7.00","7.00"
"ABOEYY9Y0PFRI","2.00","2.50","2.00","2.00","0.47","2.50","0.71","2.00","0.94","2.50","0.71","-0.50","-0.50","2.67","2.33","2.00"
"ADJ9I7ZBFYFH7","2.17","1.00","2.00","2.17","0.71","1.00","0.00","2.17","1.18","1.00","0.00","1.17","1.17","1.00","5.67","5.33"
"ADYMIMV1PE14V","4.33","1.50","2.00","4.33","0.94","1.50","0.71","4.33","3.30","1.50","0.71","2.83","2.83","1.00","4.67","6.00"
"AF0W4ZBY7VXOU","6.00","2.00","2.00","6.00","1.41","2.00","1.41","6.00","1.41","2.00","1.41","4.00","4.00","2.33","7.00","7.00"
"AFMAFX0P2YRRV","NA","NA","1.00","NA","NA","NA","NA","NA","NA","NA","NA","NA","NA","1.00","4.00","4.00"
"AH00EJ6PK1H3A","1.83","1.00","2.00","1.83","1.18","1.00","0.00","1.83","1.18","1.00","0.00","0.83","0.83","1.00","3.00","3.33"
"AHGDYNKOKJWFJ","2.50","2.00","2.00","2.50","0.71","2.00","0.00","2.50","0.71","2.00","0.00","0.50","0.50","2.00","2.33","4.00"
"AHKRGPN5D3I2G","2.30","1.35","3.00","2.30","2.34","1.35","0.70","2.30","2.47","1.35","0.70","0.95","0.95","1.00","7.00","7.00"
"AHYTT3T8W9Y9Y","NA","NA","1.00","NA","NA","NA","NA","NA","NA","NA","NA","NA","NA","1.00","2.00","3.00"
"AIA7RZSAONU5M","5.50","2.50","2.00","5.50","1.18","2.50","0.71","5.50","1.18","2.50","0.71","3.00","3.00","1.33","6.00","6.33"
"AIHHRINW9IN1I","2.17","1.00","2.00","2.17","1.18","1.00","0.00","2.17","0.71","1.00","0.00","1.17","1.17","1.00","1.67","3.33"
"AIHUIAQ4922K3","1.50","1.00","1.50","1.50","NA","1.00","NA","1.50","NA","1.00","NA","0.50","0.50","1.50","4.00","4.00"
"AJ4T7PTRYNSUW","3.83","2.00","2.00","3.83","1.18","2.00","1.41","3.83","1.65","2.00","1.41","1.83","1.83","2.33","3.00","5.33"
"AJ9O2ZA0E8UDZ","1.50","1.00","2.00","1.50","0.71","1.00","0.00","1.50","0.71","1.00","0.00","0.50","0.50","3.67","5.00","5.00"
"AJDHPRCJ985C7","1.65","2.15","3.00","1.65","0.70","2.15","1.38","1.65","1.13","2.15","1.31","-0.50","-0.50","3.00","3.20","3.60"
"AJMWITY1XT7H7","4.83","2.08","2.50","4.83","2.45","2.08","1.51","4.83","2.26","2.08","1.67","2.75","2.75","2.50","5.75","4.00"
"AJQ71YIGY01HZ","1.00","1.00","1.50","1.00","NA","1.00","NA","1.00","NA","1.00","NA","0.00","0.00","1.00","2.00","6.50"
"AKMOBFEEKW378","1.60","2.20","3.00","1.60","1.20","2.20","2.40","1.60","1.20","2.20","2.40","-0.60","-0.60","3.40","4.20","5.40"
"AKX5RHHO8BIUX","1.40","1.40","3.00","1.40","0.69","1.40","0.55","1.40","0.63","1.40","0.69","0.00","0.00","3.00","4.20","4.40"
"AL7UTA8J27TFK","4.75","1.00","2.50","4.75","1.38","1.00","0.00","4.75","1.59","1.00","0.00","3.75","3.75","1.25","5.50","6.00"
"ALAOEYIYW0CW7","3.45","1.35","3.00","3.45","1.97","1.35","0.70","3.45","2.32","1.35","0.70","2.10","2.10","4.00","6.00","6.40"
"ALDQRWYZ8KQ9A","1.50","4.83","2.00","1.50","0.24","4.83","1.65","1.50","0.71","4.83","0.24","-3.33","-3.33","3.67","1.67","2.00"
"AM0QVBV8L6QCJ","1.00","1.00","1.50","1.00","NA","1.00","NA","1.00","NA","1.00","NA","0.00","0.00","1.00","1.00","5.00"
"AMA18W8F60Y2J","NA","NA","1.00","NA","NA","NA","NA","NA","NA","NA","NA","NA","NA","3.00","4.00","5.00"
"AMTTB8JUWRRM7","1.00","1.00","1.50","1.00","NA","1.00","NA","1.00","NA","1.00","NA","0.00","0.00","1.00","1.00","2.50"
"ANZNAAS2K0DSY","1.50","1.00","2.00","1.50","0.71","1.00","0.00","1.50","0.71","1.00","0.00","0.50","0.50","1.00","2.33","4.00"
"AOS2PVHT2HYTL","1.17","1.00","2.00","1.17","0.24","1.00","0.00","1.17","0.24","1.00","0.00","0.17","0.17","1.00","1.67","2.00"
"APY7YO8CH0ZDP","4.17","2.17","2.00","4.17","2.59","2.17","0.71","4.17","2.59","2.17","1.65","2.00","2.00","1.33","5.67","4.33"
"AQAXDL1INQC9Q","2.17","2.67","2.00","2.17","0.24","2.67","0.94","2.17","1.18","2.67","0.47","-0.50","-0.50","3.67","1.00","3.33"
"AQMLJYUQCSG22","1.00","2.33","2.00","1.00","0.00","2.33","0.94","1.00","0.00","2.33","0.47","-1.33","-1.33","2.00","1.33","2.00"
"ARQR5NIFA1AJ","2.50","1.33","2.00","2.50","1.18","1.33","0.47","2.50","1.65","1.33","0.00","1.17","1.17","2.00","4.00","4.33"
"AS2MFSWNC5CQI","1.00","1.50","2.50","1.00","0.00","1.50","0.86","1.00","0.00","1.50","0.86","-0.50","-0.50","2.75","3.00","4.50"
"AS6FM754MF2B2","1.83","1.92","2.50","1.84","1.44","1.92","1.59","1.84","1.44","1.92","1.59","-0.08","-0.08","4.00","5.25","5.25"
"ASY5W2HJPIPF4","1.00","1.00","1.50","1.00","NA","1.00","NA","1.00","NA","1.00","NA","0.00","0.00","1.00","2.50","1.50"
"AT6LDQNLKTUSE","4.00","3.50","1.50","4.00","NA","3.50","NA","4.00","NA","3.50","NA","0.50","0.50","3.00","4.00","6.00"
"AU34T9OMHN4Z4","2.00","1.00","2.00","2.00","1.41","1.00","0.00","2.00","1.41","1.00","0.00","1.00","1.00","1.00","5.00","6.33"
"AUQTHU5AOZVQC","4.15","1.35","3.00","4.15","2.28","1.35","0.46","4.15","2.49","1.35","0.59","2.80","2.80","2.40","5.80","7.00"
"AVKMFV9CZ0MLR","7.00","1.00","3.00","7.00","0.00","1.00","0.00","7.00","0.00","1.00","0.00","6.00","6.00","2.20","7.00","7.00"
"AWTGJ45ZWUCHH","1.75","1.45","3.00","1.75","0.57","1.45","0.90","1.75","1.50","1.45","0.57","0.30","0.30","1.00","2.40","5.20"
"AWVLT2L5AP873","1.50","2.33","2.00","1.50","0.71","2.33","1.89","1.50","0.71","2.33","1.89","-0.83","-0.83","3.67","3.00","5.00"
"AXF0OX50YZQC6","4.60","1.00","3.00","4.60","2.40","1.00","0.00","4.60","2.40","1.00","0.00","3.60","3.60","1.00","6.60","7.00"
"AY4E4CDN0J6JL","1.50","1.42","2.50","1.50","0.86","1.42","0.29","1.50","0.68","1.42","0.72","0.08","0.08","1.50","1.00","4.25"
"AY5QPUSEADPBG","4.00","5.00","1.50","4.00","NA","5.00","NA","4.00","NA","5.00","NA","-1.00","-1.00","4.50","4.00","4.00"
"AYA1LRB27KSR1","5.80","1.60","3.00","5.80","1.50","1.60","0.86","5.80","1.89","1.60","1.20","4.20","4.20","1.20","5.40","7.00"
"AYNDATHZBJZ6E","2.67","2.33","2.00","2.67","0.47","2.33","0.47","2.67","0.94","2.33","0.47","0.33","0.33","2.33","3.67","6.33"
"AYPOAY43REHC8","4.60","1.00","3.00","4.60","2.40","1.00","0.00","4.60","2.58","1.00","0.00","3.60","3.60","1.00","4.60","7.00"
