"MTurkCode","listNum","total_goal","goal","goalType","commitment","effort","failure","implementation_intention","initial_time","other_resources","procrastination","regret","self_resources","urgency"
"A10LHWALI4BZPC",4,10,"1","recurrance",7,6,3,7,1,2,2,4,7,4
"A10LHWALI4BZPC",4,10,"2","short-term",6,4,1,6,3,6,1,3,5,3
"A10LHWALI4BZPC",4,10,"3","long-term",4,4,3,5,3,7,2,4,6,2
"A10LHWALI4BZPC",4,10,"4","recurrance",7,7,3,7,2,5,1,6,7,3
"A110BZSDZN7E16",3,4,"1","short-term",7,7,2,7,1,5,1,7,7,6
"A110BZSDZN7E16",3,4,"2","short-term",7,6,1,6,3,6,1,7,6,5
"A110BZSDZN7E16",3,4,"3","long-term",7,7,1,7,3,1,1,7,7,6
"A11F3MA5FWH6SJ",3,3,"1","recurrance",7,2,3,4,3,4,6,7,7,7
"A11F3MA5FWH6SJ",3,3,"2","recurrance",6,4,3,5,1,4,4,6,5,5
"A11F3MA5FWH6SJ",3,3,"3","short-term",7,7,2,5,1,2,2,7,5,7
"A11ILN5YSUDVG8",3,3,"1","recurrance",6,4,3,6,5,5,6,6,6,6
"A11ILN5YSUDVG8",3,3,"2","recurrance",7,4,1,6,4,6,3,4,6,6
"A11ILN5YSUDVG8",3,3,"3","long-term",7,4,3,5,3,6,4,7,6,5
"A121T4P5NKCHCS",3,3,"1","short-term",7,7,1,7,8,5,2,7,7,7
"A121T4P5NKCHCS",3,3,"2","short-term",7,6,2,5,2,4,2,5,7,6
"A121T4P5NKCHCS",3,3,"3","short-term",7,3,3,7,1,2,5,6,6,7
"A12JKSH2NE5W9N",2,2,"1","recurrance",7,6,3,7,3,6,3,7,6,7
"A12JKSH2NE5W9N",2,2,"2","long-term",7,6,3,5,1,7,5,7,6,4
"A132GRVDGXPJGY",3,3,"1","short-term",7,6,2,4,2,5,2,7,7,6
"A132GRVDGXPJGY",3,3,"2","short-term",5,5,3,5,1,2,4,7,6,7
"A132GRVDGXPJGY",3,3,"3","short-term",7,7,3,4,1,7,5,7,7,7
"A13FUEPWBCLBUY",2,2,"1","recurrance",7,7,3,7,3,5,2,7,7,6
"A13FUEPWBCLBUY",2,2,"2","recurrance",7,6,3,7,3,6,2,6,7,6
"A13O22EMG5ZVN0",3,5,"1","recurrance",3,5,1,5,1,2,6,4,4,4
"A13O22EMG5ZVN0",3,5,"2","recurrance",4,4,2,4,1,4,4,7,4,4
"A13O22EMG5ZVN0",3,5,"3","recurrance",6,4,1,4,1,4,3,4,5,4
"A13WTEQ06V3B6D",3,3,"1","recurrance",7,5,3,7,3,7,4,7,7,5
"A13WTEQ06V3B6D",3,3,"2","recurrance",6,6,3,6,2,6,4,6,6,6
"A13WTEQ06V3B6D",3,3,"3","short-term",7,6,3,7,3,4,2,5,7,4
"A1561P9VVA3C1C",3,3,"1","recurrance",4,2,1,3,6,6,6,7,5,7
"A1561P9VVA3C1C",3,3,"2","short-term",4,1,2,5,2,5,7,7,3,6
"A1561P9VVA3C1C",3,3,"3","long-term",4,3,3,2,1,7,7,7,5,7
"A15VI0QFR2YO50",2,2,"1","short-term",7,7,1,7,3,7,1,7,7,7
"A15VI0QFR2YO50",2,2,"2","short-term",7,6,1,7,4,4,4,4,7,4
"A160L76BFKQQ1Q",3,3,"1","recurrance",7,6,1,6,4,4,7,3,7,7
"A160L76BFKQQ1Q",3,3,"2","short-term",5,4,2,7,4,1,4,4,7,4
"A160L76BFKQQ1Q",3,3,"3","recurrance",4,7,3,7,1,7,7,7,7,7
"A169WH54HMYS5Z",3,3,"1","recurrance",7,5,3,7,3,4,4,7,7,7
"A169WH54HMYS5Z",3,3,"2","recurrance",5,3,2,7,1,3,4,5,7,5
"A169WH54HMYS5Z",3,3,"3","recurrance",7,6,3,7,3,6,3,7,5,7
"A16Z9FSSF1X74O",5,5,"1","recurrance",7,4,3,7,1,5,7,7,7,7
"A16Z9FSSF1X74O",5,5,"2","long-term",4,4,3,5,1,2,7,4,5,1
"A16Z9FSSF1X74O",5,5,"3","short-term",4,3,2,5,1,1,6,2,6,1
"A16Z9FSSF1X74O",5,5,"4","recurrance",6,1,1,5,3,5,2,3,7,3
"A16Z9FSSF1X74O",5,5,"5","recurrance",7,7,1,7,1,6,1,7,5,7
"A1720HSKGQ41VJ",4,4,"1","short-term",6,4,1,6,4,5,4,6,4,7
"A1720HSKGQ41VJ",4,4,"2","short-term",5,4,3,5,3,5,4,6,5,3
"A1720HSKGQ41VJ",4,4,"3","long-term",4,2,3,6,2,5,6,3,5,2
"A1720HSKGQ41VJ",4,4,"4","recurrance",6,2,3,5,2,5,6,4,7,4
"A17KN7NAP48L4B",3,3,"1","short-term",7,7,3,7,3,7,1,7,7,4
"A17KN7NAP48L4B",3,3,"2","recurrance",6,3,3,5,5,3,3,4,7,4
"A17KN7NAP48L4B",3,3,"3","recurrance",6,7,3,7,3,5,4,6,7,4
"A18JNQE5GZQIX5",3,3,"1","recurrance",7,6,1,6,2,4,2,5,7,5
"A18JNQE5GZQIX5",3,3,"2","recurrance",6,5,3,5,3,6,4,4,6,5
"A18JNQE5GZQIX5",3,3,"3","long-term",6,7,1,6,4,5,3,3,6,5
"A18SXC3JEN1O0U",2,2,"1","recurrance",7,3,3,7,1,4,5,4,7,3
"A18SXC3JEN1O0U",2,2,"2","recurrance",5,2,3,5,1,2,4,5,5,3
"A196O7GQLD3S2J",3,3,"1","short-term",7,4,1,6,2,4,2,6,4,7
"A196O7GQLD3S2J",3,3,"2","recurrance",6,5,1,4,4,1,2,4,6,7
"A196O7GQLD3S2J",3,3,"3","recurrance",3,3,3,4,1,3,4,3,6,6
"A198MSVO1VTAT5",4,4,"1","short-term",7,4,1,7,3,7,5,7,7,7
"A198MSVO1VTAT5",4,4,"2","short-term",7,4,1,7,3,7,5,7,7,4
"A198MSVO1VTAT5",4,4,"3","short-term",7,2,1,7,5,7,2,7,7,2
"A198MSVO1VTAT5",4,4,"4","short-term",7,4,1,7,1,7,7,4,7,1
"A19YQU3ZZ8USPO",3,3,"1","recurrance",6,5,1,4,6,3,2,6,6,5
"A19YQU3ZZ8USPO",3,3,"2","short-term",6,4,1,5,5,2,3,5,7,4
"A19YQU3ZZ8USPO",3,3,"3","recurrance",7,4,3,6,1,5,3,7,7,6
"A1ABL45KAK12A5",5,4,"1","recurrance",7,7,1,7,2,7,2,7,5,6
"A1ABL45KAK12A5",5,4,"2","recurrance",7,7,1,7,4,7,1,7,7,6
"A1ABL45KAK12A5",5,4,"3","recurrance",7,5,2,6,3,7,3,7,6,5
"A1ABL45KAK12A5",5,4,"4","long-term",7,7,1,7,3,7,3,7,7,6
"A1ABL45KAK12A5",5,4,"5","recurrance",7,5,1,7,3,7,5,7,7,7
"A1ADAWW4IHPCQ7",3,3,"1","long-term",7,7,1,7,1,6,3,7,7,4
"A1ADAWW4IHPCQ7",3,3,"2","recurrance",6,4,2,7,3,7,5,7,6,5
"A1ADAWW4IHPCQ7",3,3,"3","long-term",6,4,1,2,1,5,4,6,6,3
"A1AIMKA54UBYIQ",2,2,"1","recurrance",5,3,1,2,3,1,3,5,6,3
"A1AIMKA54UBYIQ",2,2,"2","recurrance",4,5,3,4,2,3,4,6,6,4
"A1AZLJ3R5FQ9B7",3,3,"1","long-term",7,6,3,7,3,7,4,6,6,6
"A1AZLJ3R5FQ9B7",3,3,"2","recurrance",7,6,1,6,5,6,4,5,5,3
"A1AZLJ3R5FQ9B7",3,3,"3","recurrance",7,5,2,6,3,7,5,6,5,7
"A1B5SSGMTAQ9B5",2,2,"1","short-term",5,4,3,5,2,3,6,4,3,6
"A1B5SSGMTAQ9B5",2,2,"2","short-term",5,5,3,5,2,5,4,7,5,5
"A1BG47GSHQ9WSU",2,2,"1","short-term",5,5,1,5,3,4,2,4,7,5
"A1BG47GSHQ9WSU",2,2,"2","recurrance",5,6,1,5,3,4,2,4,5,3
"A1BIJGB7XA0GME",3,3,"1","short-term",7,6,1,7,3,7,3,7,7,7
"A1BIJGB7XA0GME",3,3,"2","short-term",7,2,2,7,2,7,6,7,7,5
"A1BIJGB7XA0GME",3,3,"3","long-term",6,5,3,6,3,7,7,5,7,3
"A1BSVEBYDZ0AAU",3,3,"1","recurrance",3,6,3,5,6,2,5,4,6,3
"A1BSVEBYDZ0AAU",3,3,"2","recurrance",7,7,3,7,3,3,2,5,7,5
"A1BSVEBYDZ0AAU",3,3,"3","recurrance",2,5,3,2,7,1,6,4,7,3
"A1BWS5AD2T4NIR",5,5,"1","short-term",4,5,2,5,1,4,4,4,6,2
"A1BWS5AD2T4NIR",5,5,"2","recurrance",7,5,3,5,3,5,3,5,6,4
"A1BWS5AD2T4NIR",5,5,"3","recurrance",7,4,1,5,4,5,5,7,6,4
"A1BWS5AD2T4NIR",5,5,"4","recurrance",7,4,1,7,1,5,2,7,6,4
"A1BWS5AD2T4NIR",5,5,"5","long-term",7,4,1,7,4,4,2,7,7,4
"A1CI5U3BLQ2DDS",5,5,"1","short-term",7,3,1,6,5,7,4,4,7,6
"A1CI5U3BLQ2DDS",5,5,"2","long-term",7,4,1,7,5,7,5,7,7,7
"A1CI5U3BLQ2DDS",5,5,"3","recurrance",4,3,3,7,3,4,5,5,7,5
"A1CI5U3BLQ2DDS",5,5,"4","recurrance",5,6,1,7,2,7,7,5,7,5
"A1CI5U3BLQ2DDS",5,5,"5","recurrance",6,6,1,6,3,7,4,5,7,6
"A1CTUG0RUGCY48",1,1,"1","long-term",7,6,1,6,2,6,3,7,6,4
"A1D2ZSPIHOI23K",3,4,"1","short-term",3,3,2,3,5,3,3,3,5,5
"A1D2ZSPIHOI23K",3,4,"2","recurrance",4,5,2,5,3,5,3,5,4,6
"A1D2ZSPIHOI23K",3,4,"3","short-term",7,2,1,3,4,2,3,6,4,5
"A1D7IULWFI8PB1",3,3,"1","long-term",7,5,1,5,3,6,1,6,6,7
"A1D7IULWFI8PB1",3,3,"2","short-term",7,4,2,6,5,4,5,7,6,7
"A1D7IULWFI8PB1",3,3,"3","short-term",7,3,1,5,3,6,3,6,7,4
"A1DD23J1WBGQUU",3,3,"1","recurrance",5,4,3,4,5,5,6,6,5,6
"A1DD23J1WBGQUU",3,3,"2","recurrance",6,7,3,5,2,4,5,7,4,7
"A1DD23J1WBGQUU",3,3,"3","long-term",7,4,1,6,2,4,1,6,6,7
"A1EH9BPKYXFBS5",5,3,"1","short-term",7,7,3,7,1,5,4,7,7,4
"A1EH9BPKYXFBS5",5,3,"2","recurrance",5,5,3,7,1,6,4,7,7,4
"A1EH9BPKYXFBS5",5,3,"3","long-term",4,4,3,7,5,5,4,7,7,7
"A1EH9BPKYXFBS5",5,3,"4","recurrance",5,4,3,4,1,5,4,7,7,4
"A1EH9BPKYXFBS5",5,3,"5","long-term",7,4,2,7,1,7,4,3,7,3
"A1F1TBDHPYAAXT",3,3,"1","short-term",7,7,1,7,8,7,3,5,7,6
"A1F1TBDHPYAAXT",3,3,"2","short-term",7,7,3,7,3,7,6,5,7,7
"A1F1TBDHPYAAXT",3,3,"3","recurrance",6,4,1,7,4,6,1,6,7,4
"A1G187YBG0DVMQ",3,3,"1","short-term",7,6,1,4,7,5,2,6,7,6
"A1G187YBG0DVMQ",3,3,"2","long-term",7,4,3,6,1,4,3,4,6,5
"A1G187YBG0DVMQ",3,3,"3","recurrance",7,5,1,3,3,5,1,2,7,3
"A1G5EPLJEGL381",2,2,"1","long-term",6,6,1,7,5,2,1,4,7,4
"A1G5EPLJEGL381",2,2,"2","long-term",7,6,1,6,2,2,1,3,7,6
"A1H5Q9HRH4RPZU",3,3,"1","recurrance",6,4,2,2,1,5,6,4,4,5
"A1H5Q9HRH4RPZU",3,3,"2","long-term",7,6,1,6,2,4,2,6,6,5
"A1H5Q9HRH4RPZU",3,3,"3","short-term",4,4,1,4,2,5,6,5,5,5
"A1IBLFQ2E6VA2J",5,10,"1","short-term",7,4,1,7,8,6,4,5,5,7
"A1IBLFQ2E6VA2J",5,10,"2","recurrance",7,1,2,7,7,7,5,7,7,7
"A1IBLFQ2E6VA2J",5,10,"3","short-term",7,6,3,7,2,1,7,7,4,7
"A1IBLFQ2E6VA2J",5,10,"4","recurrance",7,6,3,7,5,6,4,7,7,7
"A1IBLFQ2E6VA2J",5,10,"5","long-term",7,7,3,5,3,1,7,7,5,7
"A1IJ56N5Z4TT46",5,5,"1","recurrance",6,2,3,6,1,5,NA,4,6,5
"A1IJ56N5Z4TT46",5,5,"2","recurrance",5,5,3,6,1,5,7,5,6,4
"A1IJ56N5Z4TT46",5,5,"3","short-term",6,5,1,6,3,6,5,6,6,4
"A1IJ56N5Z4TT46",5,5,"4","short-term",6,2,1,6,3,5,3,6,6,6
"A1IJ56N5Z4TT46",5,5,"5","recurrance",6,4,3,5,1,4,4,6,5,6
"A1IL81UMEC9OJI",5,6,"1","long-term",6,3,3,5,2,7,5,5,7,6
"A1IL81UMEC9OJI",5,6,"2","short-term",6,3,1,5,6,5,2,6,7,4
"A1IL81UMEC9OJI",5,6,"3","short-term",5,2,3,5,3,7,6,4,6,2
"A1IL81UMEC9OJI",5,6,"4","long-term",4,2,3,3,2,6,6,3,6,4
"A1IL81UMEC9OJI",5,6,"5","long-term",7,2,3,6,2,5,4,7,7,4
"A1J8TVICSRC70W",5,3,"1","short-term",5,6,3,6,1,4,2,5,6,5
"A1J8TVICSRC70W",5,3,"2","recurrance",5,4,1,6,6,4,2,5,6,5
"A1J8TVICSRC70W",5,3,"3","short-term",3,3,1,2,3,4,6,3,6,2
"A1J8TVICSRC70W",5,3,"4","short-term",5,5,2,5,4,5,3,6,6,4
"A1J8TVICSRC70W",5,3,"5","recurrance",4,2,3,3,3,6,7,5,4,2
"A1J9Z2VOHTT1UZ",3,3,"1","recurrance",7,5,3,5,1,1,5,7,5,5
"A1J9Z2VOHTT1UZ",3,3,"2","recurrance",5,4,3,6,1,1,4,7,5,4
"A1J9Z2VOHTT1UZ",3,3,"3","recurrance",4,3,1,4,1,1,3,4,5,4
"A1K8VUKRL53OX",5,5,"1","short-term",7,6,2,6,3,6,5,6,6,7
"A1K8VUKRL53OX",5,5,"2","short-term",6,6,3,6,2,6,6,2,6,6
"A1K8VUKRL53OX",5,5,"3","recurrance",6,7,2,6,2,7,5,2,6,4
"A1K8VUKRL53OX",5,5,"4","long-term",NA,7,2,6,2,7,4,4,7,7
"A1K8VUKRL53OX",5,5,"5","short-term",7,6,3,6,2,7,2,4,6,6
"A1KC342L9WAQ2",3,3,"1","short-term",7,7,1,7,3,7,3,6,6,5
"A1KC342L9WAQ2",3,3,"2","short-term",6,6,3,6,5,5,4,6,5,7
"A1KC342L9WAQ2",3,3,"3","recurrance",5,5,3,5,5,4,4,5,7,2
"A1LJNQX4KBUXNP",3,2,"1","recurrance",7,7,1,7,2,1,1,7,7,7
"A1LJNQX4KBUXNP",3,2,"2","recurrance",7,4,2,7,1,7,1,4,7,1
"A1LJNQX4KBUXNP",3,2,"3","short-term",5,4,2,7,1,2,4,7,4,4
"A1LS7GARU7CD08",3,4,"1","recurrance",5,5,3,7,1,2,3,4,7,3
"A1LS7GARU7CD08",3,4,"2","recurrance",6,4,3,4,1,4,2,5,5,4
"A1LS7GARU7CD08",3,4,"3","long-term",5,6,1,3,5,5,3,4,5,3
"A1M8BYIP0KZJZX",5,7,"1","short-term",7,5,1,3,3,4,1,4,5,6
"A1M8BYIP0KZJZX",5,7,"2","long-term",6,3,3,2,1,6,4,6,5,3
"A1M8BYIP0KZJZX",5,7,"3","short-term",4,2,3,5,2,5,6,4,4,6
"A1M8BYIP0KZJZX",5,7,"4","short-term",7,6,1,7,1,7,2,7,6,7
"A1M8BYIP0KZJZX",5,7,"5","long-term",7,4,1,7,4,4,1,4,7,7
"A1MJWY7UO3CDSM",2,2,"1","short-term",7,6,1,5,3,7,1,7,7,4
"A1MJWY7UO3CDSM",2,2,"2","short-term",7,6,3,7,3,5,6,6,7,5
"A1NVF1YLDLF563",3,3,"1","recurrance",7,6,1,7,3,5,3,6,7,6
"A1NVF1YLDLF563",3,3,"2","recurrance",6,6,1,6,6,4,3,4,7,4
"A1NVF1YLDLF563",3,3,"3","recurrance",6,7,1,6,5,4,3,6,7,4
"A1O9PAK6THJ9Y7",2,2,"1","long-term",5,3,2,5,1,5,4,5,5,5
"A1O9PAK6THJ9Y7",2,2,"2","long-term",5,5,1,5,3,5,4,5,6,5
"A1OJV3R8BH73BD",3,4,"1","short-term",7,5,3,5,3,6,3,6,7,6
"A1OJV3R8BH73BD",3,4,"2","short-term",6,5,3,6,4,2,5,5,5,6
"A1OJV3R8BH73BD",3,4,"3","short-term",5,4,3,7,3,3,5,5,7,3
"A1OR82RF1ZFWP",3,3,"1","recurrance",7,7,3,6,3,6,6,7,6,6
"A1OR82RF1ZFWP",3,3,"2","short-term",5,7,1,5,3,5,6,5,7,2
"A1OR82RF1ZFWP",3,3,"3","recurrance",7,5,1,5,5,6,4,7,6,2
"A1P3I7YCWXF9YG",2,2,"1","long-term",7,5,1,7,5,7,5,7,7,7
"A1P3I7YCWXF9YG",2,2,"2","recurrance",7,7,1,7,5,7,4,7,NA,7
"A1QT7BQZVOBSY0",4,4,"1","recurrance",7,5,3,6,3,2,3,6,6,7
"A1QT7BQZVOBSY0",4,4,"2","short-term",6,5,1,6,3,1,4,6,6,4
"A1QT7BQZVOBSY0",4,4,"3","recurrance",5,3,1,4,5,4,5,5,5,3
"A1QT7BQZVOBSY0",4,4,"4","recurrance",7,5,3,7,3,4,5,7,7,5
"A1R5W4RQZTROD8",4,4,"1","long-term",7,7,1,7,5,6,2,5,7,5
"A1R5W4RQZTROD8",4,4,"2","recurrance",7,3,1,3,2,2,2,5,7,3
"A1R5W4RQZTROD8",4,4,"3","recurrance",6,4,2,4,3,2,2,3,7,3
"A1R5W4RQZTROD8",4,4,"4","recurrance",7,7,3,7,2,3,3,4,7,3
"A1ROEDVMTO9Y3X",2,2,"1","short-term",6,5,2,6,1,6,4,3,5,4
"A1ROEDVMTO9Y3X",2,2,"2","short-term",5,5,1,6,5,6,6,5,6,4
"A1RQUOVV8PCXBM",5,5,"1","long-term",7,5,3,6,3,5,2,7,6,5
"A1RQUOVV8PCXBM",5,5,"2","recurrance",5,3,3,5,2,5,6,6,5,5
"A1RQUOVV8PCXBM",5,5,"3","short-term",7,3,1,5,3,6,3,7,6,5
"A1RQUOVV8PCXBM",5,5,"4","recurrance",5,5,3,6,2,4,4,6,6,4
"A1RQUOVV8PCXBM",5,5,"5","recurrance",7,5,3,3,2,6,3,6,5,7
"A1RWNYJA5X25YH",5,5,"1","recurrance",7,2,3,7,5,5,7,6,7,4
"A1RWNYJA5X25YH",5,5,"2","long-term",7,3,3,7,3,5,7,7,6,5
"A1RWNYJA5X25YH",5,5,"3","recurrance",7,7,3,7,4,7,2,7,7,6
"A1RWNYJA5X25YH",5,5,"4","short-term",7,2,3,7,5,4,7,6,7,2
"A1RWNYJA5X25YH",5,5,"5","recurrance",7,4,3,7,3,7,6,7,6,6
"A1SISJL5ST2PWH",3,3,"1","recurrance",4,4,3,4,2,5,3,2,5,4
"A1SISJL5ST2PWH",3,3,"2","short-term",4,3,3,6,2,5,4,3,5,2
"A1SISJL5ST2PWH",3,3,"3","short-term",4,4,1,3,8,4,2,2,5,1
"A1SL72YBUW8Q8K",4,4,"1","recurrance",7,7,3,4,3,6,4,7,7,7
"A1SL72YBUW8Q8K",4,4,"2","recurrance",7,5,3,6,1,4,5,5,7,7
"A1SL72YBUW8Q8K",4,4,"3","short-term",7,5,1,7,1,6,1,7,7,6
"A1SL72YBUW8Q8K",4,4,"4","recurrance",7,5,1,4,8,2,4,4,7,4
"A1T83SZBP2DN65",2,2,"1","short-term",7,7,2,6,1,7,2,7,6,7
"A1T83SZBP2DN65",2,2,"2","long-term",7,5,1,6,3,5,5,6,6,5
"A1TPGXT718D68E",3,3,"1","short-term",7,7,1,6,4,7,7,7,6,6
"A1TPGXT718D68E",3,3,"2","short-term",7,7,3,7,4,5,4,7,3,7
"A1TPGXT718D68E",3,3,"3","short-term",7,4,2,5,4,7,4,7,7,7
"A1U8LTCX5XYJ45",3,3,"1","long-term",7,7,1,7,1,7,1,7,7,7
"A1U8LTCX5XYJ45",3,3,"2","long-term",7,7,1,7,2,7,4,7,7,7
"A1U8LTCX5XYJ45",3,3,"3","long-term",7,1,1,4,1,7,1,7,7,4
"A1VFRCYMWGWWCZ",5,6,"1","recurrance",5,3,3,5,3,3,5,4,6,2
"A1VFRCYMWGWWCZ",5,6,"2","long-term",6,6,1,2,4,4,4,6,2,5
"A1VFRCYMWGWWCZ",5,6,"3","recurrance",6,6,3,5,2,5,6,5,6,5
"A1VFRCYMWGWWCZ",5,6,"4","recurrance",4,5,3,5,1,7,4,3,6,3
"A1VFRCYMWGWWCZ",5,6,"5","long-term",4,2,1,2,5,5,3,4,7,1
"A1VRG5HKZC0H0C",5,5,"1","short-term",7,3,2,7,1,4,1,7,7,3
"A1VRG5HKZC0H0C",5,5,"2","short-term",7,4,1,1,2,7,1,7,3,7
"A1VRG5HKZC0H0C",5,5,"3","short-term",7,7,1,5,5,5,3,7,7,4
"A1VRG5HKZC0H0C",5,5,"4","recurrance",4,5,1,3,5,4,4,3,5,3
"A1VRG5HKZC0H0C",5,5,"5","recurrance",5,4,3,4,5,4,4,4,5,3
"A1W7I6FN183I8F",5,7,"1","recurrance",7,7,2,5,3,5,2,6,6,4
"A1W7I6FN183I8F",5,7,"2","recurrance",6,5,1,7,2,7,2,7,6,2
"A1W7I6FN183I8F",5,7,"3","short-term",6,5,1,6,3,5,4,6,6,5
"A1W7I6FN183I8F",5,7,"4","recurrance",6,6,3,5,1,7,5,7,7,5
"A1W7I6FN183I8F",5,7,"5","recurrance",4,3,1,4,3,5,5,4,7,1
"A1W850QN9RK019",5,5,"1","long-term",4,6,1,7,3,5,1,2,5,5
"A1W850QN9RK019",5,5,"2","short-term",6,6,3,5,1,6,7,3,5,5
"A1W850QN9RK019",5,5,"3","long-term",6,6,1,6,1,4,2,3,5,4
"A1W850QN9RK019",5,5,"4","short-term",7,6,2,5,5,7,1,1,5,6
"A1W850QN9RK019",5,5,"5","recurrance",6,5,3,4,3,7,6,3,5,5
"A1WJYF201K77BI",5,5,"1","recurrance",7,6,3,6,4,4,5,7,6,7
"A1WJYF201K77BI",5,5,"2","recurrance",5,6,3,3,1,3,6,6,5,3
"A1WJYF201K77BI",5,5,"3","recurrance",5,3,3,3,1,2,7,5,5,3
"A1WJYF201K77BI",5,5,"4","recurrance",5,5,3,5,1,4,5,5,5,5
"A1WJYF201K77BI",5,5,"5","recurrance",6,5,3,6,1,3,4,5,6,5
"A1WQACYPLESVGL",5,6,"1","short-term",6,5,1,6,3,5,5,6,5,6
"A1WQACYPLESVGL",5,6,"2","short-term",5,2,3,3,3,5,6,5,5,6
"A1WQACYPLESVGL",5,6,"3","recurrance",6,4,3,5,3,6,5,5,3,4
"A1WQACYPLESVGL",5,6,"4","recurrance",6,2,1,7,1,4,3,4,5,3
"A1WQACYPLESVGL",5,6,"5","short-term",4,2,2,5,2,3,6,5,4,4
"A1WS9UHL45VZ0X",3,3,"1","short-term",7,6,2,5,3,5,2,4,5,7
"A1WS9UHL45VZ0X",3,3,"2","recurrance",4,3,3,2,1,5,3,4,5,3
"A1WS9UHL45VZ0X",3,3,"3","recurrance",5,5,3,3,1,3,6,6,3,5
"A1WZY0K6IE3ASG",5,7,"1","recurrance",7,5,3,5,5,7,4,7,7,5
"A1WZY0K6IE3ASG",5,7,"2","recurrance",6,4,2,6,6,6,5,6,7,4
"A1WZY0K6IE3ASG",5,7,"3","recurrance",6,4,3,5,3,2,5,7,6,6
"A1WZY0K6IE3ASG",5,7,"4","recurrance",4,2,1,3,8,5,5,2,6,2
"A1WZY0K6IE3ASG",5,7,"5","recurrance",4,3,1,6,5,6,1,5,7,2
"A1X388C6SDCDEY",4,4,"1","recurrance",6,2,3,3,1,4,7,6,7,3
"A1X388C6SDCDEY",4,4,"2","recurrance",4,2,3,2,1,2,6,5,5,3
"A1X388C6SDCDEY",4,4,"3","recurrance",6,4,3,3,1,2,5,7,7,6
"A1X388C6SDCDEY",4,4,"4","recurrance",7,1,3,1,1,2,7,7,7,7
"A1XRWOK00HK1J4",4,4,"1","recurrance",6,6,2,6,8,4,7,3,6,3
"A1XRWOK00HK1J4",4,4,"2","recurrance",7,7,1,5,8,1,1,5,7,7
"A1XRWOK00HK1J4",4,4,"3","recurrance",6,6,1,6,8,1,1,6,5,6
"A1XRWOK00HK1J4",4,4,"4","recurrance",7,7,1,5,8,1,3,6,6,7
"A1XUZFDVKP95VC",2,2,"1","long-term",6,5,3,4,3,6,2,7,7,6
"A1XUZFDVKP95VC",2,2,"2","short-term",7,4,1,3,2,5,2,6,6,7
"A1YPOIURXB6ESR",4,4,"1","short-term",6,6,3,6,1,5,4,6,6,5
"A1YPOIURXB6ESR",4,4,"2","recurrance",7,2,3,7,1,6,6,6,7,4
"A1YPOIURXB6ESR",4,4,"3","short-term",7,6,1,5,3,7,4,7,4,7
"A1YPOIURXB6ESR",4,4,"4","short-term",6,6,3,5,1,5,3,2,4,6
"A1Z2ZGPJRGG0G3",3,3,"1","recurrance",7,2,1,7,8,4,1,1,6,4
"A1Z2ZGPJRGG0G3",3,3,"2","recurrance",4,4,2,6,2,3,6,3,6,2
"A1Z2ZGPJRGG0G3",3,3,"3","short-term",7,7,2,6,4,6,4,6,7,4
"A1ZT0TLZZTT47M",5,6,"1","recurrance",6,6,3,5,1,6,2,4,6,4
"A1ZT0TLZZTT47M",5,6,"2","recurrance",7,5,1,6,3,5,4,5,7,6
"A1ZT0TLZZTT47M",5,6,"3","short-term",7,6,1,6,2,6,2,7,7,6
"A1ZT0TLZZTT47M",5,6,"4","recurrance",4,2,3,3,2,2,5,4,6,2
"A1ZT0TLZZTT47M",5,6,"5","recurrance",5,2,1,6,3,5,5,5,6,5
"A1ZT30BGR3266K",2,2,"1","recurrance",6,6,3,5,3,6,3,4,6,4
"A1ZT30BGR3266K",2,2,"2","recurrance",5,3,1,6,5,5,2,4,6,4
"A207IHY6GERCFO",3,3,"1","recurrance",7,6,1,7,1,6,1,7,6,4
"A207IHY6GERCFO",3,3,"2","short-term",5,4,3,4,1,5,4,5,4,6
"A207IHY6GERCFO",3,3,"3","recurrance",4,4,3,5,1,4,4,4,5,5
"A2196WCNDZULFS",3,3,"1","long-term",7,4,3,6,1,4,6,7,7,6
"A2196WCNDZULFS",3,3,"2","long-term",7,3,3,6,1,4,6,7,5,7
"A2196WCNDZULFS",3,3,"3","long-term",7,4,3,6,1,4,3,7,5,7
"A21BXRUD15TQL8",3,3,"1","long-term",4,5,3,3,3,5,4,4,6,4
"A21BXRUD15TQL8",3,3,"2","short-term",6,4,1,5,5,5,2,6,7,5
"A21BXRUD15TQL8",3,3,"3","recurrance",6,5,1,6,3,6,3,5,6,5
"A21ZYTE6WOKUA",4,2,"1","long-term",7,7,1,7,4,7,1,5,7,1
"A21ZYTE6WOKUA",4,2,"2","long-term",7,7,2,7,1,7,7,4,5,4
"A21ZYTE6WOKUA",4,2,"3","long-term",7,7,3,7,1,7,4,4,7,1
"A21ZYTE6WOKUA",4,2,"4","short-term",7,7,1,7,1,7,4,7,7,7
"A225BMTMXUR5F4",5,7,"1","short-term",7,4,1,7,2,5,2,7,7,6
"A225BMTMXUR5F4",5,7,"2","recurrance",7,5,1,5,3,3,2,7,5,5
"A225BMTMXUR5F4",5,7,"3","long-term",6,4,1,2,3,4,2,2,4,4
"A225BMTMXUR5F4",5,7,"4","recurrance",4,6,1,7,5,2,2,5,6,4
"A225BMTMXUR5F4",5,7,"5","recurrance",6,4,1,6,5,4,2,5,7,5
"A22DDO8NILSX6O",4,4,"1","recurrance",7,3,1,6,5,5,5,4,6,6
"A22DDO8NILSX6O",4,4,"2","recurrance",5,2,3,3,2,4,6,6,5,3
"A22DDO8NILSX6O",4,4,"3","recurrance",7,4,1,7,5,4,2,3,5,2
"A22DDO8NILSX6O",4,4,"4","recurrance",6,3,3,3,3,4,6,5,5,5
"A22SZHZTF72TRM",4,4,"1","short-term",7,6,3,6,5,3,3,4,6,2
"A22SZHZTF72TRM",4,4,"2","short-term",6,6,3,5,5,6,5,6,6,4
"A22SZHZTF72TRM",4,4,"3","recurrance",7,2,1,4,3,7,4,4,7,4
"A22SZHZTF72TRM",4,4,"4","recurrance",7,5,3,3,3,7,5,6,7,5
"A248PLZABUKB62",5,5,"1","short-term",7,5,1,7,6,3,1,7,5,7
"A248PLZABUKB62",5,5,"2","short-term",7,6,1,7,6,2,1,7,7,7
"A248PLZABUKB62",5,5,"3","short-term",7,5,1,7,6,4,1,7,7,7
"A248PLZABUKB62",5,5,"4","short-term",5,4,1,7,7,4,3,5,7,2
"A248PLZABUKB62",5,5,"5","short-term",6,5,1,7,7,2,2,5,6,3
"A255RBA8P0K0XV",5,3,"1","recurrance",6,6,1,6,3,4,2,6,6,5
"A255RBA8P0K0XV",5,3,"2","long-term",7,6,2,6,2,6,3,6,6,6
"A255RBA8P0K0XV",5,3,"3","recurrance",6,4,3,5,2,5,2,4,5,6
"A255RBA8P0K0XV",5,3,"4","recurrance",7,6,2,6,3,6,3,6,6,6
"A255RBA8P0K0XV",5,3,"5","long-term",6,7,3,6,1,6,2,5,6,5
"A2615YW1YERQBO",3,3,"1","long-term",5,4,1,3,5,3,2,3,3,3
"A2615YW1YERQBO",3,3,"2","long-term",3,3,1,4,2,3,2,4,3,3
"A2615YW1YERQBO",3,3,"3","long-term",5,4,1,4,2,2,2,4,4,4
"A26NGLGGFTATVN",2,2,"1","recurrance",7,7,1,7,1,4,1,7,7,5
"A26NGLGGFTATVN",2,2,"2","recurrance",7,7,3,7,1,4,1,7,7,7
"A26UAJWMMNN351",3,3,"1","short-term",7,4,1,7,2,7,1,7,4,7
"A26UAJWMMNN351",3,3,"2","long-term",4,4,3,6,2,7,4,1,7,4
"A26UAJWMMNN351",3,3,"3","short-term",7,4,1,7,2,7,1,7,7,7
"A27INSDNTACWAM",4,4,"1","recurrance",7,4,3,7,1,1,4,7,7,4
"A27INSDNTACWAM",4,4,"2","recurrance",7,7,2,7,2,7,3,4,7,6
"A27INSDNTACWAM",4,4,"3","long-term",7,5,3,7,1,5,3,7,7,7
"A27INSDNTACWAM",4,4,"4","long-term",7,7,3,7,1,1,4,7,5,7
"A286W816CMIZL9",3,2,"1","long-term",7,3,3,7,2,5,7,6,6,5
"A286W816CMIZL9",3,2,"2","recurrance",6,5,3,7,3,3,4,5,7,4
"A286W816CMIZL9",3,2,"3","recurrance",4,7,3,5,5,1,7,5,5,5
"A28J7H4TH29DC3",3,3,"1","short-term",7,7,3,7,1,5,6,7,7,4
"A28J7H4TH29DC3",3,3,"2","recurrance",6,4,3,5,3,3,4,5,6,3
"A28J7H4TH29DC3",3,3,"3","recurrance",6,4,3,6,1,5,7,7,5,5
"A2ASTDMWBCFIP0",2,2,"1","short-term",6,4,2,5,3,5,4,6,6,6
"A2ASTDMWBCFIP0",2,2,"2","short-term",7,4,2,6,2,6,3,6,7,5
"A2AT6TSPPCR106",4,3,"1","recurrance",6,4,3,5,3,6,5,6,6,7
"A2AT6TSPPCR106",4,3,"2","recurrance",6,4,3,5,3,7,4,7,6,7
"A2AT6TSPPCR106",4,3,"3","long-term",7,5,2,6,4,5,4,4,6,4
"A2AT6TSPPCR106",4,3,"4","recurrance",7,6,1,5,8,7,1,7,7,5
"A2AZYU1CT24O0K",5,5,"1","short-term",5,6,3,7,2,3,6,4,7,4
"A2AZYU1CT24O0K",5,5,"2","recurrance",6,5,2,6,2,7,2,3,5,4
"A2AZYU1CT24O0K",5,5,"3","recurrance",6,5,2,5,1,4,3,6,7,3
"A2AZYU1CT24O0K",5,5,"4","long-term",3,4,3,5,1,5,5,4,4,5
"A2AZYU1CT24O0K",5,5,"5","recurrance",3,4,3,5,1,5,6,4,7,1
"A2B0FLA55RH047",4,4,"1","long-term",7,7,3,6,1,7,3,6,5,4
"A2B0FLA55RH047",4,4,"2","recurrance",6,4,3,5,3,7,4,6,7,3
"A2B0FLA55RH047",4,4,"3","short-term",7,3,1,6,3,6,2,7,6,4
"A2B0FLA55RH047",4,4,"4","recurrance",7,6,1,5,3,6,1,7,7,3
"A2BEBDMQ7SI4IY",5,1,"1","short-term",6,7,2,5,3,6,5,6,6,6
"A2BEBDMQ7SI4IY",5,1,"2","short-term",6,6,1,5,4,5,7,6,6,6
"A2BEBDMQ7SI4IY",5,1,"3","recurrance",6,4,1,6,2,5,5,5,6,6
"A2BEBDMQ7SI4IY",5,1,"4","long-term",6,5,1,6,3,6,6,5,6,5
"A2BEBDMQ7SI4IY",5,1,"5","short-term",6,6,2,6,1,5,5,6,6,5
"A2BJTPZLXIGO8D",3,3,"1","recurrance",7,5,1,7,2,3,3,7,5,7
"A2BJTPZLXIGO8D",3,3,"2","recurrance",6,7,1,5,1,4,4,7,5,4
"A2BJTPZLXIGO8D",3,3,"3","recurrance",4,4,3,4,1,1,6,6,5,4
"A2CP6MLJVJYBO7",2,3,"1","recurrance",7,7,2,6,5,6,5,6,7,7
"A2CP6MLJVJYBO7",2,3,"2","recurrance",6,4,3,5,1,7,4,6,6,5
"A2CYMT8T33U6EE",5,4,"1","recurrance",6,4,3,7,4,4,4,6,7,5
"A2CYMT8T33U6EE",5,4,"2","recurrance",6,4,3,7,3,6,4,6,7,6
"A2CYMT8T33U6EE",5,4,"3","recurrance",7,7,2,7,3,6,2,6,7,4
"A2CYMT8T33U6EE",5,4,"4","recurrance",7,5,3,7,5,7,4,7,7,7
"A2CYMT8T33U6EE",5,4,"5","recurrance",7,4,3,7,2,7,5,6,6,7
"A2DVV59R1CQU6T",3,3,"1","long-term",7,5,1,6,1,5,3,7,6,4
"A2DVV59R1CQU6T",3,3,"2","recurrance",7,5,1,7,7,7,2,7,7,2
"A2DVV59R1CQU6T",3,3,"3","recurrance",7,6,3,7,1,7,3,7,7,7
"A2EK1HDV4I4GSK",2,2,"1","long-term",7,6,1,5,3,7,3,6,7,6
"A2EK1HDV4I4GSK",2,2,"2","long-term",7,5,1,6,5,4,5,7,6,6
"A2EMTSJS47K8SU",3,3,"1","long-term",7,7,2,7,2,6,4,7,7,4
"A2EMTSJS47K8SU",3,3,"2","recurrance",7,7,1,7,5,7,1,7,7,6
"A2EMTSJS47K8SU",3,3,"3","short-term",7,7,1,7,3,7,4,4,6,2
"A2ESBX4C2Q6TQY",5,5,"1","short-term",7,6,3,7,2,6,7,7,7,7
"A2ESBX4C2Q6TQY",5,5,"2","long-term",6,4,3,5,1,6,7,7,6,5
"A2ESBX4C2Q6TQY",5,5,"3","long-term",7,2,3,6,3,7,7,6,7,5
"A2ESBX4C2Q6TQY",5,5,"4","long-term",7,3,3,2,1,5,2,7,5,6
"A2ESBX4C2Q6TQY",5,5,"5","recurrance",7,1,1,7,5,7,1,7,7,6
"A2F5QCUTZU7KF7",3,3,"1","recurrance",7,7,1,5,1,7,1,7,7,4
"A2F5QCUTZU7KF7",3,3,"2","long-term",7,7,2,5,2,4,1,6,6,4
"A2F5QCUTZU7KF7",3,3,"3","recurrance",7,4,1,5,1,6,2,6,7,2
"A2FP41BSPG0Y4A",5,4,"1","recurrance",7,7,2,6,3,1,2,7,7,4
"A2FP41BSPG0Y4A",5,4,"2","recurrance",4,5,3,5,3,4,4,7,4,6
"A2FP41BSPG0Y4A",5,4,"3","long-term",4,6,3,4,1,1,6,7,4,4
"A2FP41BSPG0Y4A",5,4,"4","recurrance",5,4,3,6,5,7,6,6,5,4
"A2FP41BSPG0Y4A",5,4,"5","short-term",6,5,1,6,3,5,1,3,4,4
"A2GTBBZA2M82NR",4,4,"1","recurrance",4,4,2,3,3,4,5,3,7,4
"A2GTBBZA2M82NR",4,4,"2","short-term",7,4,3,7,3,6,5,7,5,6
"A2GTBBZA2M82NR",4,4,"3","recurrance",5,2,3,7,2,5,5,5,7,5
"A2GTBBZA2M82NR",4,4,"4","recurrance",4,1,3,2,1,4,7,4,7,5
"A2H0VR477QHYO7",4,3,"1","long-term",7,7,1,6,2,5,3,6,6,5
"A2H0VR477QHYO7",4,3,"2","long-term",6,5,3,6,2,3,6,6,5,6
"A2H0VR477QHYO7",4,3,"3","long-term",7,5,2,5,1,6,5,5,6,5
"A2H0VR477QHYO7",4,3,"4","long-term",5,5,2,6,2,6,6,5,5,3
"A2H6Q22X1V1FTX",3,3,"1","short-term",7,4,1,6,3,3,1,7,6,2
"A2H6Q22X1V1FTX",3,3,"2","long-term",7,5,1,7,2,6,1,7,5,7
"A2H6Q22X1V1FTX",3,3,"3","short-term",4,2,1,7,4,5,2,3,7,2
"A2H92K2776A1IC",4,4,"1","short-term",7,7,3,7,1,7,4,7,7,6
"A2H92K2776A1IC",4,4,"2","short-term",7,7,1,7,6,6,2,7,6,4
"A2H92K2776A1IC",4,4,"3","short-term",7,4,1,7,3,6,2,7,7,5
"A2H92K2776A1IC",4,4,"4","short-term",7,7,1,7,5,6,2,7,7,4
"A2HJYX70UQW9XR",5,4,"1","short-term",5,3,3,4,3,3,5,6,6,4
"A2HJYX70UQW9XR",5,4,"2","recurrance",5,2,3,5,1,3,4,4,5,4
"A2HJYX70UQW9XR",5,4,"3","long-term",4,2,3,5,1,3,6,6,4,5
"A2HJYX70UQW9XR",5,4,"4","recurrance",6,4,1,6,3,3,3,5,5,5
"A2HJYX70UQW9XR",5,4,"5","recurrance",5,2,3,6,3,5,5,6,7,4
"A2HQMB1GSEADL",5,13,"1","short-term",4,3,1,5,2,4,5,4,6,4
"A2HQMB1GSEADL",5,13,"2","recurrance",4,4,1,5,8,1,3,2,7,3
"A2HQMB1GSEADL",5,13,"3","short-term",4,4,3,3,1,5,5,5,5,3
"A2HQMB1GSEADL",5,13,"4","recurrance",4,4,3,5,2,6,6,3,6,3
"A2HQMB1GSEADL",5,13,"5","recurrance",3,5,1,5,1,2,2,4,6,2
"A2IJEKMVEHQ90W",5,2,"1","recurrance",7,7,3,6,1,7,6,6,5,6
"A2IJEKMVEHQ90W",5,2,"2","long-term",4,7,3,5,2,1,6,6,1,2
"A2IJEKMVEHQ90W",5,2,"3","recurrance",2,4,3,3,1,1,5,1,6,1
"A2IJEKMVEHQ90W",5,2,"4","recurrance",6,7,2,5,1,6,1,4,1,1
"A2IJEKMVEHQ90W",5,2,"5","long-term",2,3,3,5,4,7,5,1,6,1
"A2KOR4003SVNC5",3,3,"1","short-term",7,4,3,3,1,5,5,7,7,6
"A2KOR4003SVNC5",3,3,"2","long-term",6,6,3,4,1,3,2,7,7,6
"A2KOR4003SVNC5",3,3,"3","long-term",6,6,3,5,1,5,3,6,7,3
"A2LT6KC1X51FVW",2,2,"1","recurrance",7,2,3,7,4,5,2,5,6,3
"A2LT6KC1X51FVW",2,2,"2","recurrance",7,7,3,7,1,7,5,7,3,7
"A2LU3430Q972IN",3,3,"1","short-term",7,5,2,7,5,3,3,4,7,6
"A2LU3430Q972IN",3,3,"2","short-term",7,6,1,6,7,7,1,7,7,7
"A2LU3430Q972IN",3,3,"3","short-term",4,4,1,6,8,1,3,3,7,4
"A2NAKIXS3DVGAA",1,1,"1","recurrance",4,4,1,5,3,3,1,2,6,2
"A2NHFSO7GMM8QR",2,3,"1","long-term",7,7,3,7,5,7,7,7,7,7
"A2NHFSO7GMM8QR",2,3,"2","recurrance",7,4,3,7,5,7,4,6,7,4
"A2O2Q0LVWOWJ1G",4,4,"1","long-term",6,5,2,7,4,2,3,5,6,3
"A2O2Q0LVWOWJ1G",4,4,"2","short-term",7,1,1,4,3,3,7,7,2,4
"A2O2Q0LVWOWJ1G",4,4,"3","short-term",7,1,3,5,3,1,7,7,6,6
"A2O2Q0LVWOWJ1G",4,4,"4","short-term",7,3,3,6,1,2,6,7,6,6
"A2PE32I58ANCDD",2,2,"1","recurrance",4,4,3,5,3,2,5,4,6,3
"A2PE32I58ANCDD",2,2,"2","recurrance",4,4,3,3,1,5,5,5,4,3
"A2R75YFKVALBXE",5,5,"1","long-term",7,6,1,7,2,6,2,7,7,6
"A2R75YFKVALBXE",5,5,"2","long-term",7,5,1,7,1,4,1,7,7,7
"A2R75YFKVALBXE",5,5,"3","long-term",7,4,2,7,1,4,2,5,7,7
"A2R75YFKVALBXE",5,5,"4","recurrance",7,NA,1,7,3,5,3,6,7,6
"A2R75YFKVALBXE",5,5,"5","long-term",NA,5,2,7,3,4,3,7,NA,6
"A2R9OK4M877ZCC",3,2,"1","short-term",7,4,3,6,2,6,5,7,7,4
"A2R9OK4M877ZCC",3,2,"2","recurrance",7,4,3,6,1,2,6,7,5,5
"A2R9OK4M877ZCC",3,2,"3","recurrance",7,7,1,5,1,7,1,7,7,4
"A2RMJNF6IPI42F",5,5,"1","long-term",4,2,3,7,1,4,6,4,7,4
"A2RMJNF6IPI42F",5,5,"2","long-term",4,3,3,5,1,1,6,7,5,7
"A2RMJNF6IPI42F",5,5,"3","long-term",4,4,3,4,1,1,5,7,4,6
"A2RMJNF6IPI42F",5,5,"4","long-term",6,5,3,5,1,1,3,4,3,6
"A2RMJNF6IPI42F",5,5,"5","long-term",3,5,3,4,1,1,7,7,4,6
"A2SFFO79KSG5VA",5,5,"1","short-term",7,5,2,7,2,4,3,4,6,4
"A2SFFO79KSG5VA",5,5,"2","recurrance",5,4,1,6,6,4,1,2,7,2
"A2SFFO79KSG5VA",5,5,"3","recurrance",6,4,3,6,1,4,6,4,6,3
"A2SFFO79KSG5VA",5,5,"4","recurrance",5,3,3,5,3,4,5,4,5,5
"A2SFFO79KSG5VA",5,5,"5","long-term",7,3,1,5,3,6,5,7,6,5
"A2SKOPFTRTNFUY",4,3,"1","short-term",7,4,1,7,8,6,2,5,6,6
"A2SKOPFTRTNFUY",4,3,"2","recurrance",7,7,1,7,5,4,2,5,7,6
"A2SKOPFTRTNFUY",4,3,"3","recurrance",7,6,1,7,5,4,2,4,7,4
"A2SKOPFTRTNFUY",4,3,"4","recurrance",7,7,1,7,8,6,5,6,6,7
"A2TLN8489YGY81",1,1,"1","recurrance",7,7,3,6,2,4,1,7,6,3
"A2VGEE0ZIZ8CBQ",3,3,"1","recurrance",7,5,2,7,2,7,3,7,7,4
"A2VGEE0ZIZ8CBQ",3,3,"2","recurrance",4,4,3,7,1,5,2,5,6,4
"A2VGEE0ZIZ8CBQ",3,3,"3","recurrance",7,4,3,6,1,7,4,6,7,4
"A2VGFS03KCCR1Q",2,2,"1","short-term",5,7,3,5,1,1,7,7,7,3
"A2VGFS03KCCR1Q",2,2,"2","recurrance",4,1,3,3,1,5,7,7,5,5
"A2VNSNAN1LZBAM",3,3,"1","long-term",7,7,3,5,3,5,4,7,6,6
"A2VNSNAN1LZBAM",3,3,"2","long-term",6,7,2,5,4,5,5,7,6,5
"A2VNSNAN1LZBAM",3,3,"3","short-term",7,7,1,7,3,5,2,7,6,7
"A2W0G89O7E9EFO",5,3,"1","long-term",7,6,3,5,1,5,1,7,6,5
"A2W0G89O7E9EFO",5,3,"2","short-term",6,4,1,5,4,4,2,4,6,4
"A2W0G89O7E9EFO",5,3,"3","long-term",6,5,1,6,3,3,2,6,5,5
"A2W0G89O7E9EFO",5,3,"4","long-term",7,6,1,6,2,5,1,7,6,4
"A2W0G89O7E9EFO",5,3,"5","long-term",4,4,1,3,1,5,3,5,6,4
"A2WJMGV0HKQG3Z",3,3,"1","recurrance",7,7,1,7,1,7,1,7,7,7
"A2WJMGV0HKQG3Z",3,3,"2","long-term",7,7,1,7,2,7,1,7,7,7
"A2WJMGV0HKQG3Z",3,3,"3","recurrance",7,7,1,7,1,7,1,7,7,7
"A2WZ8ZEB00LYF7",2,2,"1","long-term",5,5,3,5,1,5,4,4,5,4
"A2WZ8ZEB00LYF7",2,2,"2","short-term",5,4,2,5,7,4,5,6,5,5
"A2X3FSFHV5GHJU",3,3,"1","long-term",6,4,1,7,1,4,2,6,6,6
"A2X3FSFHV5GHJU",3,3,"2","recurrance",5,4,1,7,5,5,5,3,6,3
"A2X3FSFHV5GHJU",3,3,"3","long-term",4,2,3,5,1,2,6,6,5,4
"A2Y0WNHMT4PZ4C",3,3,"1","long-term",6,7,2,5,3,6,4,4,6,7
"A2Y0WNHMT4PZ4C",3,3,"2","recurrance",7,7,3,7,3,6,5,6,7,6
"A2Y0WNHMT4PZ4C",3,3,"3","long-term",7,1,1,7,5,2,3,6,7,4
"A2YVAWO75X8R78",5,8,"1","long-term",7,6,1,3,3,7,3,7,5,5
"A2YVAWO75X8R78",5,8,"2","recurrance",7,4,3,3,1,7,4,6,7,5
"A2YVAWO75X8R78",5,8,"3","recurrance",7,3,3,7,1,7,4,7,7,5
"A2YVAWO75X8R78",5,8,"4","recurrance",5,2,3,3,5,7,3,4,5,5
"A2YVAWO75X8R78",5,8,"5","recurrance",4,3,2,5,5,2,7,5,5,4
"A2ZGAH6NOSU2PO",5,6,"1","recurrance",7,7,1,5,8,5,4,5,6,4
"A2ZGAH6NOSU2PO",5,6,"2","short-term",7,4,1,6,5,3,4,6,5,5
"A2ZGAH6NOSU2PO",5,6,"3","long-term",6,6,3,5,1,6,7,7,7,6
"A2ZGAH6NOSU2PO",5,6,"4","short-term",7,3,2,7,4,5,4,4,7,6
"A2ZGAH6NOSU2PO",5,6,"5","short-term",6,7,2,6,5,5,5,4,7,5
"A302KOFOYLD89A",3,2,"1","long-term",6,2,2,4,3,5,5,6,5,5
"A302KOFOYLD89A",3,2,"2","recurrance",7,6,3,6,3,3,3,6,5,7
"A302KOFOYLD89A",3,2,"3","recurrance",7,5,2,6,1,5,2,7,6,7
"A30FIPRPFQRBO6",3,3,"1","recurrance",7,4,3,7,3,4,7,7,7,7
"A30FIPRPFQRBO6",3,3,"2","recurrance",7,7,3,7,3,7,7,7,7,7
"A30FIPRPFQRBO6",3,3,"3","long-term",4,4,3,4,3,4,4,4,4,4
"A30HUZHJBOX1LK",2,2,"1","recurrance",7,6,3,7,3,7,2,6,6,6
"A30HUZHJBOX1LK",2,2,"2","recurrance",7,7,3,6,3,5,2,6,6,5
"A314XJY8V1YL12",4,4,"1","long-term",6,4,3,4,1,5,4,5,5,6
"A314XJY8V1YL12",4,4,"2","long-term",6,3,2,5,3,4,6,6,5,5
"A314XJY8V1YL12",4,4,"3","recurrance",6,4,3,5,1,3,5,6,4,5
"A314XJY8V1YL12",4,4,"4","recurrance",6,6,1,3,5,5,4,6,4,4
"A321WQIFK10UV3",3,3,"1","long-term",7,7,1,7,3,7,2,7,7,7
"A321WQIFK10UV3",3,3,"2","recurrance",6,7,3,7,3,7,4,7,7,7
"A321WQIFK10UV3",3,3,"3","short-term",7,7,1,7,6,7,1,7,7,6
"A33RI08QRVG5Q0",5,5,"1","recurrance",6,4,2,6,1,6,2,4,6,5
"A33RI08QRVG5Q0",5,5,"2","recurrance",6,4,1,6,1,6,2,6,6,5
"A33RI08QRVG5Q0",5,5,"3","recurrance",6,5,1,6,4,6,4,6,6,6
"A33RI08QRVG5Q0",5,5,"4","recurrance",5,4,3,7,3,4,4,4,6,3
"A33RI08QRVG5Q0",5,5,"5","recurrance",5,5,1,6,7,5,3,2,5,4
"A34VLM2UC0JY11",2,2,"1","short-term",7,4,1,7,3,7,1,7,7,4
"A34VLM2UC0JY11",2,2,"2","long-term",7,4,1,4,2,7,1,7,7,4
"A350SLJRMBIFM4",4,4,"1","long-term",4,4,1,5,5,2,2,3,6,1
"A350SLJRMBIFM4",4,4,"2","long-term",6,4,3,5,1,3,6,5,6,5
"A350SLJRMBIFM4",4,4,"3","short-term",7,6,3,6,3,2,5,6,7,5
"A350SLJRMBIFM4",4,4,"4","recurrance",7,6,3,5,4,5,2,6,6,6
"A351LMMMFYPM7U",5,5,"1","recurrance",6,5,1,6,5,3,2,4,6,3
"A351LMMMFYPM7U",5,5,"2","short-term",7,3,1,6,3,4,1,4,5,6
"A351LMMMFYPM7U",5,5,"3","long-term",6,4,2,4,2,4,2,4,4,4
"A351LMMMFYPM7U",5,5,"4","long-term",4,5,1,4,4,1,3,5,5,4
"A351LMMMFYPM7U",5,5,"5","long-term",7,4,1,4,3,3,2,7,6,5
"A36ZURENFWTYOZ",5,7,"1","long-term",7,6,3,7,1,4,2,5,7,3
"A36ZURENFWTYOZ",5,7,"2","long-term",6,4,1,6,2,2,3,5,6,5
"A36ZURENFWTYOZ",5,7,"3","short-term",7,7,1,6,2,6,4,7,6,5
"A36ZURENFWTYOZ",5,7,"4","recurrance",4,4,3,7,3,3,5,3,6,2
"A36ZURENFWTYOZ",5,7,"5","short-term",7,6,2,6,2,5,1,7,4,7
"A37PUSY6CJ7TQ0",5,6,"1","short-term",6,5,3,6,4,4,4,4,7,4
"A37PUSY6CJ7TQ0",5,6,"2","long-term",6,4,1,3,3,7,4,7,6,6
"A37PUSY6CJ7TQ0",5,6,"3","short-term",7,4,1,6,3,4,1,3,6,6
"A37PUSY6CJ7TQ0",5,6,"4","short-term",3,3,1,4,5,4,4,3,5,3
"A37PUSY6CJ7TQ0",5,6,"5","long-term",6,3,1,3,5,5,3,4,6,5
"A38BO0BRCQX6OV",3,3,"1","long-term",6,5,2,5,3,5,5,5,6,5
"A38BO0BRCQX6OV",3,3,"2","long-term",5,6,1,6,3,5,4,4,7,5
"A38BO0BRCQX6OV",3,3,"3","recurrance",7,7,3,5,1,5,6,7,5,7
"A38DHLB88V8DL8",4,4,"1","recurrance",7,7,1,6,4,5,4,5,7,4
"A38DHLB88V8DL8",4,4,"2","short-term",7,7,3,5,3,5,5,5,6,5
"A38DHLB88V8DL8",4,4,"3","short-term",6,4,3,5,6,5,4,4,6,2
"A38DHLB88V8DL8",4,4,"4","recurrance",6,6,1,4,8,6,4,4,6,2
"A3989GRV3UV5VW",3,3,"1","recurrance",7,6,1,5,1,4,2,6,5,7
"A3989GRV3UV5VW",3,3,"2","long-term",7,6,1,6,2,7,3,5,7,6
"A3989GRV3UV5VW",3,3,"3","long-term",5,4,1,4,1,6,4,4,7,6
"A39H9RIYRB5ZYV",5,6,"1","recurrance",7,5,1,4,5,5,2,7,7,6
"A39H9RIYRB5ZYV",5,6,"2","recurrance",7,4,1,6,5,4,2,7,7,6
"A39H9RIYRB5ZYV",5,6,"3","long-term",6,4,1,4,3,6,3,1,7,4
"A39H9RIYRB5ZYV",5,6,"4","recurrance",6,4,1,5,3,5,2,6,7,5
"A39H9RIYRB5ZYV",5,6,"5","long-term",7,5,1,6,3,5,2,3,7,4
"A3AE0JEXW4DB34",5,4,"1","short-term",7,7,2,7,7,7,4,6,7,7
"A3AE0JEXW4DB34",5,4,"2","recurrance",7,6,2,7,6,6,3,6,7,6
"A3AE0JEXW4DB34",5,4,"3","long-term",7,7,1,4,2,7,3,7,6,5
"A3AE0JEXW4DB34",5,4,"4","recurrance",7,5,3,7,3,2,4,5,7,5
"A3AE0JEXW4DB34",5,4,"5","long-term",7,7,1,7,3,7,3,6,7,7
"A3AJJHOAV7WIUQ",3,3,"1","short-term",6,6,3,5,3,3,3,7,6,7
"A3AJJHOAV7WIUQ",3,3,"2","long-term",5,5,3,3,1,5,5,7,5,6
"A3AJJHOAV7WIUQ",3,3,"3","short-term",6,4,3,6,3,5,4,5,5,6
"A3BE3KXD518TZ4",3,3,"1","short-term",7,6,2,6,2,4,3,7,5,7
"A3BE3KXD518TZ4",3,3,"2","recurrance",7,7,2,7,3,7,2,7,7,7
"A3BE3KXD518TZ4",3,3,"3","long-term",7,4,1,5,1,7,4,7,7,5
"A3CAF7LTD3ORSG",3,3,"1","short-term",7,4,1,6,8,4,1,6,7,5
"A3CAF7LTD3ORSG",3,3,"2","short-term",7,4,1,5,4,1,2,5,6,4
"A3CAF7LTD3ORSG",3,3,"3","recurrance",6,4,1,4,7,1,1,4,6,2
"A3E76V59BKGKCQ",3,2,"1","long-term",7,6,1,5,1,6,3,5,5,4
"A3E76V59BKGKCQ",3,2,"2","recurrance",6,6,3,7,2,7,2,6,7,7
"A3E76V59BKGKCQ",3,2,"3","short-term",4,7,3,6,3,5,7,5,7,4
"A3EXD5E390Z6B3",3,3,"1","recurrance",5,7,3,6,1,5,4,3,7,3
"A3EXD5E390Z6B3",3,3,"2","recurrance",4,6,3,5,5,6,3,4,5,4
"A3EXD5E390Z6B3",3,3,"3","short-term",7,7,1,7,2,7,4,5,7,7
"A3GI28OVLDI9ST",5,5,"1","short-term",7,7,1,7,3,5,4,7,7,7
"A3GI28OVLDI9ST",5,5,"2","short-term",5,3,3,6,4,5,4,6,7,5
"A3GI28OVLDI9ST",5,5,"3","short-term",7,7,1,6,2,4,3,6,7,4
"A3GI28OVLDI9ST",5,5,"4","long-term",5,4,2,5,1,5,5,6,5,5
"A3GI28OVLDI9ST",5,5,"5","short-term",7,3,3,3,6,6,3,4,6,6
"A3GZXU4FUJTKZD",5,40,"1","short-term",6,6,1,6,2,1,6,7,5,7
"A3GZXU4FUJTKZD",5,40,"2","short-term",6,3,2,2,3,2,4,6,4,4
"A3GZXU4FUJTKZD",5,40,"3","long-term",5,5,3,2,1,2,6,6,6,5
"A3GZXU4FUJTKZD",5,40,"4","short-term",4,2,1,4,3,5,3,3,6,2
"A3GZXU4FUJTKZD",5,40,"5","short-term",3,1,2,1,1,5,6,5,4,3
"A3HXM7BGH18FOW",3,3,"1","recurrance",7,4,2,5,3,7,3,4,7,5
"A3HXM7BGH18FOW",3,3,"2","long-term",6,4,1,2,4,2,4,4,4,1
"A3HXM7BGH18FOW",3,3,"3","recurrance",4,4,3,3,4,4,4,5,5,4
"A3KFFIBJZVM0J2",4,4,"1","short-term",7,5,1,7,3,1,3,6,7,5
"A3KFFIBJZVM0J2",4,4,"2","short-term",7,7,3,6,1,3,2,5,7,2
"A3KFFIBJZVM0J2",4,4,"3","short-term",6,5,1,6,2,1,2,5,6,5
"A3KFFIBJZVM0J2",4,4,"4","short-term",7,6,1,7,3,5,3,7,5,7
"A3KIDRWRKC7RI5",5,5,"1","long-term",7,4,1,7,2,5,1,5,6,7
"A3KIDRWRKC7RI5",5,5,"2","short-term",6,4,1,6,3,4,3,4,7,5
"A3KIDRWRKC7RI5",5,5,"3","recurrance",5,5,3,5,1,7,5,5,5,5
"A3KIDRWRKC7RI5",5,5,"4","long-term",6,5,1,5,3,7,5,4,6,6
"A3KIDRWRKC7RI5",5,5,"5","recurrance",4,3,1,5,2,4,6,5,5,7
"A3KIZLHCD945UK",3,3,"1","short-term",7,4,3,7,3,5,4,7,7,7
"A3KIZLHCD945UK",3,3,"2","recurrance",7,4,3,7,3,7,4,7,7,4
"A3KIZLHCD945UK",3,3,"3","short-term",7,4,3,7,1,6,6,7,7,7
"A3KNLR8H286IHT",3,3,"1","short-term",6,4,2,7,1,1,4,4,7,6
"A3KNLR8H286IHT",3,3,"2","recurrance",7,6,1,7,2,5,2,5,7,7
"A3KNLR8H286IHT",3,3,"3","recurrance",5,5,3,5,1,1,4,4,7,7
"A3LL096CAY5WHB",2,2,"1","recurrance",6,3,3,6,5,6,4,7,6,5
"A3LL096CAY5WHB",2,2,"2","recurrance",5,7,3,5,5,7,6,7,6,6
"A3M81P9BEVE1GD",5,5,"1","short-term",5,7,2,7,3,5,4,7,7,4
"A3M81P9BEVE1GD",5,5,"2","recurrance",4,6,1,5,3,5,6,4,5,6
"A3M81P9BEVE1GD",5,5,"3","recurrance",5,7,1,5,1,6,7,5,5,6
"A3M81P9BEVE1GD",5,5,"4","short-term",5,7,2,7,2,5,5,4,5,7
"A3M81P9BEVE1GD",5,5,"5","long-term",7,7,2,6,1,6,7,6,6,5
"A3NKNOE5HIXXL",3,2,"1","short-term",7,7,1,7,1,6,7,7,6,7
"A3NKNOE5HIXXL",3,2,"2","long-term",5,5,3,3,1,6,7,4,5,5
"A3NKNOE5HIXXL",3,2,"3","long-term",4,7,3,5,4,4,7,5,6,5
"A3NLSGHK6RFXA8",4,4,"1","long-term",6,4,2,3,8,5,2,4,7,7
"A3NLSGHK6RFXA8",4,4,"2","recurrance",6,5,2,7,8,6,4,4,6,6
"A3NLSGHK6RFXA8",4,4,"3","short-term",7,7,1,7,8,1,2,6,7,7
"A3NLSGHK6RFXA8",4,4,"4","long-term",5,5,3,4,8,2,4,5,7,5
"A3NRAEKWOKVUNN",2,2,"1","recurrance",3,3,3,4,3,1,2,3,6,3
"A3NRAEKWOKVUNN",2,2,"2","long-term",3,3,1,4,8,4,2,4,4,3
"A3NXT3OVGL7QNR",1,2,"1","long-term",7,5,1,3,1,4,4,7,6,7
"A3O0ZQMDKOKAMR",2,2,"1","recurrance",7,4,1,6,2,6,2,7,5,5
"A3O0ZQMDKOKAMR",2,2,"2","long-term",7,6,1,6,2,6,2,7,6,4
"A3OAXRZT3MVJML",3,2,"1","long-term",7,5,2,6,3,2,2,5,5,6
"A3OAXRZT3MVJML",3,2,"2","short-term",5,4,1,5,5,2,3,4,5,4
"A3OAXRZT3MVJML",3,2,"3","long-term",6,5,3,6,1,2,2,5,5,5
"A3OLRWACCCCUTU",5,6,"1","short-term",7,7,1,7,3,7,2,7,7,6
"A3OLRWACCCCUTU",5,6,"2","short-term",4,4,1,5,5,6,3,4,7,1
"A3OLRWACCCCUTU",5,6,"3","recurrance",6,7,2,6,2,7,3,6,7,4
"A3OLRWACCCCUTU",5,6,"4","recurrance",6,6,3,5,1,4,3,7,7,6
"A3OLRWACCCCUTU",5,6,"5","short-term",7,5,1,7,3,7,1,7,7,7
"A3OPRR8AXT6OSJ",3,3,"1","recurrance",7,5,1,5,3,4,2,6,6,6
"A3OPRR8AXT6OSJ",3,3,"2","recurrance",7,7,1,5,3,5,3,7,6,7
"A3OPRR8AXT6OSJ",3,3,"3","recurrance",7,7,1,7,5,5,1,6,7,6
"A3OUNEJO97MM8E",3,3,"1","short-term",7,7,1,6,3,6,3,5,6,6
"A3OUNEJO97MM8E",3,3,"2","long-term",7,5,3,7,1,5,1,7,6,6
"A3OUNEJO97MM8E",3,3,"3","short-term",7,4,1,5,3,6,2,3,6,6
"A3PGCZCYMXQMZ8",4,4,"1","recurrance",7,4,1,7,4,5,3,7,7,7
"A3PGCZCYMXQMZ8",4,4,"2","long-term",7,4,1,5,3,6,2,7,7,2
"A3PGCZCYMXQMZ8",4,4,"3","long-term",6,3,3,5,1,5,5,7,6,6
"A3PGCZCYMXQMZ8",4,4,"4","long-term",7,7,1,5,5,2,1,7,7,5
"A3PSV85ZUXP9VF",3,3,"1","long-term",6,7,1,4,5,6,3,3,6,6
"A3PSV85ZUXP9VF",3,3,"2","short-term",7,6,2,6,3,4,2,6,6,4
"A3PSV85ZUXP9VF",3,3,"3","short-term",6,6,3,6,2,7,4,4,7,5
"A3QSFE6GKO157S",2,2,"1","recurrance",6,5,3,5,3,4,4,6,6,5
"A3QSFE6GKO157S",2,2,"2","recurrance",6,5,3,6,1,4,4,5,6,6
"A3ROYUO9LWA22S",5,5,"1","short-term",7,7,1,7,3,4,1,6,7,7
"A3ROYUO9LWA22S",5,5,"2","short-term",7,4,1,7,4,4,1,7,7,7
"A3ROYUO9LWA22S",5,5,"3","long-term",7,6,2,7,3,6,1,7,7,6
"A3ROYUO9LWA22S",5,5,"4","short-term",7,4,1,6,4,4,1,4,7,7
"A3ROYUO9LWA22S",5,5,"5","recurrance",7,7,1,5,1,5,1,7,7,5
"A3U2S6OPJNS4AQ",1,1,"1","short-term",6,7,1,6,3,7,1,4,7,6
"A3U4SSUB9ZZ9T0",3,3,"1","long-term",7,7,3,6,1,5,4,7,6,6
"A3U4SSUB9ZZ9T0",3,3,"2","recurrance",7,5,3,6,4,4,4,5,6,6
"A3U4SSUB9ZZ9T0",3,3,"3","recurrance",7,7,1,6,1,5,2,7,6,7
"A3UUH3632AI3ZX",1,1,"1","short-term",7,7,2,7,3,7,1,7,7,7
"A3VYBAO7UQQHGC",3,3,"1","short-term",6,6,1,5,8,4,2,6,6,4
"A3VYBAO7UQQHGC",3,3,"2","short-term",7,6,1,7,3,4,1,7,7,6
"A3VYBAO7UQQHGC",3,3,"3","short-term",7,7,3,5,2,4,4,7,7,6
"A3VZUPCZB4Q9XW",5,6,"1","recurrance",6,5,1,6,2,4,2,6,6,3
"A3VZUPCZB4Q9XW",5,6,"2","long-term",5,4,3,3,1,4,3,3,4,3
"A3VZUPCZB4Q9XW",5,6,"3","long-term",4,3,1,4,3,3,4,4,6,2
"A3VZUPCZB4Q9XW",5,6,"4","long-term",4,4,3,4,1,6,4,6,6,3
"A3VZUPCZB4Q9XW",5,6,"5","recurrance",5,4,3,5,3,3,2,3,6,3
"A47VCO946DO5K",3,3,"1","short-term",7,7,2,7,3,7,3,7,7,5
"A47VCO946DO5K",3,3,"2","long-term",7,7,1,6,5,4,1,4,7,1
"A47VCO946DO5K",3,3,"3","long-term",7,2,1,3,4,4,1,4,6,6
"A49CVVOWN4D6Y",5,4,"1","long-term",5,4,3,4,2,4,3,5,4,6
"A49CVVOWN4D6Y",5,4,"2","long-term",6,4,3,7,1,2,4,5,4,7
"A49CVVOWN4D6Y",5,4,"3","long-term",7,6,2,7,1,4,1,7,7,5
"A49CVVOWN4D6Y",5,4,"4","long-term",5,4,1,4,3,3,4,5,3,7
"A49CVVOWN4D6Y",5,4,"5","short-term",6,4,1,7,1,4,1,4,4,6
"A4BDXOXC4D8FX",3,3,"1","short-term",7,5,1,7,3,1,5,7,7,4
"A4BDXOXC4D8FX",3,3,"2","short-term",7,7,1,7,3,5,2,7,7,4
"A4BDXOXC4D8FX",3,3,"3","recurrance",7,2,1,7,3,1,3,6,7,6
"A5A14MTB35J23",5,6,"1","recurrance",7,7,1,6,4,5,2,2,7,6
"A5A14MTB35J23",5,6,"2","recurrance",6,4,1,7,5,6,4,3,7,5
"A5A14MTB35J23",5,6,"3","short-term",6,2,1,7,3,6,6,6,6,4
"A5A14MTB35J23",5,6,"4","recurrance",6,2,3,4,5,5,3,6,7,5
"A5A14MTB35J23",5,6,"5","long-term",6,4,1,7,1,6,2,5,6,4
"A5E2P5F1AXYZ1",5,5,"1","recurrance",6,6,3,5,5,5,3,6,5,6
"A5E2P5F1AXYZ1",5,5,"2","recurrance",6,4,3,6,3,5,3,7,7,4
"A5E2P5F1AXYZ1",5,5,"3","long-term",7,4,1,5,5,4,3,6,6,4
"A5E2P5F1AXYZ1",5,5,"4","long-term",6,3,1,5,5,5,2,6,7,3
"A5E2P5F1AXYZ1",5,5,"5","recurrance",7,6,3,6,4,6,3,7,6,6
"A6JUD4NCQCDWG",2,2,"1","long-term",6,4,1,6,2,4,3,4,5,4
"A6JUD4NCQCDWG",2,2,"2","short-term",6,3,1,NA,2,6,3,6,6,4
"A6R5AQ4D638BH",3,3,"1","long-term",7,6,1,7,3,7,1,3,7,5
"A6R5AQ4D638BH",3,3,"2","short-term",6,6,1,7,2,7,1,3,6,5
"A6R5AQ4D638BH",3,3,"3","short-term",7,7,2,7,3,7,1,5,7,7
"A770OB1ZAGJ4G",4,4,"1","recurrance",7,6,3,6,1,6,4,7,7,6
"A770OB1ZAGJ4G",4,4,"2","recurrance",7,5,3,6,1,6,6,7,6,7
"A770OB1ZAGJ4G",4,4,"3","recurrance",7,6,3,6,1,6,6,7,5,6
"A770OB1ZAGJ4G",4,4,"4","recurrance",7,7,2,7,2,6,5,7,7,7
"A7P3R1AIA4TVV",3,3,"1","recurrance",4,4,2,5,4,5,3,3,6,3
"A7P3R1AIA4TVV",3,3,"2","long-term",4,3,3,5,2,4,4,4,4,4
"A7P3R1AIA4TVV",3,3,"3","short-term",6,5,1,6,5,4,2,6,6,4
"AADRZTXSE7211",4,3,"1","recurrance",7,7,2,6,2,4,1,6,6,7
"AADRZTXSE7211",4,3,"2","short-term",6,6,2,6,3,5,2,5,6,5
"AADRZTXSE7211",4,3,"3","recurrance",7,6,1,6,2,5,2,6,6,6
"AADRZTXSE7211",4,3,"4","recurrance",6,5,2,7,3,4,2,6,5,5
"AAHZCL4LIPCBQ",3,3,"1","long-term",7,7,1,7,3,7,1,7,7,7
"AAHZCL4LIPCBQ",3,3,"2","recurrance",7,7,1,7,4,7,1,1,7,7
"AAHZCL4LIPCBQ",3,3,"3","recurrance",7,7,1,7,3,7,1,1,7,7
"ABOEYY9Y0PFRI",3,3,"1","recurrance",4,3,2,2,5,4,2,2,6,3
"ABOEYY9Y0PFRI",3,3,"2","recurrance",4,5,2,6,3,3,3,3,5,2
"ABOEYY9Y0PFRI",3,3,"3","recurrance",3,2,3,3,5,2,4,3,7,2
"ADJ9I7ZBFYFH7",3,4,"1","short-term",6,5,1,7,3,1,4,4,7,2
"ADJ9I7ZBFYFH7",3,4,"2","short-term",6,2,1,7,8,6,5,6,7,4
"ADJ9I7ZBFYFH7",3,4,"3","recurrance",5,2,3,5,5,6,6,5,7,2
"ADYMIMV1PE14V",3,2,"1","long-term",7,6,3,7,1,6,5,7,5,7
"ADYMIMV1PE14V",3,2,"2","recurrance",7,4,1,7,3,5,3,7,7,7
"ADYMIMV1PE14V",3,2,"3","short-term",6,4,1,7,3,5,2,4,6,4
"AF0W4ZBY7VXOU",3,3,"1","recurrance",7,5,3,7,1,6,7,7,7,4
"AF0W4ZBY7VXOU",3,3,"2","short-term",7,4,1,7,3,6,4,5,7,7
"AF0W4ZBY7VXOU",3,3,"3","recurrance",7,4,3,7,1,4,7,7,7,6
"AFMAFX0P2YRRV",1,1,"1","short-term",5,4,1,7,3,4,4,7,7,5
"AH00EJ6PK1H3A",3,3,"1","short-term",7,6,1,7,5,4,3,6,7,4
"AH00EJ6PK1H3A",3,3,"2","recurrance",4,2,3,4,3,1,5,2,7,1
"AH00EJ6PK1H3A",3,3,"3","recurrance",4,5,3,5,1,1,6,3,5,1
"AHGDYNKOKJWFJ",3,2,"1","short-term",5,7,3,5,3,6,4,4,6,4
"AHGDYNKOKJWFJ",3,2,"2","short-term",6,4,3,6,2,5,2,5,7,5
"AHGDYNKOKJWFJ",3,2,"3","short-term",4,4,1,5,4,5,6,4,7,2
"AHKRGPN5D3I2G",5,4,"1","recurrance",7,6,1,7,5,7,1,2,7,4
"AHKRGPN5D3I2G",5,4,"2","short-term",7,7,1,7,2,4,2,7,7,7
"AHKRGPN5D3I2G",5,4,"3","long-term",7,6,1,7,7,7,1,7,7,7
"AHKRGPN5D3I2G",5,4,"4","recurrance",7,7,1,7,1,7,1,7,7,7
"AHKRGPN5D3I2G",5,4,"5","long-term",5,3,2,7,1,7,4,4,7,1
"AHYTT3T8W9Y9Y",1,1,"1","recurrance",6,5,3,5,1,5,4,6,6,7
"AIA7RZSAONU5M",3,3,"1","recurrance",5,2,3,2,1,6,6,5,4,4
"AIA7RZSAONU5M",3,3,"2","recurrance",4,6,3,2,1,5,7,6,3,4
"AIA7RZSAONU5M",3,3,"3","recurrance",7,4,3,7,2,6,6,7,4,7
"AIHHRINW9IN1I",3,3,"1","short-term",7,5,1,7,4,4,2,6,7,4
"AIHHRINW9IN1I",3,3,"2","short-term",7,6,2,5,3,5,2,7,7,5
"AIHHRINW9IN1I",3,3,"3","short-term",6,3,2,3,2,4,4,6,7,5
"AIHUIAQ4922K3",2,2,"1","recurrance",6,6,1,6,3,6,4,5,6,4
"AIHUIAQ4922K3",2,2,"2","recurrance",6,6,2,5,3,6,4,7,6,4
"AJ4T7PTRYNSUW",3,3,"1","long-term",7,4,3,6,1,2,3,7,4,5
"AJ4T7PTRYNSUW",3,3,"2","long-term",4,3,1,3,2,3,6,7,4,3
"AJ4T7PTRYNSUW",3,3,"3","long-term",4,4,3,NA,3,3,4,3,5,4
"AJ9O2ZA0E8UDZ",3,3,"1","recurrance",7,7,2,6,3,4,2,5,5,4
"AJ9O2ZA0E8UDZ",3,3,"2","recurrance",7,5,3,5,2,4,4,4,5,4
"AJ9O2ZA0E8UDZ",3,3,"3","short-term",7,5,3,5,4,5,4,7,7,7
"AJDHPRCJ985C7",5,4,"1","recurrance",6,5,3,7,2,7,2,4,7,4
"AJDHPRCJ985C7",5,4,"2","recurrance",5,3,2,7,2,7,5,3,6,6
"AJDHPRCJ985C7",5,4,"3","short-term",6,6,1,5,3,3,5,7,4,5
"AJDHPRCJ985C7",5,4,"4","recurrance",6,6,2,6,1,4,2,6,7,4
"AJDHPRCJ985C7",5,4,"5","long-term",4,4,3,3,1,2,4,3,7,2
"AJMWITY1XT7H7",4,2,"1","recurrance",7,5,3,6,1,7,4,4,6,6
"AJMWITY1XT7H7",4,2,"2","recurrance",6,2,1,3,3,6,4,7,7,4
"AJMWITY1XT7H7",4,2,"3","short-term",6,6,1,6,8,5,4,7,6,4
"AJMWITY1XT7H7",4,2,"4","recurrance",6,6,3,7,1,6,5,7,7,6
"AJQ71YIGY01HZ",2,2,"1","long-term",6,6,2,6,2,6,2,6,6,4
"AJQ71YIGY01HZ",2,2,"2","long-term",7,7,1,7,2,6,1,7,6,6
"AKMOBFEEKW378",5,3,"1","recurrance",7,3,2,7,3,5,3,7,7,5
"AKMOBFEEKW378",5,3,"2","recurrance",7,5,3,5,1,6,4,7,5,7
"AKMOBFEEKW378",5,3,"3","recurrance",7,4,3,5,1,2,7,7,7,6
"AKMOBFEEKW378",5,3,"4","long-term",7,3,1,7,3,7,4,7,4,7
"AKMOBFEEKW378",5,3,"5","long-term",6,4,1,5,2,2,4,7,5,4
"AKX5RHHO8BIUX",5,5,"1","short-term",7,4,1,7,3,4,2,6,7,6
"AKX5RHHO8BIUX",5,5,"2","recurrance",7,7,1,6,1,5,2,7,5,7
"AKX5RHHO8BIUX",5,5,"3","short-term",6,2,1,6,3,2,4,6,6,4
"AKX5RHHO8BIUX",5,5,"4","short-term",6,2,2,5,2,5,5,7,6,4
"AKX5RHHO8BIUX",5,5,"5","short-term",5,3,1,6,5,5,3,5,6,3
"AL7UTA8J27TFK",4,3,"1","recurrance",7,4,1,7,3,7,3,7,6,7
"AL7UTA8J27TFK",4,3,"2","long-term",7,4,1,7,3,6,1,6,7,6
"AL7UTA8J27TFK",4,3,"3","short-term",7,3,1,7,3,7,1,5,7,4
"AL7UTA8J27TFK",4,3,"4","long-term",7,2,3,6,2,7,6,7,7,7
"ALAOEYIYW0CW7",5,5,"1","long-term",7,7,2,5,2,1,6,7,7,7
"ALAOEYIYW0CW7",5,5,"2","recurrance",7,6,3,6,2,6,4,6,7,5
"ALAOEYIYW0CW7",5,5,"3","recurrance",7,7,1,7,1,1,3,7,6,7
"ALAOEYIYW0CW7",5,5,"4","long-term",7,7,1,6,2,5,6,7,5,7
"ALAOEYIYW0CW7",5,5,"5","recurrance",7,7,2,6,1,1,5,7,6,7
"ALDQRWYZ8KQ9A",3,3,"1","long-term",5,4,3,6,1,1,6,6,3,5
"ALDQRWYZ8KQ9A",3,3,"2","recurrance",7,7,1,7,4,1,2,7,7,7
"ALDQRWYZ8KQ9A",3,3,"3","recurrance",5,3,3,6,2,1,6,7,6,7
"AM0QVBV8L6QCJ",2,2,"1","long-term",6,7,3,7,1,6,4,4,6,4
"AM0QVBV8L6QCJ",2,2,"2","long-term",7,4,1,6,1,7,2,7,5,6
"AMA18W8F60Y2J",1,3,"1","short-term",6,3,1,4,8,4,3,5,5,4
"AMTTB8JUWRRM7",2,2,"1","long-term",6,4,3,5,2,4,7,7,7,4
"AMTTB8JUWRRM7",2,2,"2","recurrance",5,4,1,1,3,3,2,7,5,4
"ANZNAAS2K0DSY",3,2,"1","short-term",7,7,1,5,1,5,2,4,7,5
"ANZNAAS2K0DSY",3,2,"2","short-term",7,1,1,4,3,4,1,7,3,6
"ANZNAAS2K0DSY",3,2,"3","short-term",4,3,1,4,4,3,3,1,7,1
"AOS2PVHT2HYTL",3,5,"1","short-term",7,4,3,7,2,5,4,7,7,7
"AOS2PVHT2HYTL",3,5,"2","short-term",7,4,1,7,1,7,1,7,7,4
"AOS2PVHT2HYTL",3,5,"3","short-term",7,3,1,7,2,7,2,7,7,5
"APY7YO8CH0ZDP",3,3,"1","recurrance",7,3,3,4,1,5,7,7,4,5
"APY7YO8CH0ZDP",3,3,"2","recurrance",7,1,3,7,3,4,4,7,4,7
"APY7YO8CH0ZDP",3,3,"3","recurrance",7,5,3,3,2,4,3,7,5,4
"AQAXDL1INQC9Q",3,3,"1","recurrance",6,4,3,5,1,2,4,4,7,5
"AQAXDL1INQC9Q",3,3,"2","recurrance",6,5,3,7,1,3,2,6,7,5
"AQAXDL1INQC9Q",3,3,"3","recurrance",7,5,1,6,2,5,2,7,7,4
"AQMLJYUQCSG22",3,3,"1","recurrance",6,6,2,5,2,5,5,4,6,3
"AQMLJYUQCSG22",3,3,"2","long-term",4,4,1,3,1,4,4,5,3,2
"AQMLJYUQCSG22",3,3,"3","short-term",3,2,1,2,5,5,2,1,7,1
"ARQR5NIFA1AJ",3,3,"1","long-term",4,7,3,5,3,6,4,5,5,4
"ARQR5NIFA1AJ",3,3,"2","recurrance",6,5,2,2,1,7,4,5,5,4
"ARQR5NIFA1AJ",3,3,"3","short-term",7,4,1,4,4,6,2,7,6,5
"AS2MFSWNC5CQI",4,4,"1","long-term",7,7,1,7,1,6,1,7,7,7
"AS2MFSWNC5CQI",4,4,"2","long-term",7,7,1,7,1,7,1,7,7,5
"AS2MFSWNC5CQI",4,4,"3","long-term",5,4,1,7,3,5,1,4,7,3
"AS2MFSWNC5CQI",4,4,"4","long-term",4,3,3,5,3,1,7,4,5,2
"AS6FM754MF2B2",4,3,"1","recurrance",7,7,1,7,3,3,2,7,7,3
"AS6FM754MF2B2",4,3,"2","recurrance",7,6,3,5,1,4,5,7,5,4
"AS6FM754MF2B2",4,3,"3","long-term",5,4,2,7,3,2,5,7,6,4
"AS6FM754MF2B2",4,3,"4","short-term",5,3,1,5,5,7,5,6,5,5
"ASY5W2HJPIPF4",2,3,"1","short-term",6,4,1,7,3,3,3,4,7,4
"ASY5W2HJPIPF4",2,3,"2","short-term",6,3,3,3,1,7,5,6,6,6
"AT6LDQNLKTUSE",2,2,"1","short-term",7,6,1,7,2,5,2,6,7,6
"AT6LDQNLKTUSE",2,2,"2","long-term",7,6,2,7,3,5,3,5,7,5
"AU34T9OMHN4Z4",3,6,"1","recurrance",7,7,3,5,2,7,1,7,7,7
"AU34T9OMHN4Z4",3,6,"2","recurrance",7,7,3,7,2,7,5,7,7,7
"AU34T9OMHN4Z4",3,6,"3","long-term",7,7,3,7,1,7,4,7,5,3
"AUQTHU5AOZVQC",5,15,"1","short-term",7,7,3,7,1,7,3,7,7,6
"AUQTHU5AOZVQC",5,15,"2","short-term",7,5,2,7,2,7,4,7,7,7
"AUQTHU5AOZVQC",5,15,"3","short-term",7,7,3,7,1,7,2,7,6,7
"AUQTHU5AOZVQC",5,15,"4","short-term",7,4,1,7,2,5,2,7,5,5
"AUQTHU5AOZVQC",5,15,"5","recurrance",7,7,3,7,2,4,3,7,7,6
"AVKMFV9CZ0MLR",5,5,"1","recurrance",7,7,3,7,5,7,4,7,7,7
"AVKMFV9CZ0MLR",5,5,"2","recurrance",7,7,3,7,3,7,4,7,7,7
"AVKMFV9CZ0MLR",5,5,"3","recurrance",7,7,3,7,3,4,4,7,7,7
"AVKMFV9CZ0MLR",5,5,"4","recurrance",7,7,3,7,3,4,4,7,7,7
"AVKMFV9CZ0MLR",5,5,"5","recurrance",7,7,2,7,5,4,4,7,7,7
"AWTGJ45ZWUCHH",5,3,"1","short-term",7,7,1,7,3,7,1,7,7,3
"AWTGJ45ZWUCHH",5,3,"2","short-term",7,7,1,7,8,4,1,4,7,1
"AWTGJ45ZWUCHH",5,3,"3","long-term",7,7,1,7,2,4,1,7,7,4
"AWTGJ45ZWUCHH",5,3,"4","short-term",7,7,1,7,7,7,1,7,7,4
"AWTGJ45ZWUCHH",5,3,"5","short-term",7,7,1,7,5,7,1,7,7,4
"AWVLT2L5AP873",3,3,"1","recurrance",6,2,3,4,3,3,5,7,7,6
"AWVLT2L5AP873",3,3,"2","recurrance",7,7,1,7,4,6,1,6,6,1
"AWVLT2L5AP873",3,3,"3","recurrance",5,5,3,5,3,4,5,7,7,6
"AXF0OX50YZQC6",5,6,"1","recurrance",7,4,3,7,3,7,4,NA,7,4
"AXF0OX50YZQC6",5,6,"2","short-term",7,7,3,7,3,7,4,7,7,4
"AXF0OX50YZQC6",5,6,"3","long-term",7,4,3,7,5,7,4,7,7,4
"AXF0OX50YZQC6",5,6,"4","long-term",7,7,1,7,4,7,1,7,7,4
"AXF0OX50YZQC6",5,6,"5","recurrance",7,4,3,7,6,7,4,4,7,4
"AY4E4CDN0J6JL",4,4,"1","short-term",7,7,1,5,3,7,3,7,7,7
"AY4E4CDN0J6JL",4,4,"2","recurrance",6,4,3,3,1,7,6,5,7,7
"AY4E4CDN0J6JL",4,4,"3","short-term",7,7,3,5,2,5,7,5,2,5
"AY4E4CDN0J6JL",4,4,"4","short-term",7,3,1,7,3,7,5,6,7,3
"AY5QPUSEADPBG",2,2,"1","short-term",7,6,1,7,5,1,4,7,7,7
"AY5QPUSEADPBG",2,2,"2","recurrance",7,3,3,6,2,5,5,7,6,7
"AYA1LRB27KSR1",5,7,"1","short-term",7,7,1,7,3,6,1,7,7,7
"AYA1LRB27KSR1",5,7,"2","recurrance",7,7,3,7,3,7,1,7,7,7
"AYA1LRB27KSR1",5,7,"3","recurrance",7,7,3,7,2,7,3,7,7,7
"AYA1LRB27KSR1",5,7,"4","recurrance",7,4,3,7,1,7,1,7,7,7
"AYA1LRB27KSR1",5,7,"5","recurrance",7,7,3,7,3,7,1,7,7,7
"AYNDATHZBJZ6E",3,3,"1","recurrance",7,4,3,6,1,5,6,7,7,7
"AYNDATHZBJZ6E",3,3,"2","long-term",6,3,3,5,1,4,6,7,7,7
"AYNDATHZBJZ6E",3,3,"3","recurrance",7,3,3,5,1,4,6,7,7,7
"AYPOAY43REHC8",5,5,"1","long-term",7,7,1,7,3,7,1,7,7,7
"AYPOAY43REHC8",5,5,"2","short-term",7,7,1,7,1,7,1,7,7,7
"AYPOAY43REHC8",5,5,"3","recurrance",4,7,1,7,1,7,3,7,7,7
"AYPOAY43REHC8",5,5,"4","recurrance",7,7,1,4,1,1,1,7,7,4
"AYPOAY43REHC8",5,5,"5","recurrance",7,7,1,4,1,4,1,7,7,4
