"MTurkCode","goal","status","listNum","terminate_time","time_point","affordance","approach_avoidance","attainability","attainment_maintenance","attractiveness_achievement","attractiveness_progress","basic_needs","clarity","commonality","conflict","connectedness","construal_level","control","difficulty","end_state_specificity","external_importance","external_motivation","frequency","ideal_motivation","identified_motivation","importance","instrumentality","intrinsic_motivation","introjected_motivation","meaningfulness","measurability","ought_motivation","social_desirability","specificity","temporal_duration","visibility"
"A10LHWALI4BZPC","2","completed",4,"F1","F1",7,2,11,1,4,5,5,6,3,2,3,3,6,1,1,3,1,1,5,3,4,3,7,1,4,7,1,7,6,3,5
"A11F3MA5FWH6SJ","3","completed",3,"F1","F1",4,1,11,8,7,7,4,7,4,1,1,7,7,4,4,1,7,1,4,7,7,4,4,7,1,4,1,4,7,4,7
"A13FUEPWBCLBUY","2","abandoned",2,"F1","F1",5,1,2,7,7,6,6,4,6,4,4,6,7,7,1,4,2,2,5,6,5,6,1,4,6,7,4,7,7,5,5
"A1561P9VVA3C1C","2","completed",3,"F1","F1",4,2,11,1,5,5,3,7,5,3,2,1,3,4,1,4,5,1,3,7,7,4,1,5,4,7,5,7,7,3,7
"A16Z9FSSF1X74O","3","abandoned",5,"F1","F1",1,4,2,1,7,7,1,6,2,1,1,1,5,5,3,1,1,2,5,3,4,3,7,1,1,4,1,4,4,3,4
"A1720HSKGQ41VJ","1","completed",4,"F1","F1",6,1,11,1,7,7,6,5,6,3,2,4,5,5,1,5,5,1,4,6,6,3,6,1,5,7,3,7,6,3,6
"A198MSVO1VTAT5","1","completed",4,"F1","F1",7,1,11,1,5,5,4,7,5,1,4,1,7,1,1,4,1,1,1,7,7,4,1,1,2,7,4,7,7,2,7
"A198MSVO1VTAT5","2","completed",4,"F1","F1",7,1,11,1,5,5,4,7,5,1,2,1,7,1,1,4,1,1,3,4,5,3,1,2,4,7,4,7,7,2,7
"A19YQU3ZZ8USPO","2","completed",3,"F1","F1",6,1,11,1,6,6,1,7,1,2,NA,5,6,3,1,6,1,1,5,7,6,6,6,4,4,6,1,1,7,2,1
"A1BIJGB7XA0GME","1","completed",3,"F1","F1",7,1,11,7,6,5,7,7,7,1,1,7,7,7,1,7,7,1,1,7,7,1,1,7,5,7,7,7,7,3,7
"A1BSVEBYDZ0AAU","3","abandoned",3,"F1","F1",7,2,2,7,4,5,6,7,5,1,1,1,7,5,1,1,2,2,2,6,4,2,1,2,1,3,2,5,3,5,1
"A1G187YBG0DVMQ","3","abandoned",3,"F1","F1",3,2,2,1,2,5,5,3,6,1,2,2,2,3,3,2,4,1,6,4,2,4,3,3,2,6,6,4,1,4,3
"A1J8TVICSRC70W","1","abandoned",5,"F1","F1",3,1,3,2,5,7,5,5,7,3,4,4,4,7,1,3,2,2,3,6,5,4,2,5,3,7,3,7,6,3,5
"A1J8TVICSRC70W","3","abandoned",5,"F1","F1",3,1,4,1,4,3,2,5,3,5,1,2,6,2,1,3,2,1,6,6,4,1,5,3,3,4,2,4,6,2,2
"A1J8TVICSRC70W","5","abandoned",5,"F1","F1",3,7,2,7,4,3,2,6,1,2,3,2,7,7,2,2,7,2,6,4,2,5,1,6,5,7,7,5,7,3,6
"A1K8VUKRL53OX","1","completed",5,"F1","F1",7,1,8,7,6,7,7,7,7,7,5,7,7,7,2,7,7,2,7,7,7,7,5,1,7,6,7,7,7,2,7
"A1KC342L9WAQ2","1","completed",3,"F1","F1",6,1,11,3,7,6,5,6,3,4,6,7,6,6,2,7,6,1,7,6,7,5,4,6,6,6,7,4,6,3,7
"A1QT7BQZVOBSY0","2","completed",4,"F1","F1",7,1,11,1,6,6,3,7,3,1,5,4,7,4,1,1,5,1,4,6,6,6,2,3,5,7,1,5,7,2,3
"A1R5W4RQZTROD8","2","abandoned",4,"F1","F1",2,1,2,5,5,4,4,6,2,4,1,3,4,5,3,1,1,2,4,2,3,2,7,2,4,6,1,2,2,3,4
"A1SL72YBUW8Q8K","4","abandoned",4,"F1","F1",6,1,3,1,6,5,1,6,7,1,1,4,7,6,1,3,3,2,5,5,4,2,1,1,2,5,3,5,7,2,1
"A1TPGXT718D68E","2","completed",3,"F1","F1",7,1,11,1,6,6,7,7,7,1,7,4,7,4,1,7,7,1,4,7,7,7,1,7,7,7,1,7,7,2,7
"A1VRG5HKZC0H0C","1","completed",5,"F1","F1",4,1,11,1,6,6,4,4,2,4,1,7,7,4,1,1,1,1,5,5,6,3,7,6,4,7,1,4,7,2,7
"A1WJYF201K77BI","4","abandoned",5,"F1","F1",3,1,3,2,5,6,1,4,1,1,2,2,7,5,2,1,2,2,7,6,6,2,5,7,4,6,1,2,5,4,2
"A1WJYF201K77BI","5","completed",5,"F1","F1",6,1,10,7,6,6,6,6,5,3,4,2,7,3,1,1,2,2,6,6,5,4,5,3,2,6,1,6,6,3,2
"A1WQACYPLESVGL","4","completed",5,"F1","F1",3,1,10,6,7,7,6,7,5,2,5,4,6,2,1,1,2,2,7,6,6,6,2,1,7,7,1,5,7,3,1
"A21ZYTE6WOKUA","1","abandoned",4,"F1","F1",7,7,11,5,7,7,7,7,6,7,7,5,7,4,2,7,1,1,7,7,7,7,7,1,7,7,1,7,7,3,7
"A21ZYTE6WOKUA","2","completed",4,"F1","F1",7,6,11,7,7,6,7,7,7,1,7,7,7,7,3,7,1,2,7,7,7,7,7,5,4,7,7,5,7,2,7
"A225BMTMXUR5F4","1","completed",5,"F1","F1",5,1,11,1,7,7,7,7,4,2,5,6,7,6,3,1,1,1,7,7,7,6,4,1,7,7,1,4,7,3,7
"A22SZHZTF72TRM","1","completed",4,"F1","F1",7,7,11,6,7,7,7,7,4,1,4,4,7,7,2,3,4,2,6,7,7,7,5,5,4,7,2,7,7,3,4
"A26UAJWMMNN351","2","abandoned",3,"F1","F1",5,1,1,4,4,5,7,7,4,4,1,4,7,4,3,4,1,1,7,4,4,1,5,4,4,4,4,7,7,3,7
"A2FP41BSPG0Y4A","4","abandoned",5,"F1","F1",4,5,4,6,4,4,4,4,5,4,4,4,5,6,3,4,3,2,4,5,4,4,4,3,4,4,4,5,4,5,3
"A2FP41BSPG0Y4A","5","completed",5,"F1","F1",7,1,11,2,7,7,6,4,4,6,7,6,7,5,1,4,4,1,7,6,7,3,7,6,4,7,2,4,6,1,7
"A2H0VR477QHYO7","1","completed",4,"F1","F1",6,1,11,7,7,7,6,7,5,6,2,7,7,7,3,7,5,2,6,7,7,7,5,1,6,7,6,7,7,4,7
"A2H0VR477QHYO7","3","abandoned",4,"F1","F1",2,1,5,1,7,1,7,5,7,5,6,7,7,7,1,7,6,1,6,6,7,7,5,7,7,5,7,7,7,4,6
"A2IJEKMVEHQ90W","5","completed",5,"F1","F1",7,1,11,1,6,6,1,5,7,7,3,4,7,2,3,5,6,2,7,6,4,2,4,1,3,7,4,7,7,2,7
"A2R9OK4M877ZCC","2","completed",3,"F1","F1",7,1,11,7,7,7,7,7,7,4,7,7,7,4,2,7,5,2,4,7,7,7,3,7,4,7,1,7,7,3,7
"A2W0G89O7E9EFO","2","completed",5,"F1","F1",7,1,11,2,5,5,3,7,4,2,2,4,5,3,1,2,2,1,5,6,7,5,2,2,6,7,1,5,7,3,7
"A2Y0WNHMT4PZ4C","2","abandoned",3,"F1","F1",3,1,6,3,6,6,7,5,7,2,4,6,7,6,1,6,5,2,5,6,5,6,2,4,3,5,3,6,7,1,6
"A30FIPRPFQRBO6","2","abandoned",3,"F1","F1",4,1,4,4,7,7,7,7,7,4,6,4,7,7,1,7,7,2,7,7,7,6,1,7,7,7,4,7,7,4,7
"A30FIPRPFQRBO6","3","completed",3,"F1","F1",4,4,10,1,7,7,4,6,7,1,3,4,7,4,1,6,4,2,7,4,7,7,4,4,7,7,4,7,7,4,7
"A36ZURENFWTYOZ","2","abandoned",5,"F1","F1",2,1,2,1,3,3,6,5,5,4,2,5,6,7,1,1,1,1,4,4,3,7,2,1,5,6,1,6,7,4,1
"A36ZURENFWTYOZ","5","completed",5,"F1","F1",6,1,11,1,6,6,7,7,7,2,4,7,6,7,1,4,6,1,6,7,7,7,4,7,6,7,4,7,7,2,7
"A39H9RIYRB5ZYV","5","completed",5,"F1","F1",7,4,10,4,6,7,7,7,4,1,6,6,5,2,3,5,1,2,7,7,7,6,7,1,6,6,1,6,3,3,6
"A3GI28OVLDI9ST","1","completed",5,"F1","F1",7,1,11,1,7,7,1,7,4,4,4,7,7,5,1,4,4,1,4,7,7,6,4,4,5,7,4,6,7,3,7
"A3GZXU4FUJTKZD","1","completed",5,"F1","F1",2,7,11,1,4,5,4,4,1,7,4,6,4,7,1,7,7,1,1,4,7,1,1,7,4,7,7,7,7,1,7
"A3KFFIBJZVM0J2","1","completed",4,"F1","F1",7,1,11,1,6,6,2,4,2,4,4,3,7,4,1,5,6,1,3,6,6,4,3,1,1,7,2,6,7,3,7
"A3KFFIBJZVM0J2","4","completed",4,"F1","F1",7,1,11,1,5,5,2,7,7,2,4,1,7,6,1,4,7,1,4,7,7,6,2,6,1,7,7,7,7,2,7
"A3KIZLHCD945UK","2","completed",3,"F1","F1",7,1,11,7,6,6,7,7,5,1,6,4,7,4,1,4,1,2,6,7,7,4,3,2,4,7,1,7,7,4,7
"A3KNLR8H286IHT","2","completed",3,"F1","F1",7,2,11,NA,5,5,7,7,1,1,4,4,7,5,1,1,1,1,7,6,5,4,4,5,4,7,1,4,7,2,1
"A3KNLR8H286IHT","3","completed",3,"F1","F1",7,1,11,1,7,7,5,7,4,1,4,4,7,4,1,7,1,1,7,7,7,6,1,7,7,7,4,4,7,2,1
"A3LL096CAY5WHB","1","abandoned",2,"F1","F1",5,2,4,6,4,3,5,5,4,6,4,6,6,6,3,4,5,2,5,6,7,NA,5,6,5,4,6,5,6,4,6
"A3LL096CAY5WHB","2","abandoned",2,"F1","F1",5,2,2,6,6,5,5,2,6,5,6,5,5,6,3,6,3,2,5,5,6,6,5,5,6,5,5,6,6,4,5
"A3M81P9BEVE1GD","2","completed",5,"F1","F1",5,7,9,6,6,7,4,6,5,6,6,5,7,7,2,5,6,1,7,4,6,5,5,7,7,7,7,4,7,2,5
"A3M81P9BEVE1GD","3","completed",5,"F1","F1",6,5,7,7,6,6,7,7,6,5,6,7,6,7,1,7,7,1,5,5,5,5,5,7,6,5,7,5,6,2,7
"A3NLSGHK6RFXA8","2","completed",4,"F1","F1",4,6,9,7,6,6,6,6,3,1,5,4,6,6,1,5,6,2,7,7,6,6,1,5,6,7,2,6,7,3,2
"A3OPRR8AXT6OSJ","3","completed",3,"F1","F1",6,1,11,7,6,6,7,7,3,2,4,4,7,5,1,3,1,2,6,6,6,5,5,1,4,7,1,3,7,2,3
"A3ROYUO9LWA22S","1","completed",5,"F1","F1",7,1,11,1,7,7,7,7,7,1,4,4,7,1,1,6,4,1,5,7,7,7,2,6,4,7,1,4,7,1,7
"A3VYBAO7UQQHGC","2","completed",3,"F1","F1",7,1,11,7,7,7,7,7,4,1,4,2,7,6,1,4,4,2,7,7,7,7,4,4,7,7,4,7,7,3,1
"A5A14MTB35J23","4","abandoned",5,"F1","F1",6,4,6,6,5,6,1,6,2,1,1,6,1,5,1,2,1,2,6,6,6,1,5,1,6,7,1,7,7,3,7
"AHGDYNKOKJWFJ","2","completed",3,"F1","F1",6,1,10,2,5,6,5,5,5,2,2,5,5,4,4,5,5,1,6,6,6,5,2,3,5,6,3,6,6,3,5
"AHKRGPN5D3I2G","3","completed",5,"F1","F1",6,1,10,6,7,7,6,7,7,1,1,6,7,6,1,7,5,1,7,7,7,7,7,1,7,7,7,7,7,3,7
"AJ4T7PTRYNSUW","2","abandoned",3,"F1","F1",3,1,6,1,4,6,7,4,6,3,4,1,7,7,1,5,7,1,5,5,4,6,1,6,4,4,7,5,7,3,4
"AJDHPRCJ985C7","4","completed",5,"F1","F1",7,1,11,7,6,6,2,7,4,2,1,2,7,4,2,5,2,2,5,6,5,4,7,1,3,6,1,3,5,4,2
"AL7UTA8J27TFK","3","completed",4,"F1","F1",6,1,11,2,6,6,7,7,4,1,3,3,6,3,1,5,1,1,5,7,7,7,7,1,7,7,1,7,7,3,7
"AMTTB8JUWRRM7","2","abandoned",2,"F1","F1",4,7,3,1,6,6,5,5,7,1,1,4,5,4,2,2,1,2,6,7,7,4,1,5,4,7,1,7,5,5,1
"ASY5W2HJPIPF4","1","completed",2,"F1","F1",7,1,11,3,6,6,1,7,1,1,1,1,7,3,1,1,1,1,1,2,5,1,7,1,1,7,1,3,7,2,7
"AUQTHU5AOZVQC","1","completed",5,"F1","F1",7,2,11,2,7,7,7,7,7,1,5,7,7,5,1,4,7,1,7,7,7,7,6,7,7,7,1,7,7,3,7
"AUQTHU5AOZVQC","5","completed",5,"F1","F1",7,2,11,6,7,7,7,7,7,2,5,4,6,2,1,6,5,2,7,7,7,7,5,7,7,7,3,7,7,4,7
"AWTGJ45ZWUCHH","4","completed",5,"F1","F1",7,1,11,1,7,7,7,7,4,1,2,4,7,7,4,7,1,1,7,7,7,7,7,1,7,7,7,4,7,5,4
"AWTGJ45ZWUCHH","5","completed",5,"F1","F1",7,1,11,7,7,7,7,7,4,1,1,1,7,4,4,1,1,3,7,1,4,7,7,1,1,4,1,4,1,2,4
"AY4E4CDN0J6JL","4","abandoned",4,"F1","F1",5,1,3,1,6,6,1,5,3,2,2,2,6,4,1,3,1,1,3,5,4,4,5,2,3,7,2,7,7,3,7
"AY5QPUSEADPBG","2","abandoned",2,"F1","F1",2,1,2,1,7,6,1,1,5,4,1,4,7,7,3,2,1,2,7,7,7,3,5,1,7,5,4,7,1,5,6
"AYA1LRB27KSR1","1","abandoned",5,"F1","F1",5,1,2,1,7,7,7,5,7,3,4,7,3,4,1,7,1,1,7,5,7,7,1,2,7,5,1,7,7,3,7
"A110BZSDZN7E16","1","completed",3,"F2","F2",7,1,11,1,7,7,6,7,5,1,5,7,7,7,3,6,1,1,7,7,7,7,6,1,6,7,1,6,7,1,7
"A121T4P5NKCHCS","1","completed",3,"F2","F2",6,1,11,1,7,7,7,7,1,3,2,7,6,5,2,6,7,1,7,7,7,6,3,4,3,7,4,7,7,3,4
"A15VI0QFR2YO50","2","completed",2,"F2","F2",7,1,11,7,5,5,6,6,7,1,6,7,7,4,3,4,6,2,7,7,6,6,6,4,7,7,6,7,4,3,7
"A169WH54HMYS5Z","2","completed",3,"F2","F2",6,1,6,1,6,5,2,5,5,4,1,2,7,6,3,2,1,2,6,6,4,6,6,3,4,1,2,5,6,4,3
"A16Z9FSSF1X74O","1","abandoned",5,"F2","F2",4,7,6,7,7,7,7,5,7,1,7,7,7,7,1,7,3,2,7,7,7,7,1,6,1,7,3,7,7,4,7
"A16Z9FSSF1X74O","2","abandoned",5,"F2","F2",4,1,1,7,7,7,7,1,5,1,6,4,7,7,1,1,1,2,7,7,6,7,2,1,3,4,1,6,5,3,5
"A1720HSKGQ41VJ","3","abandoned",4,"F2","F2",5,1,2,5,4,4,5,5,6,1,1,2,7,5,1,4,6,2,1,6,3,5,1,6,3,7,6,6,6,3,5
"A17KN7NAP48L4B","1","completed",3,"F2","F2",7,1,11,1,7,7,7,7,4,1,7,7,7,4,1,7,1,1,7,7,7,7,1,1,4,7,1,5,7,3,6
"A17KN7NAP48L4B","3","abandoned",3,"F2","F2",4,1,6,7,6,6,5,3,4,1,4,4,4,5,2,3,1,2,5,4,4,4,1,1,4,6,2,4,5,5,1
"A1ABL45KAK12A5","2","abandoned",5,"F2","F2",3,1,2,4,1,6,6,7,4,1,4,1,7,1,3,1,1,2,3,6,1,4,1,1,4,7,1,1,3,3,7
"A1D2ZSPIHOI23K","1","completed",3,"F2","F2",4,3,10,5,3,4,3,3,5,3,4,4,3,6,3,4,5,1,5,6,2,2,5,4,3,4,4,6,6,2,5
"A1D2ZSPIHOI23K","2","abandoned",3,"F2","F2",3,6,1,4,3,1,5,4,3,3,4,NA,3,4,3,4,2,3,5,3,5,5,5,3,2,6,1,5,4,2,6
"A1G187YBG0DVMQ","1","completed",3,"F2","F2",4,4,10,7,7,7,5,6,7,1,2,3,7,5,2,2,3,1,5,5,7,7,1,1,3,5,6,2,2,2,6
"A1G187YBG0DVMQ","2","abandoned",3,"F2","F2",1,2,1,1,3,3,2,3,7,1,3,6,6,7,3,5,1,1,6,7,4,2,1,6,3,7,6,3,7,4,1
"A1H5Q9HRH4RPZU","3","abandoned",3,"F2","F2",3,1,9,5,2,2,7,5,6,2,4,2,6,2,3,5,3,2,5,6,4,5,1,2,4,3,3,5,6,3,5
"A1IBLFQ2E6VA2J","1","completed",5,"F2","F2",7,1,11,1,7,6,1,7,6,2,5,4,7,5,1,5,6,1,1,6,7,4,1,4,7,7,7,5,7,1,7
"A1IBLFQ2E6VA2J","2","completed",5,"F2","F2",7,4,9,8,7,7,4,7,6,4,7,7,7,5,1,5,7,1,7,7,7,7,7,7,7,7,7,7,7,5,5
"A1IBLFQ2E6VA2J","5","abandoned",5,"F2","F2",1,1,4,1,7,6,4,4,7,5,4,5,7,5,1,2,5,1,7,7,7,7,3,5,7,7,4,4,7,3,3
"A1J8TVICSRC70W","2","abandoned",5,"F2","F2",3,1,3,7,5,4,5,5,5,3,5,1,7,5,2,4,4,2,4,5,4,5,2,5,2,7,4,6,6,4,3
"A1J8TVICSRC70W","4","abandoned",5,"F2","F2",3,1,3,1,5,3,6,5,5,3,4,2,6,6,1,3,4,1,6,5,3,4,2,5,3,4,4,6,5,3,5
"A1KC342L9WAQ2","2","abandoned",3,"F2","F2",5,2,6,1,7,4,5,6,2,3,4,5,7,7,1,5,6,1,6,6,6,4,2,5,5,5,4,4,7,2,5
"A1MJWY7UO3CDSM","1","completed",2,"F2","F2",4,1,11,1,7,7,6,7,6,4,6,7,6,6,2,7,1,1,6,7,7,3,1,2,6,7,6,6,7,3,7
"A1OR82RF1ZFWP","1","completed",3,"F2","F2",7,7,11,1,6,6,7,7,6,1,1,7,7,7,1,6,6,1,7,7,7,6,2,7,6,6,7,7,7,1,6
"A1OR82RF1ZFWP","2","abandoned",3,"F2","F2",5,2,2,7,6,4,1,2,1,1,1,8,7,7,1,1,1,2,3,6,3,6,1,1,1,5,1,2,7,3,2
"A1QT7BQZVOBSY0","3","completed",4,"F2","F2",7,1,10,5,6,6,2,7,4,1,3,5,7,3,1,2,1,2,3,5,6,3,7,2,2,6,1,5,6,2,2
"A1TPGXT718D68E","3","completed",3,"F2","F2",7,1,11,1,6,6,2,7,4,7,2,7,6,3,1,7,7,1,6,7,7,4,1,3,7,7,5,7,7,2,7
"A1VRG5HKZC0H0C","2","completed",5,"F2","F2",4,1,11,1,7,7,7,7,6,2,4,6,6,4,1,7,7,1,6,7,7,7,2,7,7,7,2,7,7,2,7
"A1VRG5HKZC0H0C","3","completed",5,"F2","F2",4,4,11,4,6,6,6,5,4,4,4,4,6,6,1,3,7,2,5,7,7,4,1,7,6,6,7,6,6,2,7
"A1WJYF201K77BI","1","completed",5,"F2","F2",5,1,9,2,7,6,7,6,7,3,4,8,6,5,1,2,2,2,6,7,7,5,3,6,5,6,5,7,6,2,6
"A1WJYF201K77BI","2","completed",5,"F2","F2",5,1,8,5,7,6,6,5,5,3,5,1,6,4,2,2,4,2,7,6,7,5,5,5,5,6,5,6,6,3,5
"A1WQACYPLESVGL","2","completed",5,"F2","F2",3,7,11,5,4,4,7,7,4,3,6,4,5,4,2,2,5,2,5,6,5,4,3,5,5,7,3,5,6,3,1
"A1XUZFDVKP95VC","2","completed",2,"F2","F2",7,1,11,1,6,6,7,6,NA,2,5,7,6,6,1,7,4,1,7,7,7,7,1,4,4,7,5,7,7,2,6
"A1Z2ZGPJRGG0G3","3","completed",3,"F2","F2",5,4,11,5,6,6,1,4,5,1,1,4,7,4,4,1,1,2,6,5,7,1,6,1,7,7,1,4,7,2,4
"A21ZYTE6WOKUA","3","completed",4,"F2","F2",7,7,11,7,6,7,7,7,7,5,7,7,7,5,3,7,7,2,6,7,7,7,7,7,4,7,7,7,7,2,7
"A286W816CMIZL9","3","abandoned",3,"F2","F2",3,1,6,7,6,4,5,5,7,1,7,1,6,5,1,3,1,2,5,6,4,6,1,5,3,7,1,5,7,3,1
"A2ASTDMWBCFIP0","2","completed",2,"F2","F2",6,1,11,1,7,7,6,7,7,4,4,5,7,2,1,6,3,1,6,7,7,7,4,4,4,7,4,7,6,3,7
"A2AT6TSPPCR106","3","completed",4,"F2","F2",6,1,11,1,7,7,5,7,6,1,3,3,7,4,1,3,1,2,5,7,7,7,7,3,7,7,1,7,7,3,4
"A2AZYU1CT24O0K","4","completed",5,"F2","F2",4,3,11,7,4,4,7,6,6,7,7,3,5,4,3,3,4,1,5,7,6,7,4,3,2,7,2,7,5,2,1
"A2AZYU1CT24O0K","5","abandoned",5,"F2","F2",4,1,1,6,4,4,5,4,5,1,1,1,7,4,1,4,1,2,5,5,2,3,5,4,4,7,4,5,7,2,1
"A2F5QCUTZU7KF7","2","completed",3,"F2","F2",7,1,11,1,7,7,5,7,6,2,5,6,7,5,1,6,4,1,7,7,7,6,5,3,7,5,3,7,6,3,7
"A2H6Q22X1V1FTX","1","completed",3,"F2","F2",7,1,11,1,2,2,3,7,3,1,2,5,7,3,3,1,1,1,6,4,5,5,5,1,5,4,1,3,3,3,5
"A2H6Q22X1V1FTX","2","completed",3,"F2","F2",7,7,11,4,2,2,7,7,2,1,2,2,3,1,1,6,7,1,2,6,6,5,1,5,6,4,1,5,6,3,4
"A2H6Q22X1V1FTX","3","completed",3,"F2","F2",7,2,11,3,2,2,2,7,5,1,2,1,6,1,2,5,4,1,2,4,3,3,1,2,3,5,3,5,5,3,5
"A2LU3430Q972IN","1","abandoned",3,"F2","F2",4,1,7,2,7,7,7,7,4,3,2,4,6,4,1,1,4,1,6,5,7,4,1,1,1,4,1,6,7,2,7
"A2LU3430Q972IN","2","completed",3,"F2","F2",7,1,11,2,7,7,1,7,4,1,6,7,6,7,1,6,4,1,4,7,7,7,4,1,2,7,6,7,7,5,7
"A2O2Q0LVWOWJ1G","2","abandoned",4,"F2","F2",2,1,1,1,6,6,7,2,5,1,4,5,6,6,1,5,2,2,5,6,7,6,1,3,6,5,1,5,7,3,4
"A2O2Q0LVWOWJ1G","4","abandoned",4,"F2","F2",4,1,2,1,6,5,3,5,7,1,1,1,7,5,1,6,5,1,7,7,6,2,1,3,3,7,3,7,7,2,5
"A2R9OK4M877ZCC","1","completed",3,"F2","F2",6,1,11,7,7,7,7,7,7,1,4,7,6,4,1,6,3,2,4,7,7,4,7,1,7,7,3,7,7,3,7
"A2WJMGV0HKQG3Z","1","completed",3,"F2","F2",7,1,11,1,7,7,7,7,7,1,4,7,7,7,2,7,4,2,7,7,7,7,7,5,7,7,7,7,7,4,7
"A2X3FSFHV5GHJU","1","completed",3,"F2","F2",6,1,11,1,6,6,3,7,2,1,3,4,6,4,3,2,2,1,6,7,7,3,6,2,5,6,1,5,1,4,4
"A2ZGAH6NOSU2PO","2","completed",5,"F2","F2",6,1,11,2,6,6,5,7,5,1,2,8,7,6,1,2,6,2,5,6,7,4,2,3,4,7,2,4,6,3,NA
"A302KOFOYLD89A","1","completed",3,"F2","F2",6,2,11,1,4,4,7,4,6,3,2,4,2,4,1,5,5,1,5,6,6,3,1,2,6,7,2,5,7,3,6
"A34VLM2UC0JY11","1","completed",2,"F2","F2",7,1,11,1,7,7,7,7,7,1,7,7,7,1,1,7,7,1,1,7,7,7,4,1,7,7,7,7,7,3,7
"A350SLJRMBIFM4","2","abandoned",4,"F2","F2",2,1,2,2,4,4,3,2,5,1,3,2,3,3,1,3,2,1,5,6,3,5,5,2,4,4,1,6,6,3,6
"A350SLJRMBIFM4","4","completed",4,"F2","F2",6,1,11,3,5,5,6,7,2,5,3,4,6,4,1,6,6,2,6,6,6,6,3,6,5,7,6,6,7,3,7
"A3AJJHOAV7WIUQ","3","abandoned",3,"F2","F2",5,2,4,3,5,6,6,3,5,5,6,4,5,5,1,7,2,2,5,6,6,6,3,3,5,6,3,5,6,2,4
"A3CAF7LTD3ORSG","2","completed",3,"F2","F2",7,2,11,3,6,7,4,6,5,1,6,6,6,4,3,5,5,1,6,6,6,5,6,3,5,7,4,6,6,3,7
"A3GI28OVLDI9ST","3","abandoned",5,"F2","F2",1,1,1,1,6,3,6,6,4,4,1,7,7,6,1,4,1,1,4,6,2,3,4,7,4,7,1,5,7,3,7
"A3GI28OVLDI9ST","4","abandoned",5,"F2","F2",2,1,2,1,6,5,5,5,6,3,3,7,7,6,1,4,3,1,6,7,5,5,4,4,6,6,2,6,6,3,7
"A3OLRWACCCCUTU","5","completed",5,"F2","F2",6,1,11,1,6,6,7,7,1,2,5,3,5,4,1,6,1,1,4,7,7,6,3,1,4,7,1,5,7,3,7
"A3UUH3632AI3ZX","1","completed",1,"F2","F2",7,1,11,4,7,7,7,7,6,1,1,7,7,7,1,7,1,1,7,7,7,7,7,4,7,7,7,7,7,3,7
"A3VYBAO7UQQHGC","1","completed",3,"F2","F2",6,1,11,4,7,7,7,7,7,2,4,4,7,6,1,7,1,1,7,7,7,6,7,2,7,7,1,6,7,1,4
"A49CVVOWN4D6Y","4","abandoned",5,"F2","F2",3,4,3,1,7,5,7,3,6,4,4,7,7,6,3,1,5,1,7,6,5,7,1,1,5,4,1,7,7,3,7
"A5A14MTB35J23","3","completed",5,"F2","F2",6,4,11,4,6,6,1,7,1,1,1,2,7,4,4,1,1,1,1,2,4,1,5,1,3,7,1,4,7,3,7
"A7P3R1AIA4TVV","3","completed",3,"F2","F2",4,1,11,1,6,5,1,7,5,2,1,2,6,4,2,3,3,1,6,5,4,2,1,3,5,7,3,6,6,3,4
"ABOEYY9Y0PFRI","2","completed",3,"F2","F2",4,2,11,4,5,4,5,5,5,3,3,4,6,3,1,1,1,2,5,5,5,4,2,3,4,4,1,5,5,3,1
"AH00EJ6PK1H3A","1","completed",3,"F2","F2",7,1,11,3,6,6,7,7,5,1,1,4,7,4,1,1,1,1,5,7,7,3,4,2,7,7,1,5,6,3,1
"AIA7RZSAONU5M","2","abandoned",3,"F2","F2",3,1,2,4,6,6,7,4,7,2,6,1,7,7,2,5,3,2,4,5,4,5,2,5,4,6,3,6,6,2,4
"AKX5RHHO8BIUX","1","completed",5,"F2","F2",6,1,11,1,7,7,6,7,5,3,6,4,7,6,1,4,7,1,7,7,7,5,3,6,6,7,3,7,7,2,5
"AKX5RHHO8BIUX","5","completed",5,"F2","F2",6,1,11,7,6,6,3,7,6,3,4,2,7,3,1,3,6,2,5,5,6,4,5,7,6,7,6,6,7,2,5
"ANZNAAS2K0DSY","2","completed",3,"F2","F2",5,4,11,1,6,6,6,6,7,1,4,5,5,3,1,7,7,1,4,6,7,7,1,6,6,6,4,6,7,5,7
"ANZNAAS2K0DSY","3","completed",3,"F2","F2",7,4,11,1,4,4,1,7,4,1,2,2,7,1,1,1,1,1,3,1,3,2,7,1,3,7,1,4,7,5,1
"AQMLJYUQCSG22","2","abandoned",3,"F2","F2",5,1,3,1,5,5,3,5,5,4,2,4,6,4,1,4,2,1,3,1,4,2,7,5,3,5,4,7,6,3,4
"AS6FM754MF2B2","4","abandoned",4,"F2","F2",3,1,2,2,6,5,5,3,5,6,4,2,7,6,1,2,1,1,5,5,4,4,7,3,5,7,2,6,6,2,3
"AT6LDQNLKTUSE","1","completed",2,"F2","F2",6,1,11,1,7,7,7,7,7,5,5,3,3,6,1,5,4,1,7,7,7,7,5,3,6,7,4,7,7,3,7
"AT6LDQNLKTUSE","2","abandoned",2,"F2","F2",5,1,2,5,6,5,5,6,7,5,5,2,7,6,3,1,2,2,6,5,5,5,1,3,5,7,1,5,3,3,6
"AWVLT2L5AP873","1","abandoned",3,"F2","F2",7,1,1,7,5,5,5,7,5,1,2,2,7,3,1,1,5,2,2,4,3,4,1,3,2,7,1,5,7,3,6
"A10LHWALI4BZPC","1","continued",4,"F3","F3",7,1,9,5,5,6,7,6,5,1,2,3,6,3,1,3,1,2,7,7,7,4,6,6,7,7,1,7,7,4,5
"A10LHWALI4BZPC","3","continued",4,"F3","F3",4,1,2,1,4,4,3,5,7,2,2,2,3,6,4,4,6,1,5,4,4,3,5,2,3,7,7,7,6,3,6
"A10LHWALI4BZPC","4","continued",4,"F3","F3",7,3,11,5,5,6,3,7,2,1,2,6,7,3,1,2,1,2,7,7,7,4,5,3,7,7,1,3,7,4,7
"A110BZSDZN7E16","2","adjusted",3,"F3","F3",6,1,11,7,7,6,7,7,5,1,4,4,7,7,1,7,1,1,7,7,7,6,2,5,5,7,2,7,7,2,7
"A110BZSDZN7E16","3","completed",3,"F3","F3",7,1,11,1,7,7,5,7,7,1,7,5,7,7,3,7,2,2,7,7,7,7,1,1,3,7,1,7,7,1,7
"A11F3MA5FWH6SJ","1","completed",3,"F3","F3",7,1,9,4,7,7,7,7,7,7,3,7,7,5,3,1,1,2,7,7,7,7,7,7,7,7,1,7,7,4,4
"A11F3MA5FWH6SJ","2","completed",3,"F3","F3",5,4,11,6,7,7,7,7,7,1,3,7,7,5,3,1,1,2,7,7,7,7,7,7,7,7,1,7,7,4,4
"A11ILN5YSUDVG8","1","continued",3,"F3","F3",6,1,8,6,6,6,7,5,7,1,6,2,7,5,2,2,1,2,7,7,7,7,3,6,6,6,1,4,6,3,5
"A11ILN5YSUDVG8","2","continued",3,"F3","F3",7,1,10,2,6,6,7,7,6,2,6,3,6,5,3,7,2,2,7,7,7,7,7,3,7,7,1,7,5,4,7
"A11ILN5YSUDVG8","3","continued",3,"F3","F3",6,1,6,3,7,7,7,4,7,1,6,6,5,7,3,7,5,2,6,7,7,7,7,7,7,5,5,7,3,3,7
"A121T4P5NKCHCS","2","completed",3,"F3","F3",7,1,11,1,6,6,6,7,4,2,5,4,7,6,1,6,1,2,6,7,6,3,3,6,7,7,2,4,7,3,2
"A121T4P5NKCHCS","3","abandoned",3,"F3","F3",2,1,1,1,6,6,7,5,4,1,2,4,7,7,1,4,6,2,6,6,6,4,1,5,3,7,4,5,7,3,7
"A132GRVDGXPJGY","1","continued",3,"F3","F3",2,1,10,1,6,6,5,6,2,1,5,4,7,3,NA,4,6,1,6,7,7,6,1,2,3,7,1,7,7,3,7
"A132GRVDGXPJGY","2","continued",3,"F3","F3",6,1,2,1,7,5,7,3,4,1,2,7,3,7,3,4,7,2,7,7,7,7,1,6,4,7,4,7,4,3,7
"A132GRVDGXPJGY","3","abandoned",3,"F3","F3",1,1,1,1,7,7,7,1,1,1,7,7,3,5,1,2,1,1,7,7,7,7,7,7,7,7,1,6,7,2,7
"A13FUEPWBCLBUY","1","continued",2,"F3","F3",7,1,10,7,7,7,6,7,6,1,6,1,7,6,1,4,1,2,7,7,7,4,4,5,6,7,3,7,7,5,7
"A13O22EMG5ZVN0","1","continued",3,"F3","F3",3,4,9,5,5,2,5,4,4,4,4,4,5,5,2,3,4,2,6,4,5,4,4,4,3,3,4,4,4,3,5
"A13O22EMG5ZVN0","2","continued",3,"F3","F3",3,5,9,4,7,4,5,4,4,3,4,7,4,7,3,3,4,2,4,4,4,3,4,4,3,4,4,3,4,4,4
"A13O22EMG5ZVN0","3","continued",3,"F3","F3",4,5,8,4,4,4,4,4,4,4,4,4,4,4,4,4,4,2,5,3,4,4,5,5,3,5,3,4,4,4,4
"A13WTEQ06V3B6D","1","completed",3,"F3","F3",6,1,11,1,7,7,7,7,5,5,5,6,6,4,1,4,1,2,6,7,7,7,1,5,7,7,1,6,7,5,4
"A13WTEQ06V3B6D","2","adjusted",3,"F3","F3",4,1,4,1,7,7,7,6,7,4,4,2,7,7,1,6,5,2,7,7,7,7,2,7,7,7,7,7,7,5,7
"A13WTEQ06V3B6D","3","continued",3,"F3","F3",7,1,11,1,5,5,1,7,6,4,1,1,7,3,1,1,1,2,7,6,6,5,7,1,7,7,1,6,6,3,1
"A1561P9VVA3C1C","1","continued",3,"F3","F3",4,1,2,2,6,6,5,5,5,1,2,1,7,7,1,3,1,1,6,7,5,3,1,1,4,4,1,7,7,3,4
"A1561P9VVA3C1C","3","continued",3,"F3","F3",3,1,4,1,6,6,5,5,7,1,1,4,5,7,1,4,1,2,5,7,7,7,1,5,4,7,2,7,7,3,6
"A15VI0QFR2YO50","1","completed",2,"F3","F3",7,1,11,7,6,6,6,7,1,1,7,1,7,4,1,7,6,2,7,7,7,7,4,1,7,7,6,6,7,3,7
"A169WH54HMYS5Z","1","adjusted",3,"F3","F3",5,1,10,7,7,7,7,7,7,1,1,7,7,7,2,7,7,2,7,7,7,7,4,6,7,7,5,7,6,4,7
"A169WH54HMYS5Z","3","continued",3,"F3","F3",5,2,10,7,7,7,7,6,6,4,3,4,7,4,1,3,5,2,7,7,7,7,4,6,6,7,2,7,7,4,3
"A16Z9FSSF1X74O","4","completed",5,"F3","F3",4,1,11,1,7,5,1,7,5,1,2,4,7,4,1,1,1,2,2,6,6,1,6,1,4,7,1,5,7,3,3
"A16Z9FSSF1X74O","5","continued",5,"F3","F3",4,4,10,7,4,4,1,5,4,5,1,7,3,7,1,7,5,2,4,7,7,1,1,1,7,3,1,7,7,4,7
"A1720HSKGQ41VJ","2","continued",4,"F3","F3",4,2,4,4,7,7,6,3,5,2,1,3,7,7,4,3,1,1,6,7,6,2,1,5,3,7,3,6,6,3,4
"A1720HSKGQ41VJ","4","continued",4,"F3","F3",7,1,6,7,6,6,2,5,5,1,1,4,7,4,1,6,2,2,7,7,6,7,2,5,7,7,5,6,6,5,3
"A17KN7NAP48L4B","2","continued",3,"F3","F3",6,3,8,7,6,6,6,6,4,1,7,4,7,3,1,1,1,2,6,6,6,7,1,3,5,7,1,5,7,5,4
"A18JNQE5GZQIX5","1","continued",3,"F3","F3",6,1,11,7,6,6,6,6,7,5,6,6,7,6,1,3,6,2,7,5,6,7,6,7,7,7,7,7,6,4,6
"A18JNQE5GZQIX5","2","continued",3,"F3","F3",7,1,11,7,7,7,7,7,6,6,6,5,7,5,1,6,6,2,6,5,6,5,5,5,7,7,6,5,7,4,5
"A18JNQE5GZQIX5","3","adjusted",3,"F3","F3",7,1,2,7,5,4,5,5,1,1,4,4,7,3,1,5,1,2,3,5,2,3,5,1,5,7,2,5,7,4,1
"A18SXC3JEN1O0U","1","continued",2,"F3","F3",7,4,11,7,4,4,7,7,7,1,4,4,7,4,3,4,5,2,5,7,7,4,2,3,4,6,1,7,5,4,2
"A18SXC3JEN1O0U","2","continued",2,"F3","F3",2,4,5,7,4,4,7,3,7,1,4,5,1,7,3,3,2,2,5,7,5,2,1,1,4,2,1,7,4,4,2
"A196O7GQLD3S2J","1","continued",3,"F3","F3",3,1,7,1,7,6,7,7,6,2,4,4,4,4,3,4,4,1,7,4,7,5,1,1,5,4,2,5,7,3,4
"A196O7GQLD3S2J","2","continued",3,"F3","F3",4,1,5,7,4,1,4,7,4,3,4,1,7,1,3,1,1,2,5,6,6,4,6,1,4,6,1,3,7,3,1
"A196O7GQLD3S2J","3","continued",3,"F3","F3",5,4,8,7,6,5,5,6,5,3,4,1,4,4,2,3,5,2,6,6,6,4,5,4,6,4,2,4,7,4,2
"A198MSVO1VTAT5","3","completed",4,"F3","F3",7,1,11,1,5,4,5,7,7,1,4,3,7,2,1,2,1,1,2,4,7,4,1,1,4,7,7,7,7,3,4
"A198MSVO1VTAT5","4","continued",4,"F3","F3",7,1,11,1,6,6,4,7,4,1,4,3,7,2,1,4,4,1,2,7,6,3,1,1,4,7,7,7,7,3,7
"A19YQU3ZZ8USPO","1","continued",3,"F3","F3",6,2,9,3,6,6,6,5,6,1,2,4,7,3,1,3,1,2,5,5,4,3,4,5,4,5,2,7,4,4,6
"A19YQU3ZZ8USPO","3","continued",3,"F3","F3",6,2,8,2,6,6,4,6,1,2,4,6,6,4,1,2,1,2,5,6,7,5,6,6,6,5,1,2,7,4,2
"A1ABL45KAK12A5","1","continued",5,"F3","F3",7,1,9,7,7,7,7,6,3,7,7,7,5,7,2,7,1,2,7,7,7,7,1,1,5,7,1,5,4,4,7
"A1ABL45KAK12A5","3","continued",5,"F3","F3",1,1,7,7,7,7,7,2,7,4,2,4,7,7,3,3,NA,2,7,7,7,6,3,1,4,4,2,7,7,4,3
"A1ABL45KAK12A5","4","continued",5,"F3","F3",7,1,9,1,5,6,7,5,7,7,7,7,6,7,1,7,1,1,7,1,7,7,1,4,6,7,1,7,5,3,7
"A1ABL45KAK12A5","5","continued",5,"F3","F3",7,1,10,7,7,7,7,7,7,7,7,7,5,7,2,7,1,2,7,7,7,7,2,1,7,7,1,7,7,4,7
"A1ADAWW4IHPCQ7","1","continued",3,"F3","F3",5,1,10,4,6,7,4,6,4,5,2,4,7,6,2,5,4,2,4,7,7,5,1,4,4,7,4,5,7,4,7
"A1ADAWW4IHPCQ7","2","adjusted",3,"F3","F3",2,8,4,2,6,6,7,4,7,3,3,4,7,6,1,4,1,1,6,6,5,5,1,4,4,7,4,7,7,3,3
"A1ADAWW4IHPCQ7","3","continued",3,"F3","F3",4,1,9,2,6,7,6,5,5,4,4,7,6,6,3,5,3,2,7,7,7,7,4,3,4,5,2,6,5,4,6
"A1AIMKA54UBYIQ","1","continued",2,"F3","F3",4,1,10,7,6,5,5,4,4,2,5,1,6,3,2,1,1,2,5,7,6,3,1,6,6,7,1,1,4,5,3
"A1AIMKA54UBYIQ","2","abandoned",2,"F3","F3",2,1,3,8,5,5,7,3,4,3,4,1,1,7,1,1,1,2,6,5,4,2,1,6,5,6,1,6,7,5,2
"A1AZLJ3R5FQ9B7","1","adjusted",3,"F3","F3",7,1,6,1,6,6,7,5,7,1,1,7,7,7,1,5,4,1,4,7,6,3,4,2,3,7,4,4,7,3,4
"A1AZLJ3R5FQ9B7","2","abandoned",3,"F3","F3",7,2,2,2,5,5,2,7,4,1,1,3,7,4,2,4,4,2,5,6,4,4,4,4,3,7,1,4,7,2,3
"A1AZLJ3R5FQ9B7","3","continued",3,"F3","F3",7,1,10,1,6,6,5,7,4,1,1,6,6,4,1,6,4,2,6,7,7,4,5,2,6,7,4,7,7,3,3
"A1B5SSGMTAQ9B5","1","adjusted",2,"F3","F3",4,4,4,2,5,5,4,4,4,5,2,4,5,1,3,4,4,2,2,4,5,6,5,3,3,2,4,4,3,3,4
"A1B5SSGMTAQ9B5","2","continued",2,"F3","F3",5,3,5,2,5,3,4,3,5,5,3,4,3,4,3,4,3,2,5,3,4,3,4,4,5,6,6,5,5,2,5
"A1BG47GSHQ9WSU","1","abandoned",2,"F3","F3",4,1,2,3,5,5,6,6,7,4,2,5,7,6,2,2,4,1,4,5,5,4,2,5,5,7,3,7,4,3,3
"A1BG47GSHQ9WSU","2","completed",2,"F3","F3",4,1,11,1,5,5,6,6,6,3,3,4,5,4,1,3,4,1,4,5,5,4,2,3,5,7,2,7,6,3,1
"A1BIJGB7XA0GME","2","continued",3,"F3","F3",6,1,11,1,7,7,7,7,7,1,1,7,7,7,4,7,1,1,7,7,7,7,1,7,7,7,1,7,7,3,7
"A1BIJGB7XA0GME","3","continued",3,"F3","F3",5,3,5,7,6,5,1,6,6,1,5,2,7,6,2,1,1,2,3,7,5,1,2,1,5,7,1,7,1,3,7
"A1BSVEBYDZ0AAU","1","continued",3,"F3","F3",6,1,10,7,5,5,7,7,5,2,5,8,7,3,1,1,5,2,5,6,5,5,1,2,4,6,1,6,6,5,1
"A1BSVEBYDZ0AAU","2","continued",3,"F3","F3",6,1,10,7,6,6,7,7,5,4,4,5,7,5,4,1,1,2,7,7,7,3,3,4,5,7,1,6,6,5,3
"A1BWS5AD2T4NIR","1","continued",5,"F3","F3",5,1,8,1,5,4,3,7,7,5,4,4,7,4,1,4,4,1,7,7,6,7,4,5,7,6,4,7,6,3,4
"A1BWS5AD2T4NIR","2","continued",5,"F3","F3",6,2,10,7,5,5,6,7,6,1,3,1,6,4,1,5,4,2,7,7,7,4,1,6,7,7,4,7,4,5,7
"A1BWS5AD2T4NIR","3","continued",5,"F3","F3",6,1,10,7,5,5,5,7,5,4,4,4,6,6,1,5,5,2,7,7,7,4,4,7,7,6,5,7,4,5,7
"A1BWS5AD2T4NIR","4","continued",5,"F3","F3",5,2,8,7,5,5,4,7,7,4,4,3,6,4,1,3,2,2,5,6,5,6,3,5,7,7,2,7,7,5,4
"A1BWS5AD2T4NIR","5","continued",5,"F3","F3",6,1,10,1,6,5,1,7,1,2,1,8,7,6,4,1,1,1,6,5,6,2,7,5,7,6,1,4,7,5,6
"A1CI5U3BLQ2DDS","1","continued",5,"F3","F3",6,1,9,1,7,7,7,7,6,1,4,2,7,5,1,7,5,1,4,7,7,7,1,1,2,7,3,7,7,3,1
"A1CI5U3BLQ2DDS","2","continued",5,"F3","F3",4,7,6,7,7,5,7,6,7,1,6,1,7,4,3,6,7,2,5,7,7,6,1,7,5,4,4,7,3,5,1
"A1CI5U3BLQ2DDS","3","continued",5,"F3","F3",4,4,2,1,5,4,4,4,7,4,3,1,7,6,1,3,1,2,7,7,4,5,1,5,4,7,7,7,7,3,1
"A1CI5U3BLQ2DDS","4","abandoned",5,"F3","F3",5,1,1,5,6,5,4,4,7,1,1,1,7,7,1,7,7,2,5,7,4,4,1,5,5,7,6,7,7,4,1
"A1CI5U3BLQ2DDS","5","continued",5,"F3","F3",3,1,6,7,6,6,7,7,7,1,5,2,7,4,1,6,7,2,4,7,7,6,1,4,4,7,4,7,7,5,1
"A1CTUG0RUGCY48","1","continued",1,"F3","F3",7,1,11,4,7,6,6,7,1,1,4,5,7,6,1,7,1,1,5,4,7,6,2,1,5,7,1,6,6,3,7
"A1D2ZSPIHOI23K","3","abandoned",3,"F3","F3",5,4,3,3,4,5,4,3,5,3,3,5,5,3,2,4,5,2,2,5,6,4,3,5,6,2,5,4,5,2,6
"A1D7IULWFI8PB1","1","continued",3,"F3","F3",6,1,7,1,6,6,5,5,5,1,4,5,3,6,3,6,3,1,6,5,7,7,2,1,7,3,2,7,6,2,7
"A1D7IULWFI8PB1","2","continued",3,"F3","F3",5,1,6,1,7,7,7,6,6,1,3,6,6,5,1,4,2,1,4,6,6,7,2,1,6,7,2,6,7,3,2
"A1D7IULWFI8PB1","3","adjusted",3,"F3","F3",7,3,11,3,4,4,7,6,5,1,2,6,6,2,3,5,5,1,2,5,4,3,1,1,2,6,2,2,3,3,7
"A1DD23J1WBGQUU","1","continued",3,"F3","F3",4,1,6,8,6,6,7,5,5,1,4,4,7,4,3,1,1,2,6,6,7,4,4,1,7,4,1,5,7,5,4
"A1DD23J1WBGQUU","2","continued",3,"F3","F3",4,8,4,7,7,6,6,4,4,4,2,6,7,7,1,2,1,2,6,6,6,4,1,6,4,6,1,4,7,3,4
"A1DD23J1WBGQUU","3","continued",3,"F3","F3",4,1,9,1,6,6,7,6,5,1,2,4,7,5,1,1,2,1,6,6,6,4,4,1,6,7,1,6,7,3,4
"A1EH9BPKYXFBS5","1","continued",5,"F3","F3",4,1,9,1,6,6,7,6,7,1,6,4,7,5,1,1,1,1,7,7,7,7,1,3,6,7,1,6,5,3,4
"A1EH9BPKYXFBS5","2","continued",5,"F3","F3",4,1,11,7,6,5,7,6,5,1,7,4,7,4,NA,7,5,2,6,6,6,7,5,6,5,6,1,6,7,4,NA
"A1EH9BPKYXFBS5","3","continued",5,"F3","F3",5,1,10,7,5,6,5,7,2,3,7,4,7,4,1,4,1,2,7,7,6,5,1,1,5,5,1,5,6,1,3
"A1EH9BPKYXFBS5","4","continued",5,"F3","F3",6,1,11,7,6,4,3,5,6,1,6,5,7,3,3,3,1,2,7,6,5,7,5,3,3,4,1,5,5,2,3
"A1EH9BPKYXFBS5","5","continued",5,"F3","F3",6,1,9,5,5,5,4,5,6,1,5,4,6,3,2,5,1,2,7,5,7,5,6,5,4,7,3,6,5,3,4
"A1F1TBDHPYAAXT","1","continued",3,"F3","F3",7,1,10,1,6,6,6,6,2,1,7,6,7,6,1,6,4,2,5,6,6,7,5,2,5,7,3,7,7,3,6
"A1F1TBDHPYAAXT","2","continued",3,"F3","F3",7,1,8,1,6,5,6,7,3,1,7,7,7,7,1,7,2,1,5,7,7,7,4,2,6,7,4,7,7,3,7
"A1F1TBDHPYAAXT","3","completed",3,"F3","F3",7,1,11,1,6,6,5,6,2,1,1,6,7,4,1,4,2,2,5,6,6,5,4,1,4,7,4,6,7,3,7
"A1G5EPLJEGL381","1","continued",2,"F3","F3",6,1,9,2,5,7,7,7,7,1,7,3,7,5,1,3,6,1,5,7,7,7,6,7,7,7,2,7,7,3,2
"A1G5EPLJEGL381","2","continued",2,"F3","F3",6,1,7,2,6,6,7,7,5,1,6,5,5,5,1,1,7,1,5,6,4,7,5,7,7,6,5,7,6,3,4
"A1H5Q9HRH4RPZU","1","continued",3,"F3","F3",3,7,8,6,3,3,5,5,5,4,3,3,5,3,3,2,2,2,5,5,4,3,1,3,4,3,2,4,3,1,5
"A1H5Q9HRH4RPZU","2","completed",3,"F3","F3",5,3,11,1,5,5,5,5,5,2,5,4,5,5,1,5,3,1,6,6,6,5,3,4,5,7,3,6,7,3,5
"A1IBLFQ2E6VA2J","3","continued",5,"F3","F3",1,4,6,1,6,7,7,NA,4,5,5,2,7,3,1,1,1,1,7,7,6,7,7,5,7,4,1,5,7,2,1
"A1IBLFQ2E6VA2J","4","continued",5,"F3","F3",7,4,11,7,6,6,7,7,7,1,7,7,7,1,3,4,1,2,7,7,7,7,6,7,7,7,3,7,7,4,1
"A1IJ56N5Z4TT46","1","continued",5,"F3","F3",3,1,7,7,6,6,6,5,5,2,4,4,6,4,1,4,5,2,2,5,6,5,2,4,2,5,4,5,6,3,4
"A1IJ56N5Z4TT46","2","continued",5,"F3","F3",3,1,5,7,6,6,6,5,5,2,2,4,6,6,1,4,5,2,5,5,6,4,4,5,2,5,3,5,5,3,3
"A1IJ56N5Z4TT46","3","continued",5,"F3","F3",3,1,5,2,7,7,2,6,1,5,2,5,7,6,1,3,6,1,5,6,6,2,5,5,2,5,3,4,7,3,4
"A1IJ56N5Z4TT46","4","continued",5,"F3","F3",4,2,6,6,6,5,2,5,2,5,2,4,7,4,1,3,5,1,5,6,5,2,4,6,2,5,5,4,6,3,4
"A1IJ56N5Z4TT46","5","continued",5,"F3","F3",3,6,7,7,6,6,7,5,4,2,2,5,6,6,4,6,6,2,6,6,7,5,5,4,5,4,4,5,6,3,4
"A1IL81UMEC9OJI","1","adjusted",5,"F3","F3",7,7,10,1,6,6,6,5,2,1,4,2,7,4,3,7,6,2,6,7,7,6,1,6,3,7,1,7,3,4,6
"A1IL81UMEC9OJI","2","completed",5,"F3","F3",7,1,11,3,5,3,3,5,6,1,3,4,6,3,3,7,5,1,4,7,7,4,2,5,4,6,2,7,2,2,4
"A1IL81UMEC9OJI","3","adjusted",5,"F3","F3",7,3,10,2,6,6,6,6,4,1,5,3,6,3,2,6,2,2,5,7,7,6,6,2,4,7,1,7,5,3,4
"A1IL81UMEC9OJI","4","continued",5,"F3","F3",7,2,9,2,5,6,6,5,5,1,2,6,7,4,3,4,2,2,5,7,6,3,2,5,3,5,1,7,3,4,3
"A1IL81UMEC9OJI","5","continued",5,"F3","F3",6,1,11,2,5,4,2,6,5,1,4,7,5,3,3,7,3,2,5,7,6,2,1,6,7,4,1,7,3,4,6
"A1K8VUKRL53OX","2","completed",5,"F3","F3",7,1,11,1,7,7,7,7,1,1,7,7,7,7,1,7,7,1,7,7,7,7,7,1,7,7,7,7,7,3,7
"A1K8VUKRL53OX","3","continued",5,"F3","F3",7,1,7,1,7,7,7,7,6,1,7,2,7,7,3,7,7,1,7,7,7,7,7,1,7,7,6,7,7,3,4
"A1K8VUKRL53OX","4","continued",5,"F3","F3",7,1,9,7,7,7,7,7,1,4,7,7,7,4,3,7,7,2,7,7,7,7,7,1,7,7,7,7,7,5,7
"A1K8VUKRL53OX","5","continued",5,"F3","F3",7,1,8,7,6,7,7,7,7,1,7,6,7,4,3,7,7,2,7,7,7,7,7,1,7,7,7,7,7,4,6
"A1KC342L9WAQ2","3","continued",3,"F3","F3",6,2,11,7,5,5,5,6,7,3,3,3,6,4,1,4,5,2,5,4,6,6,5,7,6,7,5,5,6,2,5
"A1LS7GARU7CD08","1","continued",3,"F3","F3",4,3,9,7,5,5,5,6,5,NA,3,3,6,3,1,4,2,2,5,4,4,5,4,3,5,7,3,5,6,4,4
"A1LS7GARU7CD08","2","continued",3,"F3","F3",4,2,10,2,6,6,7,4,5,2,1,2,3,3,1,4,2,2,5,7,7,2,1,4,7,6,2,6,6,4,2
"A1LS7GARU7CD08","3","continued",3,"F3","F3",4,3,4,1,5,5,5,4,5,2,2,4,4,5,1,2,1,1,4,4,4,3,2,1,4,4,1,5,5,3,4
"A1M8BYIP0KZJZX","1","continued",5,"F3","F3",4,3,7,7,6,7,6,2,7,2,7,3,3,6,2,4,5,2,4,7,7,7,1,1,3,5,2,7,6,4,7
"A1M8BYIP0KZJZX","2","continued",5,"F3","F3",4,1,9,7,6,6,6,4,7,1,1,6,1,4,2,6,1,2,7,NA,7,3,7,2,7,3,1,7,6,3,5
"A1M8BYIP0KZJZX","3","abandoned",5,"F3","F3",2,1,3,1,5,6,7,2,6,1,1,4,7,7,1,1,1,2,6,6,4,1,1,1,7,5,1,6,7,2,3
"A1M8BYIP0KZJZX","4","completed",5,"F3","F3",6,1,11,1,7,7,7,7,7,3,5,1,7,1,1,4,5,1,4,7,7,7,2,1,5,7,2,7,7,1,7
"A1M8BYIP0KZJZX","5","continued",5,"F3","F3",6,4,11,1,4,4,5,7,5,4,6,1,7,1,1,2,7,1,4,6,3,4,1,2,4,7,7,7,7,3,6
"A1MJWY7UO3CDSM","2","abandoned",2,"F3","F3",4,1,3,1,6,5,3,2,4,3,4,3,7,5,2,2,3,2,3,3,4,2,4,6,4,3,1,4,7,3,2
"A1NVF1YLDLF563","1","continued",3,"F3","F3",5,1,10,2,6,6,6,7,3,3,3,6,6,4,2,4,5,2,6,6,6,4,4,4,5,7,3,5,6,4,6
"A1NVF1YLDLF563","2","continued",3,"F3","F3",6,3,10,3,6,6,4,6,6,1,5,4,7,5,1,6,2,2,5,6,6,4,4,4,5,7,2,7,7,4,6
"A1NVF1YLDLF563","3","continued",3,"F3","F3",5,2,8,3,5,6,6,6,7,2,4,4,7,4,2,3,2,2,5,6,6,5,3,3,5,4,2,6,5,4,6
"A1O9PAK6THJ9Y7","1","continued",2,"F3","F3",5,2,6,2,6,5,6,4,6,2,2,5,5,5,1,4,2,1,4,5,5,4,2,3,3,7,3,6,6,3,3
"A1O9PAK6THJ9Y7","2","continued",2,"F3","F3",4,3,8,2,6,5,5,5,6,4,3,5,3,5,2,4,3,2,2,5,5,5,3,2,4,7,3,5,6,3,4
"A1OR82RF1ZFWP","3","continued",3,"F3","F3",6,6,9,7,6,6,6,6,6,1,2,4,7,3,2,3,1,2,5,6,6,5,3,1,3,5,1,6,5,3,2
"A1P3I7YCWXF9YG","1","completed",2,"F3","F3",7,1,11,7,7,7,7,7,7,1,7,7,7,7,1,7,7,2,7,7,7,7,5,7,7,7,7,7,7,4,7
"A1P3I7YCWXF9YG","2","completed",2,"F3","F3",7,1,11,1,7,7,7,7,7,1,1,7,7,6,1,7,7,1,7,7,7,7,7,7,7,7,7,7,7,3,7
"A1QT7BQZVOBSY0","1","continued",4,"F3","F3",6,3,9,7,6,6,7,6,5,1,2,3,6,4,2,1,3,2,3,7,7,4,3,6,6,7,2,4,7,3,1
"A1QT7BQZVOBSY0","4","completed",4,"F3","F3",7,2,10,3,7,7,5,7,2,1,4,6,7,3,1,2,1,2,7,7,7,5,4,6,6,7,2,4,7,3,1
"A1R5W4RQZTROD8","1","continued",4,"F3","F3",5,2,9,1,7,7,3,5,3,2,2,3,3,5,3,4,5,2,3,7,7,2,5,4,5,3,4,6,6,3,7
"A1R5W4RQZTROD8","3","continued",4,"F3","F3",5,1,10,4,6,6,7,7,6,2,1,3,5,2,1,2,2,2,3,4,4,5,2,1,4,7,2,6,6,4,2
"A1R5W4RQZTROD8","4","adjusted",4,"F3","F3",5,1,9,5,5,4,6,7,7,2,1,3,6,3,1,4,2,2,5,4,3,5,2,2,3,7,2,6,6,3,4
"A1ROEDVMTO9Y3X","1","continued",2,"F3","F3",6,2,10,3,6,6,6,6,5,2,5,7,7,4,3,6,4,1,6,6,6,6,6,2,6,6,4,6,6,4,6
"A1ROEDVMTO9Y3X","2","continued",2,"F3","F3",7,2,11,2,6,6,6,6,6,6,6,4,6,3,1,5,4,2,6,6,7,6,4,1,5,6,1,6,6,2,7
"A1RQUOVV8PCXBM","1","continued",5,"F3","F3",5,6,5,7,6,6,6,5,5,2,5,6,3,6,3,5,6,2,6,7,7,6,5,6,6,5,3,6,5,NA,5
"A1RQUOVV8PCXBM","2","continued",5,"F3","F3",4,2,5,6,6,5,6,5,7,5,5,5,6,6,2,5,5,2,7,7,5,5,3,6,6,5,5,5,6,3,5
"A1RQUOVV8PCXBM","3","continued",5,"F3","F3",6,2,9,2,7,6,6,6,6,2,5,5,6,6,3,5,6,2,7,7,7,7,3,6,6,6,5,6,5,3,6
"A1RQUOVV8PCXBM","4","continued",5,"F3","F3",6,5,6,6,6,6,6,5,6,5,4,6,6,6,3,3,5,2,6,6,6,6,3,6,6,6,2,5,3,4,5
"A1RQUOVV8PCXBM","5","continued",5,"F3","F3",5,2,7,3,7,6,6,5,6,2,6,7,7,5,3,6,6,2,7,7,7,7,6,6,7,3,5,7,3,4,5
"A1SISJL5ST2PWH","1","adjusted",3,"F3","F3",4,2,11,6,4,4,5,5,5,2,4,2,6,4,2,3,3,2,5,5,4,4,4,2,3,6,2,5,6,4,2
"A1SISJL5ST2PWH","2","continued",3,"F3","F3",3,2,4,2,3,4,4,5,6,2,5,2,5,6,1,3,2,2,5,4,3,2,4,2,2,4,2,5,6,3,2
"A1SISJL5ST2PWH","3","adjusted",3,"F3","F3",4,2,4,3,5,5,3,5,4,1,3,3,4,5,2,3,2,2,4,4,3,4,4,2,2,5,2,5,5,3,2
"A1SL72YBUW8Q8K","1","continued",4,"F3","F3",7,1,11,7,7,7,7,7,7,1,4,5,5,6,4,5,1,2,6,7,7,7,4,3,7,6,5,6,5,5,5
"A1SL72YBUW8Q8K","2","continued",4,"F3","F3",7,1,11,7,6,6,7,7,7,1,4,5,7,5,3,4,1,2,7,7,7,7,4,5,7,7,7,7,7,5,4
"A1SL72YBUW8Q8K","3","continued",4,"F3","F3",7,1,11,1,6,7,4,7,4,1,2,4,6,6,2,7,6,2,4,6,7,4,6,1,4,7,6,6,7,3,7
"A1T83SZBP2DN65","1","completed",2,"F3","F3",6,1,11,1,7,7,7,6,6,4,3,7,5,6,1,6,5,1,6,6,7,6,4,2,5,7,6,7,7,3,6
"A1T83SZBP2DN65","2","continued",2,"F3","F3",6,1,11,1,7,7,2,6,2,2,2,7,7,5,4,4,2,1,6,6,7,5,5,2,4,6,2,5,7,3,6
"A1TPGXT718D68E","1","abandoned",3,"F3","F3",2,1,2,1,7,7,2,1,2,4,1,4,2,7,1,4,6,1,7,7,3,1,NA,7,7,7,5,7,7,3,7
"A1U8LTCX5XYJ45","1","continued",3,"F3","F3",7,4,11,4,7,7,7,7,7,7,7,4,7,7,3,7,7,2,7,7,7,7,7,7,7,7,7,7,7,4,7
"A1U8LTCX5XYJ45","2","continued",3,"F3","F3",7,4,11,4,7,7,4,7,7,7,4,4,7,7,3,7,7,2,7,7,7,7,4,1,7,7,4,7,7,4,7
"A1U8LTCX5XYJ45","3","continued",3,"F3","F3",7,4,11,4,7,7,7,7,7,7,7,4,7,7,1,7,7,2,7,7,7,7,7,7,7,7,7,7,7,4,7
"A1VFRCYMWGWWCZ","1","continued",5,"F3","F3",5,7,9,7,6,6,5,6,6,6,6,4,5,6,3,5,5,2,6,7,6,5,6,5,5,5,5,3,6,4,6
"A1VFRCYMWGWWCZ","2","continued",5,"F3","F3",2,7,5,6,4,7,7,5,6,5,5,7,5,6,3,6,6,1,7,6,7,6,6,5,7,6,5,5,5,3,6
"A1VFRCYMWGWWCZ","3","continued",5,"F3","F3",6,5,10,7,6,5,5,5,6,5,5,6,6,6,2,5,6,1,6,6,6,5,6,6,6,7,5,7,6,2,5
"A1VFRCYMWGWWCZ","4","continued",5,"F3","F3",5,7,3,6,5,5,6,6,5,6,3,5,NA,6,3,5,5,2,6,6,6,5,5,5,5,5,6,7,5,4,6
"A1VFRCYMWGWWCZ","5","continued",5,"F3","F3",6,5,3,7,5,2,6,6,2,5,6,2,5,5,2,2,5,2,6,5,6,5,5,3,3,5,2,4,7,2,6
"A1VRG5HKZC0H0C","4","continued",5,"F3","F3",4,3,8,2,7,7,6,5,4,2,3,3,6,5,2,3,4,2,5,6,6,3,3,2,5,7,2,5,6,3,4
"A1VRG5HKZC0H0C","5","continued",5,"F3","F3",4,2,4,3,6,6,5,2,4,2,3,2,7,4,2,3,2,2,6,5,4,2,1,2,4,4,2,6,5,3,4
"A1W7I6FN183I8F","1","continued",5,"F3","F3",3,1,7,7,6,6,6,5,7,4,5,3,6,6,2,2,5,2,6,6,7,6,1,5,7,4,2,6,3,4,7
"A1W7I6FN183I8F","2","continued",5,"F3","F3",5,1,9,6,6,6,7,6,7,1,4,4,7,3,1,3,2,2,2,7,6,6,1,6,7,7,2,6,7,4,6
"A1W7I6FN183I8F","3","continued",5,"F3","F3",3,1,7,1,5,6,5,3,6,2,1,2,7,5,2,4,5,2,2,5,4,1,2,3,3,6,4,6,5,3,7
"A1W7I6FN183I8F","4","continued",5,"F3","F3",5,3,11,6,6,7,2,5,5,4,2,6,3,4,3,5,2,2,7,7,6,5,6,4,6,2,1,7,2,4,7
"A1W7I6FN183I8F","5","continued",5,"F3","F3",4,2,8,5,5,4,2,6,5,3,3,3,6,2,2,1,1,2,6,2,4,6,5,1,4,4,1,5,3,4,6
"A1W850QN9RK019","1","continued",5,"F3","F3",4,4,11,4,5,5,5,4,5,4,4,5,5,5,4,4,5,1,5,4,5,5,5,6,4,4,5,4,5,4,4
"A1W850QN9RK019","2","completed",5,"F3","F3",4,2,11,6,4,4,4,5,5,4,4,5,5,4,1,3,4,1,5,4,4,4,4,3,4,4,4,5,4,5,5
"A1W850QN9RK019","3","continued",5,"F3","F3",4,4,4,4,4,6,5,4,4,4,5,5,3,4,3,4,4,1,5,5,4,4,5,4,5,4,4,5,5,4,4
"A1W850QN9RK019","4","continued",5,"F3","F3",4,5,8,4,4,4,4,4,4,5,5,6,5,5,1,4,5,2,3,5,4,4,5,4,4,4,4,4,4,3,4
"A1W850QN9RK019","5","completed",5,"F3","F3",4,4,11,6,4,5,5,4,4,4,4,4,6,4,1,4,4,1,4,5,5,5,4,1,4,4,4,4,4,5,4
"A1WJYF201K77BI","3","abandoned",5,"F3","F3",4,1,3,5,6,5,5,5,3,1,3,2,7,4,2,1,5,2,7,7,7,3,5,5,5,5,1,6,4,4,4
"A1WQACYPLESVGL","1","continued",5,"F3","F3",3,1,11,1,6,6,7,5,7,5,4,5,5,4,1,5,5,1,7,7,7,7,2,2,6,3,1,7,5,3,5
"A1WQACYPLESVGL","3","continued",5,"F3","F3",2,3,10,6,6,5,7,5,7,3,6,4,5,5,2,2,1,2,6,7,6,5,2,3,6,4,1,6,7,3,1
"A1WQACYPLESVGL","5","continued",5,"F3","F3",3,1,8,1,5,6,4,7,5,6,3,3,6,5,1,1,1,1,6,5,5,3,2,1,6,5,1,5,7,3,2
"A1WS9UHL45VZ0X","1","adjusted",3,"F3","F3",5,1,4,1,7,7,2,6,5,4,4,1,4,7,1,7,6,1,7,7,7,7,2,6,7,6,3,7,7,3,6
"A1WS9UHL45VZ0X","2","continued",3,"F3","F3",6,1,9,7,5,4,7,7,5,3,2,4,6,3,1,4,2,2,5,6,5,4,4,4,4,6,2,6,7,4,3
"A1WS9UHL45VZ0X","3","abandoned",3,"F3","F3",4,1,2,1,5,5,7,5,6,6,2,4,7,7,1,3,2,2,3,6,3,3,2,5,5,4,4,6,6,4,2
"A1WZY0K6IE3ASG","1","continued",5,"F3","F3",6,1,8,4,6,6,6,7,6,1,6,4,7,5,1,5,4,2,6,7,6,6,2,6,5,7,2,6,6,3,5
"A1WZY0K6IE3ASG","2","continued",5,"F3","F3",7,1,8,7,5,5,5,6,4,1,6,4,7,4,2,3,2,2,6,6,6,6,1,3,4,7,2,5,5,3,2
"A1WZY0K6IE3ASG","3","continued",5,"F3","F3",5,1,10,6,5,5,5,6,2,1,1,3,5,4,2,3,5,2,5,6,6,3,5,2,4,7,1,6,6,3,4
"A1WZY0K6IE3ASG","4","continued",5,"F3","F3",5,5,9,5,4,5,6,6,5,2,5,5,6,3,3,3,4,2,6,6,4,6,2,2,4,4,2,5,4,3,2
"A1WZY0K6IE3ASG","5","continued",5,"F3","F3",7,7,10,7,5,5,5,6,6,1,4,6,7,3,1,5,2,2,6,7,6,7,1,5,7,7,2,7,7,3,2
"A1X388C6SDCDEY","1","continued",4,"F3","F3",6,1,10,7,7,7,6,4,7,5,6,7,7,5,4,3,1,2,7,7,7,7,3,1,7,5,1,7,5,5,3
"A1X388C6SDCDEY","2","continued",4,"F3","F3",5,1,8,2,7,7,1,5,6,6,1,6,7,7,2,2,1,3,6,7,7,1,6,1,3,7,1,7,7,3,4
"A1X388C6SDCDEY","3","continued",4,"F3","F3",5,1,8,1,NA,7,7,5,5,7,3,7,6,7,3,7,1,2,7,7,7,6,3,1,6,5,1,6,5,5,1
"A1X388C6SDCDEY","4","continued",4,"F3","F3",6,1,8,7,7,7,5,5,6,3,7,7,6,6,3,7,1,2,5,7,7,7,1,1,4,5,1,7,6,5,2
"A1XRWOK00HK1J4","1","abandoned",4,"F3","F3",1,1,1,7,7,6,5,5,7,4,1,8,7,7,2,1,1,2,4,7,5,1,1,5,1,7,1,7,5,3,1
"A1XRWOK00HK1J4","2","continued",4,"F3","F3",4,1,6,7,6,6,5,5,2,5,4,6,7,4,2,6,1,2,6,7,6,6,5,1,7,7,1,4,5,3,1
"A1XRWOK00HK1J4","3","continued",4,"F3","F3",6,1,10,7,6,6,1,7,6,1,1,2,7,3,1,1,1,2,2,4,7,1,1,1,3,7,1,6,7,4,1
"A1XRWOK00HK1J4","4","continued",4,"F3","F3",6,1,9,7,6,6,7,6,4,1,5,6,7,5,1,7,1,2,7,7,6,7,4,1,7,6,1,7,7,4,1
"A1XUZFDVKP95VC","1","continued",2,"F3","F3",4,1,10,1,6,6,4,5,4,2,3,6,5,5,4,7,2,1,5,7,7,6,5,1,4,6,1,6,6,3,6
"A1YPOIURXB6ESR","1","continued",4,"F3","F3",2,1,6,3,5,5,6,5,6,3,6,2,7,4,1,6,4,1,7,7,7,6,1,7,6,7,5,7,7,3,5
"A1YPOIURXB6ESR","2","continued",4,"F3","F3",7,1,11,7,5,5,7,7,7,1,4,1,7,1,1,5,4,2,7,7,7,7,1,7,6,7,4,7,7,4,7
"A1YPOIURXB6ESR","3","adjusted",4,"F3","F3",3,3,6,4,5,5,7,5,6,4,4,2,6,4,1,7,7,1,6,7,7,7,1,7,6,7,4,7,7,2,3
"A1YPOIURXB6ESR","4","adjusted",4,"F3","F3",3,1,6,4,4,5,6,5,6,4,4,2,5,5,1,4,1,2,4,7,7,7,1,6,4,7,1,7,7,3,2
"A1Z2ZGPJRGG0G3","1","continued",3,"F3","F3",6,8,10,1,7,7,7,7,4,4,4,7,6,4,1,1,1,3,7,7,7,6,6,5,1,7,1,6,6,3,4
"A1Z2ZGPJRGG0G3","2","continued",3,"F3","F3",4,1,10,1,7,7,5,4,6,2,4,8,5,2,4,1,1,2,5,2,4,1,6,1,3,4,1,4,7,3,2
"A1ZT0TLZZTT47M","1","continued",5,"F3","F3",3,2,8,2,5,5,6,5,6,5,4,5,7,5,3,6,2,2,6,6,6,6,4,2,6,4,2,6,4,4,5
"A1ZT0TLZZTT47M","2","continued",5,"F3","F3",2,2,7,2,6,6,2,6,3,5,6,6,7,6,3,4,2,2,6,6,6,5,6,2,6,5,2,6,5,4,4
"A1ZT0TLZZTT47M","3","continued",5,"F3","F3",6,1,11,1,7,6,2,6,2,4,3,7,5,6,1,6,3,1,6,6,7,4,6,2,7,5,2,6,7,3,6
"A1ZT0TLZZTT47M","4","continued",5,"F3","F3",5,1,10,3,5,5,2,6,2,1,2,4,7,4,3,3,2,2,6,6,4,1,6,2,6,3,2,6,2,4,4
"A1ZT0TLZZTT47M","5","continued",5,"F3","F3",6,1,10,2,5,5,6,6,6,2,4,6,7,4,3,6,2,2,5,6,6,6,2,2,4,6,2,6,5,4,4
"A1ZT30BGR3266K","1","continued",2,"F3","F3",5,2,10,2,5,5,5,6,6,3,6,4,5,4,1,4,3,2,6,6,6,5,5,4,5,6,3,6,6,3,5
"A1ZT30BGR3266K","2","continued",2,"F3","F3",4,2,10,3,5,5,5,6,5,3,6,3,6,4,1,3,3,2,6,5,5,4,3,4,5,6,3,6,6,5,5
"A207IHY6GERCFO","1","continued",3,"F3","F3",6,1,10,1,4,5,6,6,7,2,6,6,4,4,3,5,4,2,6,7,7,7,4,4,7,7,7,7,5,4,6
"A207IHY6GERCFO","2","continued",3,"F3","F3",3,1,2,1,6,6,6,3,6,5,3,6,2,7,1,5,5,1,6,6,6,4,4,5,5,3,6,6,6,4,4
"A207IHY6GERCFO","3","continued",3,"F3","F3",4,1,3,1,5,5,5,5,5,2,3,2,5,6,3,4,5,2,6,5,4,3,3,5,5,4,5,5,3,4,4
"A2196WCNDZULFS","1","continued",3,"F3","F3",5,1,8,1,7,7,5,6,7,5,4,8,5,7,3,7,2,3,7,7,7,5,3,2,7,7,1,7,6,3,6
"A2196WCNDZULFS","2","continued",3,"F3","F3",6,1,7,1,7,7,5,6,7,4,2,8,6,7,1,6,1,2,7,7,7,4,2,2,6,7,1,7,6,4,6
"A2196WCNDZULFS","3","continued",3,"F3","F3",6,1,10,1,7,7,7,7,7,2,3,8,5,4,3,7,3,3,7,7,7,7,2,2,6,7,2,7,5,4,7
"A21ZYTE6WOKUA","4","continued",4,"F3","F3",7,1,11,7,7,7,7,7,4,1,7,7,7,7,3,7,7,1,7,7,7,7,7,4,7,7,7,7,7,3,7
"A225BMTMXUR5F4","2","continued",5,"F3","F3",3,2,10,5,7,6,7,3,4,2,3,7,7,6,3,7,1,3,7,7,7,6,4,1,7,3,1,4,2,4,6
"A225BMTMXUR5F4","3","continued",5,"F3","F3",2,3,3,1,7,7,5,2,6,5,4,4,4,6,4,7,6,1,5,6,4,6,1,7,6,3,7,7,3,3,6
"A225BMTMXUR5F4","4","continued",5,"F3","F3",5,4,10,1,2,2,4,7,2,6,4,4,6,6,1,2,1,2,4,4,2,2,2,6,7,7,2,2,7,3,7
"A225BMTMXUR5F4","5","continued",5,"F3","F3",6,4,10,4,6,6,2,6,2,3,3,8,3,4,1,7,2,2,7,7,7,2,5,1,7,7,1,6,6,3,7
"A22SZHZTF72TRM","2","continued",4,"F3","F3",4,1,5,8,5,5,6,5,7,1,1,8,7,4,1,1,7,1,7,7,3,1,2,7,6,7,2,7,7,2,2
"A22SZHZTF72TRM","3","completed",4,"F3","F3",6,1,10,7,5,6,7,7,6,1,1,8,7,2,3,4,2,2,6,6,7,2,5,2,6,6,2,7,6,1,2
"A22SZHZTF72TRM","4","completed",4,"F3","F3",5,2,10,7,5,5,6,6,7,1,1,8,7,4,3,5,6,2,5,6,6,2,4,4,4,6,5,6,4,2,4
"A248PLZABUKB62","1","completed",5,"F3","F3",5,4,11,3,6,6,4,7,4,5,5,6,2,7,1,7,7,1,4,7,7,5,1,7,7,7,4,7,7,3,7
"A248PLZABUKB62","2","completed",5,"F3","F3",6,1,11,1,6,6,2,7,4,4,4,4,2,5,2,7,5,1,4,7,7,5,4,7,7,7,4,7,7,3,7
"A248PLZABUKB62","3","completed",5,"F3","F3",5,3,11,3,6,6,4,7,4,3,4,5,2,5,2,7,7,2,7,7,7,5,3,7,7,6,6,7,5,3,7
"A248PLZABUKB62","4","completed",5,"F3","F3",7,1,11,7,5,5,6,7,5,3,3,4,6,5,1,4,2,2,7,6,5,6,5,4,6,7,2,5,7,3,7
"A248PLZABUKB62","5","continued",5,"F3","F3",5,1,7,1,6,6,7,5,6,3,3,3,6,7,1,2,1,2,6,6,5,4,5,4,5,7,1,5,7,3,6
"A255RBA8P0K0XV","1","continued",5,"F3","F3",6,3,8,3,5,5,6,6,5,4,6,6,6,4,2,6,6,2,6,6,6,6,5,5,5,5,6,5,6,3,6
"A255RBA8P0K0XV","2","continued",5,"F3","F3",6,3,10,3,5,6,5,5,6,6,5,6,6,3,3,5,5,2,6,6,6,6,6,6,6,5,3,5,5,1,6
"A255RBA8P0K0XV","3","continued",5,"F3","F3",6,2,10,6,6,5,6,6,5,2,6,6,6,1,1,6,6,2,6,6,6,6,6,5,5,6,5,5,6,1,6
"A255RBA8P0K0XV","4","continued",5,"F3","F3",5,3,9,2,5,5,5,5,5,3,5,5,6,4,2,6,3,2,3,6,6,6,5,4,5,5,5,5,5,1,5
"A255RBA8P0K0XV","5","continued",5,"F3","F3",5,2,9,4,6,5,6,5,6,3,5,5,6,4,2,5,5,1,6,5,6,5,6,4,6,6,6,6,6,3,6
"A2615YW1YERQBO","1","continued",3,"F3","F3",5,2,7,3,4,5,5,5,2,2,3,3,6,3,3,2,5,1,4,5,4,4,4,4,4,4,5,4,5,3,5
"A2615YW1YERQBO","2","continued",3,"F3","F3",4,2,4,2,5,5,3,4,4,3,3,3,5,4,3,3,4,1,3,5,4,2,2,5,3,6,3,5,6,4,3
"A2615YW1YERQBO","3","continued",3,"F3","F3",4,2,4,2,6,6,5,3,4,3,3,6,6,6,3,3,4,1,5,5,6,5,3,4,4,4,2,6,4,4,3
"A26NGLGGFTATVN","1","continued",2,"F3","F3",7,1,11,7,7,7,7,7,7,1,4,7,7,7,3,4,1,2,7,7,7,7,7,1,4,7,1,7,7,4,7
"A26NGLGGFTATVN","2","continued",2,"F3","F3",4,1,11,1,7,7,7,7,7,1,3,7,7,7,2,4,1,2,7,7,7,7,5,1,7,7,1,7,7,4,7
"A26UAJWMMNN351","1","continued",3,"F3","F3",7,1,11,4,6,6,7,7,4,4,4,7,4,6,2,7,7,1,4,7,7,4,7,5,4,7,4,7,7,3,7
"A26UAJWMMNN351","3","continued",3,"F3","F3",7,1,11,4,6,4,7,7,7,4,7,7,7,4,2,7,4,2,4,7,7,7,1,7,4,7,1,7,7,4,7
"A27INSDNTACWAM","1","continued",4,"F3","F3",4,1,8,7,7,7,5,5,2,7,3,3,7,7,3,1,1,2,7,5,6,3,7,1,1,7,1,5,7,4,7
"A27INSDNTACWAM","2","continued",4,"F3","F3",3,1,6,7,6,6,7,7,3,5,6,1,5,7,2,5,7,2,1,7,5,5,1,5,3,7,2,7,7,3,7
"A27INSDNTACWAM","3","continued",4,"F3","F3",3,1,8,1,7,7,7,7,7,1,6,6,6,7,1,7,5,1,7,7,7,7,1,7,5,7,1,7,7,3,7
"A27INSDNTACWAM","4","continued",4,"F3","F3",6,1,6,1,7,7,7,6,1,5,6,7,7,7,1,7,7,1,7,7,7,NA,1,7,7,1,1,7,7,3,7
"A286W816CMIZL9","1","continued",3,"F3","F3",5,1,7,1,7,7,7,5,7,1,7,6,6,7,1,4,3,1,7,7,7,7,1,2,6,7,3,7,7,3,1
"A286W816CMIZL9","2","abandoned",3,"F3","F3",5,1,8,7,5,4,5,6,6,1,7,1,6,5,1,3,2,2,5,7,4,6,4,2,NA,7,1,6,7,3,1
"A28J7H4TH29DC3","1","continued",3,"F3","F3",7,1,8,1,6,6,7,6,7,1,4,4,7,7,1,1,2,1,5,6,7,4,1,5,4,7,1,7,7,3,4
"A28J7H4TH29DC3","2","continued",3,"F3","F3",7,5,5,7,5,5,6,7,7,2,4,4,7,5,3,1,2,2,6,7,4,6,1,1,4,7,2,6,5,4,1
"A28J7H4TH29DC3","3","continued",3,"F3","F3",5,7,6,1,7,7,7,5,7,2,6,7,7,7,3,7,6,2,7,7,7,7,2,7,5,7,5,7,7,4,2
"A2ASTDMWBCFIP0","1","adjusted",2,"F3","F3",6,1,7,4,7,6,7,4,7,5,4,5,7,6,1,4,4,2,6,6,6,5,4,6,4,4,5,7,6,3,6
"A2AT6TSPPCR106","1","continued",4,"F3","F3",6,1,6,2,7,7,7,6,7,1,7,5,7,7,1,1,1,2,7,7,7,7,1,6,7,7,2,7,7,3,4
"A2AT6TSPPCR106","2","continued",4,"F3","F3",5,1,6,1,7,7,7,6,7,2,4,4,7,6,1,3,2,2,7,7,7,7,1,6,7,7,4,7,7,3,4
"A2AT6TSPPCR106","4","continued",4,"F3","F3",7,1,11,7,7,7,4,7,7,1,4,7,7,2,3,7,1,2,7,7,7,7,7,4,7,7,1,7,4,4,7
"A2AZYU1CT24O0K","1","continued",5,"F3","F3",4,7,8,7,6,4,7,7,7,2,4,3,7,7,3,1,1,2,4,7,7,5,1,6,4,7,1,7,7,3,5
"A2AZYU1CT24O0K","2","continued",5,"F3","F3",7,7,6,7,6,5,7,5,7,1,4,4,5,6,3,5,5,2,4,7,7,6,3,7,4,7,5,7,4,4,1
"A2AZYU1CT24O0K","3","completed",5,"F3","F3",7,1,11,7,4,4,6,7,5,4,4,4,7,7,2,1,1,2,5,6,5,4,5,6,3,7,2,5,6,2,1
"A2BJTPZLXIGO8D","1","continued",3,"F3","F3",5,1,9,1,6,6,7,6,5,4,4,4,7,4,2,7,1,2,7,7,7,6,7,1,7,4,1,7,4,3,4
"A2BJTPZLXIGO8D","2","continued",3,"F3","F3",4,1,8,1,7,7,7,5,4,1,4,6,7,5,2,5,1,2,6,7,7,7,6,1,6,4,1,7,5,4,6
"A2BJTPZLXIGO8D","3","continued",3,"F3","F3",4,1,8,3,7,7,7,5,6,2,4,4,7,4,3,1,1,2,7,7,7,6,5,4,6,6,1,7,4,3,4
"A2CP6MLJVJYBO7","1","continued",2,"F3","F3",7,1,10,6,6,6,2,7,6,1,5,2,7,4,2,4,1,2,5,7,7,6,5,1,6,6,1,6,6,3,7
"A2CP6MLJVJYBO7","2","continued",2,"F3","F3",7,1,8,8,6,6,6,6,7,1,4,2,7,4,2,4,1,2,6,7,6,7,1,1,6,7,2,7,6,4,6
"A2DVV59R1CQU6T","1","continued",3,"F3","F3",6,1,8,1,6,5,5,7,5,2,2,5,6,6,1,7,5,1,7,7,7,7,4,7,7,7,6,6,7,4,7
"A2DVV59R1CQU6T","2","continued",3,"F3","F3",5,1,10,7,7,7,7,6,4,1,1,3,2,3,1,7,4,2,6,6,7,5,7,5,6,7,5,7,6,5,7
"A2DVV59R1CQU6T","3","continued",3,"F3","F3",6,1,9,7,6,6,7,7,7,2,4,5,5,6,1,7,4,2,7,7,7,7,7,6,6,7,4,7,6,5,7
"A2EK1HDV4I4GSK","1","continued",2,"F3","F3",4,1,5,6,6,5,7,4,6,2,2,4,7,7,3,5,1,2,6,6,5,3,1,2,4,4,2,6,5,3,3
"A2EK1HDV4I4GSK","2","completed",2,"F3","F3",5,4,11,1,6,6,2,6,5,2,3,4,2,4,1,7,6,2,5,6,7,4,7,6,6,7,6,6,7,3,7
"A2EMTSJS47K8SU","1","continued",3,"F3","F3",7,1,10,7,7,7,7,7,7,1,6,5,6,4,1,5,1,2,7,7,7,5,6,1,7,7,1,7,5,4,7
"A2EMTSJS47K8SU","2","continued",3,"F3","F3",7,2,11,7,7,7,4,7,4,1,6,7,7,3,2,7,1,2,7,7,7,7,1,6,7,4,1,7,4,4,7
"A2EMTSJS47K8SU","3","completed",3,"F3","F3",7,1,11,1,6,6,1,7,4,2,6,1,5,4,1,4,1,1,4,7,7,3,1,1,7,7,1,7,7,3,7
"A2ESBX4C2Q6TQY","1","adjusted",5,"F3","F3",5,1,9,1,7,7,7,3,7,1,2,6,7,7,4,7,7,2,7,7,7,6,1,7,6,7,7,7,2,4,7
"A2ESBX4C2Q6TQY","2","continued",5,"F3","F3",4,1,4,1,7,7,7,5,7,1,2,6,7,7,2,7,6,2,7,7,7,6,1,5,6,7,3,7,4,4,7
"A2ESBX4C2Q6TQY","3","adjusted",5,"F3","F3",6,1,9,1,7,7,6,5,7,1,1,2,1,6,2,6,7,1,6,7,7,1,1,1,5,7,5,7,6,3,7
"A2ESBX4C2Q6TQY","4","continued",5,"F3","F3",7,1,10,1,7,6,5,7,7,1,1,4,7,3,2,7,6,2,7,7,7,5,1,6,6,7,1,7,7,4,7
"A2ESBX4C2Q6TQY","5","abandoned",5,"F3","F3",7,1,2,4,5,5,6,7,7,1,1,1,7,1,1,1,2,2,5,7,4,5,1,1,6,7,1,7,7,4,7
"A2F5QCUTZU7KF7","1","continued",3,"F3","F3",7,1,11,7,7,7,6,7,5,1,5,7,7,3,1,6,3,2,7,7,7,6,7,5,7,6,3,7,5,4,7
"A2F5QCUTZU7KF7","3","continued",3,"F3","F3",6,1,10,7,7,7,5,7,4,2,5,5,5,3,1,6,2,2,6,6,6,5,7,2,7,6,2,6,6,3,7
"A2FP41BSPG0Y4A","1","continued",5,"F3","F3",3,1,3,4,7,1,5,4,5,6,6,7,6,7,2,6,1,2,6,5,7,6,5,6,4,4,3,5,6,4,7
"A2FP41BSPG0Y4A","2","continued",5,"F3","F3",6,3,8,7,7,5,7,4,6,4,7,5,6,6,3,6,5,3,5,4,6,5,4,5,7,6,6,6,6,3,5
"A2FP41BSPG0Y4A","3","continued",5,"F3","F3",6,6,6,7,5,5,4,5,6,5,6,4,6,5,3,5,5,1,5,5,6,5,4,5,5,6,6,6,5,3,4
"A2GTBBZA2M82NR","1","continued",4,"F3","F3",7,1,7,7,5,6,1,7,4,1,1,1,7,4,1,1,1,2,6,6,5,5,6,1,4,7,1,5,7,1,1
"A2GTBBZA2M82NR","2","continued",4,"F3","F3",5,1,3,1,7,7,7,3,7,1,4,7,6,6,4,7,5,1,7,7,7,7,1,7,7,2,4,7,6,3,7
"A2GTBBZA2M82NR","3","continued",4,"F3","F3",7,1,4,7,6,5,7,7,7,1,4,1,7,2,1,1,1,2,6,7,6,4,5,1,5,7,1,7,7,1,1
"A2GTBBZA2M82NR","4","continued",4,"F3","F3",5,2,2,7,5,6,7,7,2,2,3,2,7,6,2,4,5,2,5,6,5,6,1,1,4,6,1,6,5,3,1
"A2HQMB1GSEADL","1","completed",5,"F3","F3",7,1,11,7,4,4,2,4,5,1,1,1,3,3,2,5,6,1,2,7,4,3,1,3,2,7,5,6,7,3,6
"A2HQMB1GSEADL","2","completed",5,"F3","F3",3,1,11,6,5,5,4,6,4,3,2,1,7,3,1,1,1,2,2,3,3,3,5,2,2,7,1,2,7,3,2
"A2HQMB1GSEADL","3","continued",5,"F3","F3",4,1,4,3,5,6,6,3,7,1,1,5,7,6,1,3,5,2,5,6,4,3,1,5,2,7,4,5,7,3,5
"A2HQMB1GSEADL","4","adjusted",5,"F3","F3",5,1,7,5,4,4,2,5,5,4,1,4,7,4,2,3,3,2,5,3,3,4,5,2,2,5,5,4,6,2,3
"A2HQMB1GSEADL","5","continued",5,"F3","F3",6,1,11,7,4,4,5,6,5,3,2,2,7,3,1,1,1,2,2,2,4,3,6,4,2,7,1,2,6,3,1
"A2IJEKMVEHQ90W","1","continued",5,"F3","F3",7,3,10,7,7,5,6,7,7,7,7,7,7,6,3,7,7,1,7,7,7,7,7,7,6,7,7,7,7,1,7
"A2IJEKMVEHQ90W","2","completed",5,"F3","F3",7,5,10,6,6,6,7,7,7,6,7,6,7,7,1,6,7,2,7,6,7,6,7,6,7,7,6,7,7,3,7
"A2IJEKMVEHQ90W","3","continued",5,"F3","F3",6,7,9,7,5,5,7,6,6,7,6,5,6,6,2,6,5,2,6,6,7,7,6,5,5,7,5,7,7,3,7
"A2IJEKMVEHQ90W","4","continued",5,"F3","F3",6,1,11,1,7,7,7,7,7,7,7,2,7,2,1,7,7,2,7,7,7,7,7,7,7,7,7,7,7,4,4
"A2KOR4003SVNC5","1","continued",3,"F3","F3",6,1,8,1,7,6,4,5,5,3,2,5,7,7,2,5,6,1,6,6,5,7,1,6,4,7,6,7,5,2,6
"A2KOR4003SVNC5","2","continued",3,"F3","F3",5,1,3,5,6,2,5,6,7,4,5,3,7,6,1,6,1,2,6,6,6,5,5,1,6,4,1,7,4,4,2
"A2KOR4003SVNC5","3","continued",3,"F3","F3",5,1,4,2,6,2,5,6,5,4,4,3,7,4,1,1,1,2,7,4,4,5,3,2,4,4,1,6,2,3,3
"A2LT6KC1X51FVW","1","continued",2,"F3","F3",7,1,3,1,7,7,7,6,7,1,2,8,7,7,1,7,2,2,7,7,7,4,4,4,7,5,1,7,5,1,7
"A2LT6KC1X51FVW","2","continued",2,"F3","F3",7,1,5,3,7,7,7,7,7,1,4,5,7,7,1,7,2,2,7,7,7,7,4,2,7,7,1,7,7,1,7
"A2LU3430Q972IN","3","completed",3,"F3","F3",7,4,11,1,5,5,1,7,4,2,6,2,7,4,1,4,4,3,4,7,7,7,4,2,4,3,1,7,7,2,7
"A2NAKIXS3DVGAA","1","continued",1,"F3","F3",6,2,10,6,5,4,5,6,4,1,1,3,6,2,2,2,2,2,3,4,4,2,4,3,2,4,3,4,4,5,4
"A2NHFSO7GMM8QR","1","continued",2,"F3","F3",3,1,7,7,7,7,7,5,6,5,7,7,7,7,1,7,7,2,7,7,7,7,1,1,7,7,1,7,7,4,7
"A2NHFSO7GMM8QR","2","continued",2,"F3","F3",7,1,11,7,6,6,7,7,7,1,2,4,7,2,3,7,1,2,5,5,7,4,2,2,5,1,2,7,2,5,7
"A2O2Q0LVWOWJ1G","1","continued",4,"F3","F3",3,2,4,2,7,6,7,7,7,1,2,5,7,5,3,1,1,2,7,5,7,3,2,2,6,5,1,7,5,3,1
"A2O2Q0LVWOWJ1G","3","abandoned",4,"F3","F3",7,1,2,1,7,7,7,1,7,1,1,6,5,7,2,3,3,2,7,7,7,4,1,3,4,7,1,6,6,2,1
"A2PE32I58ANCDD","1","continued",2,"F3","F3",4,4,7,5,6,6,2,NA,4,2,3,6,NA,7,4,7,3,3,6,6,6,NA,2,5,6,5,5,6,5,5,5
"A2PE32I58ANCDD","2","continued",2,"F3","F3",5,4,7,6,5,5,2,4,5,3,4,6,6,4,3,3,3,3,6,5,5,6,2,2,5,5,2,5,4,5,3
"A2R75YFKVALBXE","1","continued",5,"F3","F3",5,1,10,1,7,7,6,6,2,3,5,5,6,6,1,7,3,1,6,7,6,6,6,2,6,5,3,6,6,4,6
"A2R75YFKVALBXE","2","continued",5,"F3","F3",6,1,10,1,6,6,6,6,5,3,6,4,6,6,1,6,6,1,6,6,6,6,3,7,6,6,5,6,6,3,6
"A2R75YFKVALBXE","3","continued",5,"F3","F3",5,1,9,2,6,6,6,6,6,2,6,4,6,6,3,5,5,1,6,7,6,6,6,6,5,4,2,6,4,4,5
"A2R75YFKVALBXE","4","continued",5,"F3","F3",3,1,6,6,6,6,7,5,6,2,6,2,6,6,1,2,2,2,6,7,6,6,5,6,6,6,2,6,6,3,3
"A2R75YFKVALBXE","5","continued",5,"F3","F3",3,2,6,5,6,6,7,4,6,2,4,3,6,6,1,6,2,2,6,6,6,6,6,6,4,6,2,6,6,3,2
"A2R9OK4M877ZCC","3","completed",3,"F3","F3",7,1,11,1,7,7,7,7,7,3,4,7,6,5,2,7,6,1,7,7,7,7,4,7,4,7,5,7,7,3,7
"A2RMJNF6IPI42F","1","continued",5,"F3","F3",3,1,6,2,6,6,7,6,5,2,4,4,7,5,3,1,1,2,6,4,7,4,1,6,4,4,1,6,7,4,1
"A2RMJNF6IPI42F","2","continued",5,"F3","F3",4,4,9,7,6,6,7,4,7,3,5,3,7,4,2,1,5,2,4,7,7,5,1,6,4,6,1,7,5,4,1
"A2RMJNF6IPI42F","3","continued",5,"F3","F3",4,2,3,3,7,7,7,4,7,4,5,4,7,7,2,2,6,2,5,7,7,5,1,4,5,7,2,7,5,4,1
"A2RMJNF6IPI42F","4","continued",5,"F3","F3",4,3,9,2,5,4,6,5,7,6,6,5,7,7,1,2,6,2,4,6,6,7,2,6,4,6,4,6,6,4,1
"A2RMJNF6IPI42F","5","continued",5,"F3","F3",4,2,10,2,7,7,7,5,7,5,4,4,7,7,2,1,7,2,6,7,7,6,1,7,4,7,1,7,3,4,1
"A2SFFO79KSG5VA","1","continued",5,"F3","F3",6,4,4,4,6,6,3,7,7,1,4,8,6,5,1,1,3,2,3,3,4,3,2,5,2,7,1,5,7,3,2
"A2SFFO79KSG5VA","2","abandoned",5,"F3","F3",5,1,1,1,2,2,1,5,2,1,1,8,7,4,1,1,1,2,3,1,1,2,5,1,3,7,1,4,6,4,2
"A2SFFO79KSG5VA","3","continued",5,"F3","F3",6,1,5,6,3,3,2,4,2,2,3,5,6,4,1,3,1,2,4,3,3,3,3,2,4,7,1,5,4,4,4
"A2SFFO79KSG5VA","4","abandoned",5,"F3","F3",6,1,2,5,4,4,1,5,6,1,2,8,6,6,3,1,5,2,3,5,4,3,NA,5,5,6,1,4,5,4,3
"A2SFFO79KSG5VA","5","continued",5,"F3","F3",6,1,10,1,6,6,2,7,4,1,1,8,5,5,2,7,7,1,3,6,7,2,2,6,4,6,6,7,5,2,7
"A2SKOPFTRTNFUY","1","continued",4,"F3","F3",3,1,9,1,7,6,7,7,6,2,5,7,7,5,1,4,2,1,6,7,7,6,3,2,5,7,2,6,7,3,6
"A2SKOPFTRTNFUY","2","continued",4,"F3","F3",4,1,7,3,6,5,2,6,2,2,4,5,7,6,1,3,1,2,5,6,6,6,6,3,2,7,1,5,7,3,4
"A2SKOPFTRTNFUY","3","continued",4,"F3","F3",4,1,9,1,6,6,5,7,5,2,5,5,7,6,1,2,1,2,4,5,4,6,7,2,3,7,2,5,7,3,2
"A2SKOPFTRTNFUY","4","continued",4,"F3","F3",3,7,6,3,6,6,7,3,4,1,5,6,7,6,1,4,6,2,6,7,4,4,1,5,5,7,5,5,7,3,4
"A2TLN8489YGY81","1","continued",1,"F3","F3",2,1,6,1,5,3,4,3,7,2,4,6,1,7,3,7,4,2,7,7,7,7,1,4,4,7,1,7,2,3,6
"A2VGEE0ZIZ8CBQ","1","continued",3,"F3","F3",6,1,10,6,6,6,7,7,5,2,4,5,7,4,2,5,4,2,6,6,7,5,4,5,5,7,3,6,6,4,6
"A2VGEE0ZIZ8CBQ","2","continued",3,"F3","F3",6,1,10,4,5,5,6,7,4,2,2,3,5,5,1,5,5,2,4,5,5,4,2,5,4,7,4,6,6,4,4
"A2VGEE0ZIZ8CBQ","3","continued",3,"F3","F3",6,3,10,5,6,6,7,7,7,2,4,5,6,4,3,7,4,2,6,7,7,5,3,5,6,6,4,7,6,4,6
"A2VGFS03KCCR1Q","1","continued",2,"F3","F3",6,1,9,7,7,7,7,7,7,3,1,5,7,6,3,1,1,2,5,7,7,5,1,7,4,5,1,7,4,3,2
"A2VGFS03KCCR1Q","2","continued",2,"F3","F3",6,5,6,4,6,5,7,3,7,5,2,5,7,5,1,6,2,2,1,7,5,5,2,7,2,7,4,7,7,4,3
"A2VNSNAN1LZBAM","1","adjusted",3,"F3","F3",4,5,10,2,7,7,7,7,7,3,3,4,7,6,1,7,5,1,5,7,7,4,1,5,4,4,1,7,7,3,7
"A2VNSNAN1LZBAM","2","continued",3,"F3","F3",4,1,10,4,7,7,7,5,7,1,1,4,6,6,3,4,5,1,6,6,6,2,3,5,3,5,1,7,6,3,4
"A2VNSNAN1LZBAM","3","completed",3,"F3","F3",7,4,11,1,7,7,7,7,4,1,1,6,5,4,1,7,7,1,7,7,7,1,5,6,6,7,5,7,7,3,7
"A2W0G89O7E9EFO","1","continued",5,"F3","F3",4,1,7,1,6,5,5,6,5,2,4,7,4,6,2,6,5,1,5,7,7,7,2,5,6,5,3,6,6,3,7
"A2W0G89O7E9EFO","3","continued",5,"F3","F3",6,1,11,1,5,5,5,7,3,2,5,4,7,2,1,1,2,1,5,5,7,4,7,1,4,7,2,4,6,1,7
"A2W0G89O7E9EFO","4","continued",5,"F3","F3",7,1,10,1,6,5,6,7,4,2,4,5,7,2,2,3,2,1,4,7,7,4,7,2,4,6,2,6,5,2,7
"A2W0G89O7E9EFO","5","continued",5,"F3","F3",4,1,7,1,5,4,2,5,3,4,2,2,6,4,2,3,4,1,2,5,5,2,2,5,3,6,2,5,6,3,5
"A2WJMGV0HKQG3Z","2","continued",3,"F3","F3",7,1,11,1,7,7,7,7,7,1,1,7,7,6,1,7,7,1,4,7,7,4,7,1,5,7,5,7,7,3,7
"A2WJMGV0HKQG3Z","3","continued",3,"F3","F3",7,1,11,1,7,7,7,7,7,1,7,7,7,1,1,7,7,2,7,7,7,7,7,4,7,7,7,7,7,4,7
"A2X3FSFHV5GHJU","2","continued",3,"F3","F3",6,2,5,6,5,6,5,6,2,1,2,2,6,4,1,3,5,2,4,5,4,3,6,1,4,7,1,5,7,4,4
"A2X3FSFHV5GHJU","3","continued",3,"F3","F3",4,2,7,2,6,6,5,5,6,NA,2,2,6,4,3,4,2,2,5,5,4,4,2,5,5,4,1,6,4,3,4
"A2Y0WNHMT4PZ4C","1","continued",3,"F3","F3",3,1,8,1,7,7,6,6,6,1,1,4,7,6,1,4,4,2,4,7,6,6,1,3,4,4,4,6,7,3,4
"A2Y0WNHMT4PZ4C","3","continued",3,"F3","F3",1,1,6,1,6,6,5,4,5,1,1,6,7,6,3,3,5,1,4,6,7,5,4,5,4,4,1,6,7,3,3
"A2YVAWO75X8R78","1","continued",5,"F3","F3",5,1,9,1,7,7,7,6,7,1,3,5,7,7,1,7,4,3,6,7,7,3,1,6,3,7,5,7,6,4,7
"A2YVAWO75X8R78","2","abandoned",5,"F3","F3",4,2,6,2,6,6,7,5,7,1,3,2,7,5,1,4,4,2,6,7,5,6,3,5,2,4,4,5,1,4,4
"A2YVAWO75X8R78","3","continued",5,"F3","F3",6,4,8,5,6,5,6,3,5,1,1,6,5,7,3,3,4,2,6,7,6,1,1,7,7,2,4,4,3,4,1
"A2YVAWO75X8R78","4","continued",5,"F3","F3",6,8,9,7,6,5,7,6,5,1,4,4,7,5,3,5,2,2,5,6,5,4,2,1,2,4,3,5,2,4,4
"A2YVAWO75X8R78","5","abandoned",5,"F3","F3",6,1,3,2,4,3,4,5,1,1,1,8,7,6,1,4,3,2,2,5,3,1,1,6,1,7,5,4,7,4,2
"A2ZGAH6NOSU2PO","1","continued",5,"F3","F3",7,2,11,7,6,7,6,7,5,3,4,8,7,7,1,7,5,2,6,7,7,6,4,4,2,7,3,7,7,3,NA
"A2ZGAH6NOSU2PO","3","continued",5,"F3","F3",7,1,6,7,5,5,7,4,7,1,2,4,7,7,1,7,7,2,6,7,7,5,3,6,4,7,4,7,7,3,1
"A2ZGAH6NOSU2PO","4","continued",5,"F3","F3",7,1,11,4,7,7,7,7,4,1,4,5,7,6,1,3,1,2,6,7,7,4,4,2,7,7,1,7,7,3,7
"A2ZGAH6NOSU2PO","5","completed",5,"F3","F3",5,1,11,5,6,6,6,7,2,1,2,4,5,6,3,4,3,2,6,6,6,6,5,3,4,7,4,7,7,3,3
"A302KOFOYLD89A","2","continued",3,"F3","F3",2,1,7,1,6,6,5,6,4,3,2,2,3,6,1,2,3,2,6,7,7,6,3,2,5,6,2,4,6,3,6
"A302KOFOYLD89A","3","continued",3,"F3","F3",5,6,10,7,5,5,5,5,2,2,2,3,5,7,1,4,6,2,7,5,7,4,2,2,6,7,3,6,7,3,5
"A30FIPRPFQRBO6","1","continued",3,"F3","F3",7,1,6,1,7,7,7,7,7,1,7,4,7,7,1,7,1,1,7,7,7,7,1,7,7,7,4,7,7,3,7
"A30HUZHJBOX1LK","1","continued",2,"F3","F3",6,1,11,6,7,7,7,7,5,1,6,4,6,6,1,5,5,2,7,6,6,6,2,3,3,7,3,6,7,3,6
"A30HUZHJBOX1LK","2","continued",2,"F3","F3",6,1,11,7,7,7,7,6,6,1,7,4,6,6,1,5,5,2,6,6,6,6,5,5,4,7,3,7,7,4,7
"A314XJY8V1YL12","1","continued",4,"F3","F3",4,1,6,1,7,7,7,5,6,2,4,6,6,7,2,5,3,2,6,7,7,6,3,6,4,5,4,7,5,4,7
"A314XJY8V1YL12","2","continued",4,"F3","F3",4,1,7,1,7,6,5,6,6,2,4,4,5,7,1,6,3,2,5,7,7,6,2,5,5,7,4,7,7,3,6
"A314XJY8V1YL12","3","continued",4,"F3","F3",4,1,6,1,6,6,5,5,5,3,3,7,6,6,3,5,2,2,6,6,6,4,3,4,3,6,4,7,6,4,4
"A314XJY8V1YL12","4","continued",4,"F3","F3",6,2,8,1,6,6,4,6,5,2,3,4,5,5,3,4,5,2,6,7,6,5,3,5,4,5,5,6,5,3,4
"A321WQIFK10UV3","1","completed",3,"F3","F3",7,1,11,1,7,7,7,7,7,1,7,7,7,7,1,7,7,2,7,7,7,7,3,7,7,7,1,7,7,3,7
"A321WQIFK10UV3","2","continued",3,"F3","F3",7,1,11,1,7,7,7,7,7,1,4,7,7,7,1,7,7,2,7,7,7,7,2,7,7,7,2,7,7,3,7
"A321WQIFK10UV3","3","continued",3,"F3","F3",7,1,11,6,6,6,6,7,7,1,7,5,6,7,1,7,7,2,7,7,7,7,6,7,7,7,2,7,7,3,7
"A33RI08QRVG5Q0","1","continued",5,"F3","F3",7,2,10,7,5,5,6,6,6,1,4,3,7,3,2,4,2,2,6,5,5,5,4,1,6,7,2,5,6,4,5
"A33RI08QRVG5Q0","2","continued",5,"F3","F3",7,2,10,7,6,6,6,6,6,1,6,2,7,3,2,4,3,2,6,6,6,6,5,2,6,7,2,6,6,4,6
"A33RI08QRVG5Q0","3","continued",5,"F3","F3",6,2,9,7,6,6,5,5,5,1,5,5,5,6,2,6,5,2,6,6,6,NA,5,4,6,4,NA,6,6,3,6
"A33RI08QRVG5Q0","4","continued",5,"F3","F3",7,1,10,7,5,5,5,7,5,1,4,2,7,3,2,3,2,2,6,4,5,5,6,2,4,7,2,5,6,3,5
"A33RI08QRVG5Q0","5","continued",5,"F3","F3",6,1,10,7,5,4,3,6,5,2,3,2,6,3,2,3,2,2,4,4,5,2,5,1,5,7,1,5,6,3,6
"A34VLM2UC0JY11","2","completed",2,"F3","F3",7,1,11,4,7,7,7,7,7,1,4,4,7,1,3,4,1,2,7,7,4,7,4,1,4,7,7,7,4,3,4
"A350SLJRMBIFM4","1","completed",4,"F3","F3",7,1,11,2,5,5,2,7,1,1,2,2,2,2,1,1,1,1,4,5,5,4,5,2,6,7,1,5,1,3,6
"A350SLJRMBIFM4","3","continued",4,"F3","F3",3,2,2,3,6,6,7,5,7,1,5,5,5,6,1,2,5,1,6,7,7,6,6,5,7,7,5,4,7,3,3
"A351LMMMFYPM7U","1","continued",5,"F3","F3",4,2,9,4,6,5,5,6,5,1,2,2,5,4,1,3,1,2,5,5,6,4,1,1,1,6,1,4,7,3,1
"A351LMMMFYPM7U","2","completed",5,"F3","F3",5,1,11,1,6,6,7,7,4,2,1,2,7,1,1,4,5,1,5,7,7,5,1,1,2,7,1,5,7,5,6
"A351LMMMFYPM7U","3","continued",5,"F3","F3",4,2,7,1,6,6,5,5,5,1,2,4,4,4,1,3,5,1,3,6,6,6,1,1,2,5,1,4,5,3,5
"A351LMMMFYPM7U","4","continued",5,"F3","F3",5,1,8,1,6,5,6,5,6,2,2,3,5,4,1,4,2,1,5,6,5,4,1,1,2,6,2,4,6,3,4
"A351LMMMFYPM7U","5","continued",5,"F3","F3",4,2,6,3,5,4,1,5,5,2,1,6,5,3,1,3,1,2,6,6,5,4,5,2,5,3,1,4,4,3,2
"A37PUSY6CJ7TQ0","1","continued",5,"F3","F3",6,1,11,7,6,6,6,6,4,2,2,1,6,2,1,1,1,2,5,7,6,2,5,1,3,6,1,4,5,4,2
"A37PUSY6CJ7TQ0","2","continued",5,"F3","F3",3,1,7,1,5,5,6,3,5,2,4,4,3,6,1,3,5,1,5,6,5,7,1,1,4,5,1,6,5,3,4
"A37PUSY6CJ7TQ0","3","continued",5,"F3","F3",5,1,11,2,6,6,2,6,4,3,2,4,6,4,1,2,1,1,2,7,6,3,1,1,2,7,1,5,6,2,2
"A37PUSY6CJ7TQ0","4","continued",5,"F3","F3",4,1,7,4,5,5,5,2,4,3,4,3,3,4,3,2,1,2,5,5,4,3,7,1,5,3,1,5,2,5,4
"A37PUSY6CJ7TQ0","5","continued",5,"F3","F3",7,4,11,7,5,5,7,7,6,1,4,3,7,3,1,3,1,2,4,7,7,3,3,1,4,6,1,5,7,4,2
"A38DHLB88V8DL8","1","continued",4,"F3","F3",5,2,11,7,6,6,6,6,6,1,4,4,6,7,1,7,2,2,6,5,7,6,2,2,6,7,2,6,7,4,6
"A38DHLB88V8DL8","2","continued",4,"F3","F3",4,1,9,1,6,6,6,5,5,1,6,4,6,7,1,7,1,1,5,7,7,5,1,2,6,7,1,5,7,3,4
"A38DHLB88V8DL8","3","continued",4,"F3","F3",4,3,8,1,6,6,4,6,4,1,2,4,5,5,1,6,2,2,5,6,6,5,1,5,6,7,1,5,7,4,3
"A38DHLB88V8DL8","4","continued",4,"F3","F3",5,3,9,7,6,6,6,5,5,2,5,3,6,3,3,5,2,2,6,5,6,6,2,2,6,5,2,5,4,4,4
"A3989GRV3UV5VW","1","continued",3,"F3","F3",5,1,10,3,5,5,5,5,4,2,3,4,6,4,1,3,1,2,4,6,6,4,4,4,4,7,2,6,7,3,3
"A3989GRV3UV5VW","2","continued",3,"F3","F3",7,1,11,4,6,6,5,7,5,3,4,3,6,4,2,6,2,2,5,7,6,4,5,2,5,7,2,5,5,4,5
"A3989GRV3UV5VW","3","continued",3,"F3","F3",4,1,5,1,6,5,2,4,2,3,2,6,6,6,3,4,2,1,5,5,5,2,4,1,4,4,2,4,7,3,3
"A39H9RIYRB5ZYV","1","continued",5,"F3","F3",7,1,11,7,7,6,7,7,6,1,7,7,7,4,1,7,1,2,7,7,7,7,4,5,6,4,1,6,5,4,7
"A39H9RIYRB5ZYV","2","continued",5,"F3","F3",7,1,9,7,7,7,7,6,4,1,7,7,7,4,2,7,1,2,7,7,7,7,5,7,7,6,1,6,7,4,7
"A39H9RIYRB5ZYV","3","continued",5,"F3","F3",7,1,10,7,5,6,7,6,6,1,7,6,7,2,NA,4,1,2,6,6,6,6,2,1,6,5,1,5,7,4,1
"A39H9RIYRB5ZYV","4","continued",5,"F3","F3",4,1,9,5,7,7,5,4,6,1,4,7,7,4,2,7,6,2,7,7,7,7,6,5,7,3,1,7,4,4,6
"A3AE0JEXW4DB34","1","continued",5,"F3","F3",6,1,11,7,7,7,7,7,7,1,4,5,7,4,1,2,1,2,7,7,6,7,6,7,7,7,1,7,6,3,3
"A3AE0JEXW4DB34","2","continued",5,"F3","F3",7,1,10,7,7,7,7,7,7,1,7,4,7,2,2,1,1,2,7,7,7,7,5,5,7,7,2,7,5,4,5
"A3AE0JEXW4DB34","3","continued",5,"F3","F3",7,4,10,7,7,7,7,3,7,1,7,4,5,5,2,2,1,2,7,7,7,7,3,6,4,6,1,7,4,3,5
"A3AE0JEXW4DB34","4","continued",5,"F3","F3",7,1,11,7,7,7,4,7,5,1,5,6,7,1,1,1,1,2,7,7,7,7,5,1,7,7,1,5,7,4,1
"A3AE0JEXW4DB34","5","abandoned",5,"F3","F3",4,1,6,2,5,5,5,4,3,1,1,4,3,4,3,2,1,1,4,5,3,3,2,1,4,3,1,6,3,3,7
"A3AJJHOAV7WIUQ","1","completed",3,"F3","F3",6,1,11,1,6,7,7,7,5,5,6,7,5,3,2,6,7,1,6,6,7,7,2,6,7,7,6,7,6,3,7
"A3AJJHOAV7WIUQ","2","abandoned",3,"F3","F3",3,6,6,1,7,7,6,3,6,4,4,7,7,6,1,7,2,1,7,6,7,6,1,5,5,7,2,7,7,3,4
"A3BE3KXD518TZ4","1","continued",3,"F3","F3",5,1,8,1,6,6,5,6,5,1,4,6,7,5,3,7,3,2,4,7,7,5,5,5,5,5,2,6,6,3,4
"A3BE3KXD518TZ4","2","continued",3,"F3","F3",7,1,11,5,7,7,7,7,7,2,2,4,7,5,3,4,3,2,5,7,7,6,6,3,6,3,2,6,6,5,7
"A3BE3KXD518TZ4","3","adjusted",3,"F3","F3",4,1,2,1,6,6,6,4,1,2,4,5,7,4,4,4,2,1,5,7,5,6,5,3,5,4,1,4,5,4,7
"A3CAF7LTD3ORSG","1","continued",3,"F3","F3",6,2,10,3,5,6,5,6,6,3,5,6,6,4,2,2,2,1,4,6,6,6,2,3,3,6,2,4,6,3,2
"A3CAF7LTD3ORSG","3","completed",3,"F3","F3",6,4,11,5,6,5,6,6,4,2,4,6,7,3,2,5,6,2,6,6,7,6,5,2,5,6,6,2,6,2,1
"A3E76V59BKGKCQ","1","continued",3,"F3","F3",5,3,4,1,7,5,7,5,5,3,6,6,6,6,1,4,5,1,7,6,6,6,5,5,5,5,4,6,7,4,3
"A3E76V59BKGKCQ","2","continued",3,"F3","F3",5,2,8,7,5,5,7,5,6,2,5,2,7,4,3,7,5,2,5,7,7,7,5,6,4,7,5,7,7,4,5
"A3E76V59BKGKCQ","3","continued",3,"F3","F3",5,2,6,5,7,6,5,6,6,1,4,4,7,5,3,4,3,2,7,7,6,6,5,4,5,5,3,5,6,4,2
"A3GI28OVLDI9ST","2","continued",5,"F3","F3",5,4,6,1,5,7,7,5,7,1,1,7,7,5,1,6,3,1,5,5,5,4,3,6,4,5,5,7,7,3,5
"A3GI28OVLDI9ST","5","completed",5,"F3","F3",7,1,11,1,7,7,7,7,7,1,1,7,7,4,1,4,4,1,7,6,7,5,7,6,4,7,4,6,7,3,4
"A3GZXU4FUJTKZD","2","continued",5,"F3","F3",1,1,5,4,7,7,6,4,7,5,4,7,7,4,1,6,5,2,6,7,7,4,6,5,7,7,4,6,5,3,7
"A3GZXU4FUJTKZD","3","continued",5,"F3","F3",2,1,6,1,5,5,4,2,2,4,6,1,7,5,1,1,5,1,1,6,6,7,1,7,2,7,3,5,7,3,3
"A3GZXU4FUJTKZD","4","continued",5,"F3","F3",3,1,6,1,6,5,5,5,5,3,6,2,7,3,1,3,4,1,5,6,5,6,4,4,3,7,1,5,7,3,4
"A3GZXU4FUJTKZD","5","continued",5,"F3","F3",2,1,3,1,4,4,5,4,6,2,4,1,7,4,1,3,6,1,4,5,3,4,1,7,4,7,4,5,7,3,2
"A3HXM7BGH18FOW","1","continued",3,"F3","F3",6,1,8,7,6,6,7,6,7,1,6,1,7,6,1,6,1,2,5,7,6,1,1,1,2,7,1,7,7,4,6
"A3HXM7BGH18FOW","2","continued",3,"F3","F3",7,1,9,1,4,4,1,5,1,1,1,1,7,6,3,1,1,2,1,1,4,1,7,1,1,1,1,4,3,3,4
"A3HXM7BGH18FOW","3","continued",3,"F3","F3",2,7,4,2,5,6,7,3,7,1,6,1,7,7,3,2,1,2,2,5,4,4,1,1,1,3,1,7,4,4,4
"A3KFFIBJZVM0J2","2","completed",4,"F3","F3",7,1,11,1,7,7,6,4,4,1,2,7,7,7,1,1,1,1,6,5,6,4,6,2,6,7,1,6,7,3,5
"A3KFFIBJZVM0J2","3","continued",4,"F3","F3",6,1,8,1,6,6,2,7,1,2,2,4,7,5,1,1,5,1,4,5,5,3,5,1,4,7,1,4,7,3,5
"A3KIDRWRKC7RI5","1","continued",5,"F3","F3",4,3,7,1,6,6,4,7,5,2,2,4,5,6,1,6,4,1,4,5,7,5,2,1,4,7,1,7,7,3,4
"A3KIDRWRKC7RI5","2","adjusted",5,"F3","F3",4,1,6,1,5,5,1,6,4,4,2,3,6,6,1,4,3,1,4,6,5,3,1,2,2,6,2,6,7,3,6
"A3KIDRWRKC7RI5","3","continued",5,"F3","F3",4,1,9,5,6,6,7,7,7,3,2,2,6,5,2,4,2,2,5,5,6,4,3,5,3,6,4,7,6,1,6
"A3KIDRWRKC7RI5","4","continued",5,"F3","F3",4,1,6,1,5,5,2,6,4,3,1,5,4,6,2,4,1,1,5,5,6,2,1,1,2,3,4,5,6,3,7
"A3KIDRWRKC7RI5","5","continued",5,"F3","F3",3,1,2,1,5,5,1,3,4,2,1,4,7,7,1,1,4,2,4,4,3,2,4,1,2,3,1,4,6,3,2
"A3KIZLHCD945UK","1","continued",3,"F3","F3",4,1,5,3,6,6,6,6,4,1,6,6,7,6,2,4,1,1,7,7,7,7,1,5,4,7,1,7,7,3,7
"A3KIZLHCD945UK","3","continued",3,"F3","F3",4,7,7,1,7,7,7,7,4,1,7,4,7,7,1,7,5,1,7,7,7,7,1,4,7,7,5,7,7,5,7
"A3M81P9BEVE1GD","1","continued",5,"F3","F3",7,6,10,7,6,6,6,5,7,7,7,6,5,7,2,7,7,1,6,7,6,5,5,6,6,5,6,6,7,2,6
"A3M81P9BEVE1GD","4","continued",5,"F3","F3",5,8,10,6,7,7,4,7,5,7,5,6,5,6,2,4,5,1,4,7,7,7,6,5,7,7,7,5,6,2,4
"A3M81P9BEVE1GD","5","continued",5,"F3","F3",6,8,10,5,7,5,7,5,7,4,5,5,5,7,2,6,6,1,5,5,5,6,7,5,7,7,5,7,6,1,7
"A3NKNOE5HIXXL","1","continued",3,"F3","F3",4,1,11,1,7,7,6,6,1,4,6,7,6,7,1,7,2,1,7,7,7,5,1,1,4,6,2,5,7,3,7
"A3NKNOE5HIXXL","2","continued",3,"F3","F3",5,1,10,1,7,4,7,6,7,4,6,7,6,6,3,2,1,2,6,7,7,6,2,7,6,3,4,7,2,4,3
"A3NKNOE5HIXXL","3","continued",3,"F3","F3",4,1,9,7,7,6,7,6,6,3,6,2,7,5,1,6,1,2,7,5,7,6,2,5,5,4,1,6,6,4,6
"A3NLSGHK6RFXA8","1","completed",4,"F3","F3",6,1,11,1,6,6,7,6,6,1,6,2,6,6,1,4,5,1,6,6,7,6,2,6,4,7,2,6,7,3,4
"A3NLSGHK6RFXA8","3","continued",4,"F3","F3",1,1,5,3,6,6,5,3,3,1,1,4,2,6,1,1,1,1,5,5,4,5,5,2,3,7,1,5,7,3,1
"A3NLSGHK6RFXA8","4","abandoned",4,"F3","F3",5,1,4,7,6,6,7,3,3,1,5,5,6,6,2,1,1,2,7,7,7,7,3,4,7,5,1,4,7,2,1
"A3NRAEKWOKVUNN","1","continued",2,"F3","F3",3,1,10,7,3,3,2,6,2,2,4,1,5,3,2,1,2,2,5,3,3,2,2,2,4,7,1,4,5,1,1
"A3NRAEKWOKVUNN","2","continued",2,"F3","F3",1,1,5,1,5,2,2,4,3,2,2,4,5,6,1,2,2,1,5,5,3,5,3,1,5,6,2,6,6,4,1
"A3NXT3OVGL7QNR","1","continued",1,"F3","F3",5,1,10,2,7,7,4,6,3,1,1,7,7,7,3,3,1,2,7,7,7,5,2,7,7,6,1,4,7,3,6
"A3O0ZQMDKOKAMR","1","continued",2,"F3","F3",5,2,8,5,6,4,7,6,6,2,5,6,6,4,2,5,3,2,6,7,6,6,5,3,5,5,3,6,5,4,6
"A3O0ZQMDKOKAMR","2","continued",2,"F3","F3",6,1,10,1,7,7,7,6,6,1,6,4,7,5,3,7,2,2,7,7,7,7,7,2,6,6,2,7,5,3,7
"A3OAXRZT3MVJML","1","continued",3,"F3","F3",4,1,9,1,6,6,6,5,7,3,3,5,6,5,3,1,5,1,4,6,7,4,2,2,1,6,1,4,6,4,2
"A3OAXRZT3MVJML","2","continued",3,"F3","F3",4,4,11,3,5,5,2,5,4,1,1,8,7,4,1,4,5,1,2,4,5,3,2,2,2,6,1,4,5,3,4
"A3OAXRZT3MVJML","3","continued",3,"F3","F3",4,1,11,5,6,6,6,5,6,1,1,4,7,5,3,1,2,1,5,5,4,2,2,2,1,7,1,5,6,3,1
"A3OLRWACCCCUTU","1","completed",5,"F3","F3",7,1,11,2,6,6,3,7,3,1,5,2,6,4,1,5,1,1,5,7,7,6,3,1,2,7,1,7,7,3,7
"A3OLRWACCCCUTU","2","completed",5,"F3","F3",6,1,11,1,4,5,1,7,3,3,1,2,7,3,1,1,1,1,3,5,3,2,5,1,3,7,1,5,7,3,4
"A3OLRWACCCCUTU","3","continued",5,"F3","F3",5,1,8,6,6,6,7,7,4,3,6,5,6,5,1,5,1,2,6,7,7,5,5,2,5,7,1,6,7,4,5
"A3OLRWACCCCUTU","4","continued",5,"F3","F3",5,1,7,6,6,4,5,6,5,5,5,4,7,5,1,3,3,2,6,7,7,6,1,5,4,6,1,6,6,4,3
"A3OPRR8AXT6OSJ","1","adjusted",3,"F3","F3",6,1,4,1,7,7,6,5,3,1,6,6,7,7,1,4,1,2,6,7,6,7,5,3,7,7,1,5,7,3,5
"A3OPRR8AXT6OSJ","2","completed",3,"F3","F3",6,6,11,7,7,7,6,6,6,1,7,6,7,5,1,7,1,2,6,6,7,7,3,5,6,7,1,6,7,3,6
"A3OUNEJO97MM8E","1","completed",3,"F3","F3",6,2,11,6,6,7,3,6,6,1,6,4,6,1,2,6,7,1,6,7,6,6,6,4,5,7,4,7,7,1,7
"A3OUNEJO97MM8E","2","continued",3,"F3","F3",7,1,11,1,7,7,6,7,4,5,7,7,5,6,1,6,7,1,7,7,7,7,7,5,7,6,7,7,7,1,7
"A3OUNEJO97MM8E","3","continued",3,"F3","F3",5,1,11,2,6,5,7,7,6,1,5,5,6,4,2,6,6,1,4,5,6,5,4,2,6,5,6,6,5,2,6
"A3PSV85ZUXP9VF","1","continued",3,"F3","F3",6,4,11,7,6,6,7,7,4,1,2,5,7,3,3,7,6,2,5,7,7,4,3,2,5,7,4,7,6,3,7
"A3PSV85ZUXP9VF","2","continued",3,"F3","F3",1,1,1,1,7,5,4,1,7,7,1,7,4,7,1,1,1,1,1,7,5,2,1,1,4,7,1,7,5,3,4
"A3PSV85ZUXP9VF","3","continued",3,"F3","F3",2,4,3,1,5,5,4,4,7,4,4,8,5,7,1,4,4,1,1,6,6,3,1,1,3,6,1,7,7,3,1
"A3ROYUO9LWA22S","2","adjusted",5,"F3","F3",5,1,11,7,7,7,5,7,7,4,3,7,7,3,1,4,7,2,7,7,7,4,6,7,7,7,4,7,7,2,7
"A3ROYUO9LWA22S","3","continued",5,"F3","F3",7,1,11,7,7,7,7,7,5,1,7,6,7,3,2,6,1,1,5,7,7,7,6,1,7,7,2,7,7,3,7
"A3ROYUO9LWA22S","4","completed",5,"F3","F3",7,1,11,7,7,6,7,7,6,1,7,7,7,1,2,5,6,2,7,7,7,7,5,4,7,7,3,7,7,2,7
"A3ROYUO9LWA22S","5","completed",5,"F3","F3",7,1,11,1,7,7,7,7,7,1,4,7,7,3,1,7,5,1,7,7,7,7,7,5,7,7,4,7,7,4,7
"A3VYBAO7UQQHGC","3","continued",3,"F3","F3",6,4,2,1,7,7,3,4,4,1,4,2,7,7,1,2,2,1,4,6,6,6,5,6,4,7,1,4,7,1,2
"A3VZUPCZB4Q9XW","1","continued",5,"F3","F3",6,2,10,6,6,4,5,6,3,2,4,3,6,3,3,3,3,2,3,5,5,5,2,2,3,6,2,4,5,4,2
"A3VZUPCZB4Q9XW","2","continued",5,"F3","F3",5,6,2,2,6,6,5,3,2,2,6,2,6,6,1,2,2,1,5,5,5,5,3,2,3,6,2,3,6,3,2
"A3VZUPCZB4Q9XW","3","continued",5,"F3","F3",5,2,8,2,4,3,5,6,2,2,6,2,6,5,1,2,2,1,3,3,4,5,2,2,2,6,2,2,6,3,2
"A3VZUPCZB4Q9XW","4","continued",5,"F3","F3",4,2,4,3,5,4,5,3,6,3,2,5,6,6,1,5,5,1,6,5,4,3,2,3,3,6,5,5,5,3,4
"A3VZUPCZB4Q9XW","5","continued",5,"F3","F3",3,2,10,7,4,3,5,5,2,2,5,2,5,4,2,2,2,2,2,3,3,5,1,2,2,6,2,2,6,3,3
"A49CVVOWN4D6Y","1","continued",5,"F3","F3",4,3,9,1,7,5,7,5,7,6,4,4,7,4,1,7,6,1,7,6,7,7,1,1,7,5,2,7,7,3,3
"A49CVVOWN4D6Y","2","continued",5,"F3","F3",2,4,8,7,7,7,7,5,7,3,2,7,7,6,3,1,7,2,7,7,6,7,3,2,7,4,4,7,7,3,4
"A49CVVOWN4D6Y","3","continued",5,"F3","F3",7,1,11,1,7,7,7,7,7,4,4,7,7,3,1,4,4,1,7,7,7,7,7,1,7,7,7,7,7,3,7
"A49CVVOWN4D6Y","5","continued",5,"F3","F3",5,4,11,7,6,5,4,7,4,2,5,4,7,4,2,1,3,2,7,7,7,7,7,1,5,6,1,7,5,4,5
"A4BDXOXC4D8FX","1","abandoned",3,"F3","F3",4,1,9,1,7,7,7,7,7,1,1,7,7,4,1,3,1,1,1,7,5,1,2,7,1,7,2,7,7,3,4
"A4BDXOXC4D8FX","2","continued",3,"F3","F3",7,1,9,1,7,7,5,7,1,2,1,7,7,4,3,1,1,2,7,5,7,7,7,1,4,7,1,7,7,3,4
"A4BDXOXC4D8FX","3","continued",3,"F3","F3",7,1,10,7,5,5,6,7,7,1,1,4,7,1,3,1,1,2,4,4,5,1,1,1,1,7,1,6,7,2,3
"A5A14MTB35J23","1","adjusted",5,"F3","F3",6,2,4,6,5,5,3,5,1,1,3,1,6,4,2,2,1,2,1,5,4,1,3,1,1,7,1,6,7,5,6
"A5A14MTB35J23","2","abandoned",5,"F3","F3",6,4,2,4,4,4,2,3,2,1,3,1,6,5,2,2,1,2,1,3,2,1,1,1,1,7,1,6,7,5,1
"A5A14MTB35J23","5","completed",5,"F3","F3",7,4,11,1,5,5,1,7,2,1,4,1,7,4,1,7,1,1,1,7,7,5,1,1,5,7,1,6,7,3,7
"A5E2P5F1AXYZ1","1","continued",5,"F3","F3",4,2,10,7,5,5,5,6,5,2,6,4,5,4,1,4,3,2,5,6,7,4,2,5,4,7,2,7,7,4,7
"A5E2P5F1AXYZ1","2","continued",5,"F3","F3",6,1,10,7,6,6,7,7,7,2,4,7,6,6,1,6,4,2,7,7,7,6,4,4,5,7,2,7,7,4,7
"A5E2P5F1AXYZ1","3","continued",5,"F3","F3",4,1,10,1,6,6,5,6,5,4,4,4,5,5,1,4,3,1,6,7,7,6,2,5,4,7,4,7,7,3,6
"A5E2P5F1AXYZ1","4","continued",5,"F3","F3",4,1,11,2,6,6,5,6,5,3,4,6,5,4,3,4,3,1,5,6,6,4,2,4,5,5,3,6,4,3,4
"A5E2P5F1AXYZ1","5","continued",5,"F3","F3",5,1,9,1,6,6,7,6,6,2,4,7,6,6,1,4,3,1,7,7,7,6,4,4,4,7,2,6,7,3,4
"A6JUD4NCQCDWG","1","continued",2,"F3","F3",6,1,7,1,7,7,4,5,7,4,4,6,6,5,2,2,1,2,2,7,6,5,1,6,4,5,1,6,6,3,3
"A6JUD4NCQCDWG","2","continued",2,"F3","F3",4,1,8,1,6,6,4,4,7,2,2,4,6,2,2,2,1,2,2,5,4,3,7,1,4,3,1,7,7,3,4
"A770OB1ZAGJ4G","1","continued",4,"F3","F3",7,1,11,1,7,7,7,7,7,1,1,7,7,7,1,7,6,1,7,7,7,4,1,7,5,7,7,7,7,3,7
"A770OB1ZAGJ4G","2","continued",4,"F3","F3",7,3,7,7,6,6,7,7,7,1,6,6,7,7,3,6,6,2,5,7,7,6,3,7,4,6,7,7,2,4,6
"A770OB1ZAGJ4G","3","continued",4,"F3","F3",7,1,6,2,7,7,6,6,7,1,6,7,7,7,1,6,6,2,6,7,7,7,1,7,6,7,7,7,7,3,7
"A770OB1ZAGJ4G","4","continued",4,"F3","F3",6,1,7,7,6,6,7,6,6,1,6,7,7,6,2,7,7,2,6,7,7,7,4,5,5,6,5,7,7,4,6
"A7P3R1AIA4TVV","1","continued",3,"F3","F3",2,1,5,3,3,3,4,4,5,2,4,5,6,6,2,1,2,2,5,5,4,6,1,4,3,7,2,5,6,5,2
"A7P3R1AIA4TVV","2","adjusted",3,"F3","F3",2,1,4,1,6,6,5,4,7,2,4,8,6,7,1,3,4,1,7,6,6,4,1,4,3,7,3,6,7,3,2
"AADRZTXSE7211","1","continued",4,"F3","F3",6,1,8,1,6,6,6,5,4,5,2,7,5,7,2,6,7,2,5,7,7,6,1,4,6,7,4,6,6,3,5
"AADRZTXSE7211","2","abandoned",4,"F3","F3",5,1,6,1,6,6,7,4,6,3,4,5,7,7,1,4,5,1,5,7,6,4,1,4,5,7,5,6,7,3,4
"AADRZTXSE7211","3","continued",4,"F3","F3",7,1,11,3,6,6,6,7,6,3,5,7,7,6,2,6,4,2,6,7,7,5,4,3,6,7,4,6,5,1,6
"AADRZTXSE7211","4","continued",4,"F3","F3",6,3,11,7,5,5,5,6,3,2,4,5,5,4,2,4,5,2,5,6,6,5,1,5,6,7,4,4,6,1,6
"AAHZCL4LIPCBQ","1","continued",3,"F3","F3",7,1,10,7,7,7,7,7,7,1,1,7,7,7,3,7,1,2,7,7,7,7,7,1,7,7,1,7,7,3,7
"AAHZCL4LIPCBQ","2","continued",3,"F3","F3",7,1,11,7,7,7,7,7,7,1,4,7,7,4,2,7,1,2,7,7,7,7,7,1,7,7,1,7,7,4,7
"AAHZCL4LIPCBQ","3","continued",3,"F3","F3",7,1,11,7,7,7,7,7,7,1,4,7,7,7,2,7,1,2,7,7,7,7,7,1,7,7,1,7,7,3,7
"ABOEYY9Y0PFRI","1","continued",3,"F3","F3",5,6,8,5,3,2,4,5,4,3,2,3,5,4,3,1,1,2,2,5,4,3,1,3,3,3,1,4,4,2,3
"ABOEYY9Y0PFRI","3","continued",3,"F3","F3",4,2,5,3,4,3,2,5,4,4,2,3,4,3,1,2,1,2,4,4,5,2,5,2,4,5,1,5,5,3,1
"ADJ9I7ZBFYFH7","1","continued",3,"F3","F3",6,1,6,1,7,7,2,7,4,1,2,1,7,7,1,1,1,1,7,5,5,3,7,1,4,7,1,6,7,3,2
"ADJ9I7ZBFYFH7","2","completed",3,"F3","F3",7,1,11,1,6,6,5,5,7,2,3,4,4,5,1,1,2,1,4,5,6,6,1,2,4,7,1,7,7,3,1
"ADJ9I7ZBFYFH7","3","continued",3,"F3","F3",7,7,10,7,6,6,6,6,6,1,3,3,7,4,2,3,2,2,4,6,6,7,1,4,6,7,3,7,5,5,1
"ADYMIMV1PE14V","1","continued",3,"F3","F3",5,7,8,1,7,7,7,5,7,4,4,4,7,7,1,7,2,1,6,7,7,7,1,6,5,7,5,7,7,1,7
"ADYMIMV1PE14V","2","continued",3,"F3","F3",4,2,11,7,5,5,6,7,5,3,4,4,7,3,2,4,5,2,5,6,6,6,1,3,5,5,2,6,7,3,4
"ADYMIMV1PE14V","3","completed",3,"F3","F3",7,3,11,7,7,7,6,7,5,2,2,5,7,4,1,1,2,1,3,7,7,3,4,2,3,7,2,6,7,3,6
"AF0W4ZBY7VXOU","1","continued",3,"F3","F3",7,1,9,7,7,7,7,6,5,1,7,4,7,6,1,5,2,2,7,7,7,7,7,6,7,6,2,7,6,4,6
"AF0W4ZBY7VXOU","2","continued",3,"F3","F3",7,1,6,1,7,7,7,6,6,2,7,3,7,6,1,7,5,1,6,7,7,7,6,6,6,7,5,6,7,3,7
"AF0W4ZBY7VXOU","3","continued",3,"F3","F3",7,1,5,7,6,6,7,5,5,1,4,7,7,6,1,1,1,2,7,7,5,NA,5,5,7,7,1,4,7,4,1
"AH00EJ6PK1H3A","2","continued",3,"F3","F3",7,1,10,5,4,4,2,7,4,1,7,4,7,2,2,1,1,2,4,4,5,6,6,1,4,6,1,4,4,3,1
"AH00EJ6PK1H3A","3","continued",3,"F3","F3",6,1,6,5,6,6,4,5,4,1,6,5,7,4,1,1,1,2,4,6,4,3,5,1,4,6,1,4,4,3,1
"AHKRGPN5D3I2G","1","continued",5,"F3","F3",7,1,11,5,7,7,1,7,7,1,7,7,7,4,1,7,1,2,7,7,7,7,7,7,7,7,7,7,7,3,2
"AHKRGPN5D3I2G","2","completed",5,"F3","F3",7,1,11,1,7,7,7,7,7,1,7,7,7,7,1,4,7,1,7,7,7,7,7,7,7,7,7,7,7,1,4
"AHKRGPN5D3I2G","4","continued",5,"F3","F3",7,1,11,7,7,7,7,7,7,1,7,7,7,7,1,7,7,2,7,7,7,7,7,7,7,7,7,7,7,3,7
"AHKRGPN5D3I2G","5","continued",5,"F3","F3",7,1,11,1,7,7,7,7,1,1,7,7,7,7,1,7,1,1,7,7,7,7,7,1,7,7,1,7,7,3,2
"AHYTT3T8W9Y9Y","1","continued",1,"F3","F3",5,1,8,6,6,6,5,4,6,1,2,3,6,5,1,2,1,2,7,6,6,4,3,5,3,7,3,5,6,3,2
"AIA7RZSAONU5M","1","continued",3,"F3","F3",2,1,2,6,6,6,7,3,7,1,6,2,6,7,1,4,4,2,6,5,5,5,2,4,3,4,2,7,5,2,4
"AIA7RZSAONU5M","3","continued",3,"F3","F3",5,1,4,7,6,6,7,5,4,1,5,2,6,6,1,4,4,2,6,6,6,5,2,3,4,6,2,5,6,2,5
"AIHHRINW9IN1I","1","completed",3,"F3","F3",7,1,11,4,6,6,4,7,7,2,2,5,5,3,1,6,4,1,3,7,6,4,1,5,4,7,4,5,7,3,3
"AIHHRINW9IN1I","2","continued",3,"F3","F3",5,1,1,1,6,7,4,6,7,3,1,4,6,6,1,3,3,1,5,6,6,5,1,4,4,7,2,5,7,3,4
"AIHHRINW9IN1I","3","completed",3,"F3","F3",6,1,11,2,4,5,3,6,5,1,2,4,7,3,3,3,3,2,5,6,7,4,3,1,5,6,1,5,4,3,4
"AIHUIAQ4922K3","1","continued",2,"F3","F3",5,1,10,7,4,4,5,7,6,1,3,4,7,3,3,3,1,2,6,6,5,4,5,1,5,6,2,5,6,5,7
"AIHUIAQ4922K3","2","continued",2,"F3","F3",5,7,11,6,5,5,6,7,5,1,1,6,7,4,3,4,2,2,6,6,6,3,2,2,4,6,2,6,6,5,6
"AJ4T7PTRYNSUW","1","continued",3,"F3","F3",4,8,4,8,7,7,7,3,4,3,3,5,7,7,1,4,7,1,4,7,5,7,1,7,5,7,7,6,7,4,5
"AJ4T7PTRYNSUW","3","continued",3,"F3","F3",4,1,8,1,6,6,7,6,7,1,3,4,7,4,3,3,1,1,7,5,7,5,7,1,5,7,1,7,6,3,3
"AJDHPRCJ985C7","1","continued",5,"F3","F3",5,1,10,7,5,5,7,7,6,4,4,1,6,5,1,2,6,2,3,6,6,5,4,2,1,7,5,4,6,4,5
"AJDHPRCJ985C7","2","adjusted",5,"F3","F3",4,2,8,5,5,5,7,5,2,1,3,1,7,3,1,6,7,2,2,5,6,6,1,2,1,4,3,3,7,4,5
"AJDHPRCJ985C7","3","completed",5,"F3","F3",4,1,11,1,7,7,1,7,5,4,1,3,6,5,1,3,5,1,4,5,6,3,6,7,3,7,2,4,7,3,6
"AJDHPRCJ985C7","5","continued",5,"F3","F3",3,1,10,6,6,6,1,5,2,3,2,2,7,6,3,6,2,2,4,5,4,1,5,3,1,6,3,3,3,3,4
"AJMWITY1XT7H7","1","continued",4,"F3","F3",7,1,10,7,5,5,4,7,4,1,5,4,7,4,1,1,1,2,5,5,6,4,1,2,1,7,1,4,6,4,7
"AJMWITY1XT7H7","2","continued",4,"F3","F3",7,1,11,4,6,4,1,7,4,1,4,1,7,1,1,1,1,2,5,4,7,4,1,1,1,7,1,5,5,4,4
"AJMWITY1XT7H7","3","continued",4,"F3","F3",6,1,6,1,6,6,1,6,6,1,5,1,7,3,1,1,1,1,2,6,6,1,1,6,1,7,1,5,7,3,4
"AJMWITY1XT7H7","4","continued",4,"F3","F3",4,1,9,7,6,6,6,7,6,3,4,4,7,4,1,1,1,2,6,6,5,4,1,5,1,5,1,5,5,4,7
"AJQ71YIGY01HZ","1","continued",2,"F3","F3",6,4,9,7,6,6,6,6,7,1,6,4,7,7,3,6,6,2,6,6,6,6,1,5,6,6,6,6,6,3,6
"AJQ71YIGY01HZ","2","continued",2,"F3","F3",5,1,11,2,7,7,6,6,7,1,1,7,5,7,1,7,1,1,7,6,7,7,3,5,7,7,1,5,7,4,7
"AKMOBFEEKW378","1","continued",5,"F3","F3",7,1,11,7,5,7,7,7,6,1,4,1,7,3,1,4,1,2,7,7,7,3,2,6,7,7,1,7,7,4,4
"AKMOBFEEKW378","2","abandoned",5,"F3","F3",2,1,3,4,7,7,7,2,6,7,4,3,7,7,1,4,1,2,5,7,5,6,3,6,4,7,2,7,7,4,4
"AKMOBFEEKW378","3","abandoned",5,"F3","F3",1,1,2,1,7,7,5,3,3,7,3,1,7,7,1,3,1,2,7,7,7,5,5,5,7,6,1,5,6,4,2
"AKMOBFEEKW378","4","continued",5,"F3","F3",4,1,11,1,7,7,4,7,6,3,3,4,7,4,1,6,5,1,5,7,7,4,1,7,4,7,1,7,7,3,1
"AKMOBFEEKW378","5","continued",5,"F3","F3",4,1,10,1,7,7,3,5,3,4,2,4,7,4,1,4,1,1,4,7,7,2,1,5,4,7,1,7,7,3,5
"AKX5RHHO8BIUX","2","continued",5,"F3","F3",4,1,9,7,7,7,7,7,1,6,7,6,7,7,3,5,7,2,7,7,7,6,1,7,7,5,7,7,7,4,7
"AKX5RHHO8BIUX","3","adjusted",5,"F3","F3",5,1,9,1,5,6,3,7,3,2,4,1,7,4,1,2,6,1,3,5,6,4,2,6,5,7,2,5,7,3,4
"AKX5RHHO8BIUX","4","continued",5,"F3","F3",5,1,8,2,6,6,5,6,1,5,5,3,7,6,3,3,6,1,5,7,6,5,1,7,5,6,2,5,7,3,4
"AL7UTA8J27TFK","1","continued",4,"F3","F3",6,1,10,1,7,7,7,6,4,3,6,5,6,6,1,7,5,1,7,7,7,7,1,5,5,7,3,7,7,3,7
"AL7UTA8J27TFK","2","continued",4,"F3","F3",7,1,11,1,7,7,5,7,7,1,3,4,7,3,3,1,1,2,5,6,7,6,6,1,4,7,1,6,5,3,7
"AL7UTA8J27TFK","4","continued",4,"F3","F3",5,1,7,7,7,7,7,5,5,1,6,3,7,7,1,6,7,1,7,7,7,5,1,2,2,6,3,7,7,3,7
"ALAOEYIYW0CW7","1","continued",5,"F3","F3",1,4,8,1,7,7,7,3,7,5,7,7,7,7,2,4,7,2,7,7,7,7,3,7,7,4,4,6,7,4,4
"ALAOEYIYW0CW7","2","continued",5,"F3","F3",7,4,10,5,7,7,7,7,6,6,4,7,7,4,1,7,6,2,7,7,7,7,2,6,7,6,6,7,6,4,7
"ALAOEYIYW0CW7","3","adjusted",5,"F3","F3",6,5,10,2,7,7,7,3,6,7,6,7,7,7,3,4,7,2,7,7,7,7,6,7,7,7,4,7,7,4,7
"ALAOEYIYW0CW7","4","continued",5,"F3","F3",5,1,9,7,7,7,7,5,6,3,4,5,7,6,3,4,7,2,7,7,7,6,5,7,6,4,4,7,6,4,4
"ALAOEYIYW0CW7","5","continued",5,"F3","F3",5,4,9,7,7,7,7,6,7,4,6,7,7,5,2,4,7,2,7,7,7,7,3,7,7,6,6,7,6,4,7
"ALDQRWYZ8KQ9A","1","continued",3,"F3","F3",7,1,9,1,6,7,5,7,7,4,4,4,7,5,1,3,1,1,7,6,7,6,1,6,5,7,3,6,6,3,2
"ALDQRWYZ8KQ9A","2","continued",3,"F3","F3",7,1,11,1,5,4,7,7,6,6,1,2,7,3,2,5,3,2,5,7,7,3,2,7,7,7,2,6,5,3,6
"ALDQRWYZ8KQ9A","3","continued",3,"F3","F3",7,2,1,2,6,5,2,6,5,2,2,2,7,6,1,3,2,2,6,7,6,2,1,6,5,7,3,6,7,3,5
"AM0QVBV8L6QCJ","1","continued",2,"F3","F3",6,1,10,6,5,6,7,7,7,1,6,4,6,4,1,5,1,2,5,6,7,4,4,2,4,7,1,6,7,3,7
"AM0QVBV8L6QCJ","2","continued",2,"F3","F3",4,1,6,2,6,6,6,5,7,6,4,7,7,7,1,4,1,2,7,7,7,4,4,4,6,6,1,6,5,4,6
"AMA18W8F60Y2J","1","continued",1,"F3","F3",3,1,5,4,5,6,6,7,7,1,5,2,5,5,1,5,1,2,4,7,7,4,1,1,4,7,1,5,7,3,2
"AMTTB8JUWRRM7","1","continued",2,"F3","F3",4,1,3,1,7,7,6,4,7,1,4,4,7,6,1,1,1,1,4,7,7,1,1,7,4,7,1,7,7,3,2
"ANZNAAS2K0DSY","1","completed",3,"F3","F3",5,1,11,3,6,6,6,7,4,1,3,4,5,4,1,4,4,2,6,7,6,7,2,3,6,7,2,6,7,3,3
"AOS2PVHT2HYTL","1","continued",3,"F3","F3",4,1,10,1,7,7,6,7,6,1,1,7,7,4,1,1,5,1,5,7,7,2,4,2,1,7,1,7,6,3,7
"AOS2PVHT2HYTL","2","completed",3,"F3","F3",7,1,11,1,7,7,7,7,1,1,1,4,6,2,1,7,5,1,4,7,7,1,7,1,1,7,2,7,7,3,7
"AOS2PVHT2HYTL","3","continued",3,"F3","F3",4,4,11,2,7,7,5,5,7,1,1,7,7,5,1,1,5,2,4,7,7,1,4,4,5,7,1,7,7,3,7
"APY7YO8CH0ZDP","1","continued",3,"F3","F3",6,1,9,7,7,7,6,7,7,1,5,7,7,7,1,5,7,2,7,7,7,7,1,4,7,4,3,7,6,4,6
"APY7YO8CH0ZDP","2","continued",3,"F3","F3",5,4,8,7,5,6,7,6,4,1,7,4,7,4,3,3,1,2,6,7,7,6,2,1,4,6,1,7,7,4,4
"APY7YO8CH0ZDP","3","continued",3,"F3","F3",4,6,7,6,6,6,7,6,5,3,1,5,7,5,2,3,1,2,7,7,7,7,1,2,7,4,1,5,4,3,4
"AQAXDL1INQC9Q","1","continued",3,"F3","F3",5,1,7,7,6,6,6,5,5,4,1,3,7,4,1,2,1,2,7,7,6,3,3,3,6,7,1,6,7,5,4
"AQAXDL1INQC9Q","2","continued",3,"F3","F3",4,1,9,5,5,5,7,7,2,4,1,4,7,6,1,3,3,2,6,6,7,5,3,3,6,7,1,5,7,4,5
"AQAXDL1INQC9Q","3","continued",3,"F3","F3",6,2,8,5,6,6,1,6,2,5,1,5,5,4,1,6,5,2,6,7,7,4,3,5,6,6,2,7,7,5,7
"AQMLJYUQCSG22","1","adjusted",3,"F3","F3",4,1,9,6,6,5,6,6,7,1,1,3,7,4,2,2,1,2,7,5,5,2,4,3,5,7,1,6,6,3,5
"AQMLJYUQCSG22","3","continued",3,"F3","F3",5,1,4,1,3,2,4,3,3,3,1,2,7,2,1,1,1,1,2,1,2,1,4,1,3,6,1,3,6,3,3
"ARQR5NIFA1AJ","1","abandoned",3,"F3","F3",3,2,4,6,6,3,6,5,7,2,3,3,7,4,1,4,2,2,4,5,6,3,2,6,3,5,1,4,5,3,2
"ARQR5NIFA1AJ","2","continued",3,"F3","F3",5,2,8,4,4,5,4,5,6,2,5,5,5,3,2,7,6,2,6,7,7,4,4,3,6,5,6,7,4,3,7
"ARQR5NIFA1AJ","3","continued",3,"F3","F3",3,3,11,1,4,4,1,5,4,2,3,8,5,3,1,3,4,1,4,4,3,2,3,5,3,4,5,4,4,3,6
"AS2MFSWNC5CQI","1","continued",4,"F3","F3",7,1,10,1,7,6,6,7,2,4,5,7,7,5,1,7,1,1,7,7,7,6,1,5,4,6,1,7,7,4,7
"AS2MFSWNC5CQI","2","continued",4,"F3","F3",7,1,11,1,6,7,7,7,7,5,5,7,7,7,1,7,1,1,7,7,7,5,1,4,5,7,1,7,7,4,7
"AS2MFSWNC5CQI","3","continued",4,"F3","F3",7,1,11,1,7,7,5,7,7,1,5,1,7,3,1,7,1,1,5,7,7,7,7,5,7,7,1,7,7,2,7
"AS2MFSWNC5CQI","4","continued",4,"F3","F3",7,1,6,7,7,2,7,5,7,1,1,4,7,7,3,7,1,2,5,7,7,7,1,7,3,5,1,7,7,4,5
"AS6FM754MF2B2","1","continued",4,"F3","F3",4,1,10,7,6,6,7,7,7,1,7,5,7,4,1,3,2,2,7,7,6,7,5,6,5,7,2,7,7,5,3
"AS6FM754MF2B2","2","continued",4,"F3","F3",5,3,9,7,6,7,5,6,6,1,5,3,7,4,3,3,2,2,7,7,7,7,4,7,6,7,2,7,5,5,4
"AS6FM754MF2B2","3","continued",4,"F3","F3",3,1,9,1,7,7,4,5,7,5,6,4,5,7,2,3,4,2,5,7,7,7,2,5,4,7,4,7,7,4,4
"ASY5W2HJPIPF4","2","continued",2,"F3","F3",6,1,2,2,5,6,6,7,7,1,1,3,7,3,1,4,3,1,6,6,5,2,2,5,2,7,4,7,7,3,6
"AU34T9OMHN4Z4","1","continued",3,"F3","F3",7,1,10,1,7,7,7,7,4,1,5,5,7,1,2,7,5,2,4,7,7,5,1,7,7,7,1,4,7,4,1
"AU34T9OMHN4Z4","2","adjusted",3,"F3","F3",4,1,3,1,6,6,7,5,5,1,7,4,7,1,2,5,1,2,5,7,7,4,1,7,1,7,1,7,3,3,2
"AU34T9OMHN4Z4","3","adjusted",3,"F3","F3",3,1,3,1,5,5,7,5,7,1,4,8,7,5,2,4,1,2,4,7,7,1,1,5,1,7,1,7,7,3,7
"AUQTHU5AOZVQC","2","continued",5,"F3","F3",4,1,11,1,7,7,6,7,2,2,7,4,6,2,1,7,3,1,7,7,7,7,7,7,5,7,2,7,7,2,7
"AUQTHU5AOZVQC","3","continued",5,"F3","F3",6,1,8,2,7,7,7,7,7,1,7,5,5,6,1,4,5,2,7,7,7,7,2,7,7,7,6,7,7,3,4
"AUQTHU5AOZVQC","4","continued",5,"F3","F3",7,1,11,1,6,1,7,7,4,1,7,3,7,3,1,4,3,1,7,7,7,7,5,5,7,7,1,7,7,3,7
"AVKMFV9CZ0MLR","1","adjusted",5,"F3","F3",7,1,9,1,7,7,7,6,4,1,7,7,7,7,1,1,7,2,7,7,7,7,6,7,6,7,1,7,7,3,1
"AVKMFV9CZ0MLR","2","adjusted",5,"F3","F3",7,1,11,1,7,6,7,6,4,1,7,7,7,6,1,1,7,2,7,7,7,7,6,7,7,7,1,4,7,1,1
"AVKMFV9CZ0MLR","3","continued",5,"F3","F3",7,1,11,1,7,6,7,7,4,1,7,4,7,5,1,1,7,2,7,7,7,7,6,7,7,7,1,4,7,2,1
"AVKMFV9CZ0MLR","4","continued",5,"F3","F3",7,1,11,1,7,7,7,7,4,7,7,7,7,7,1,1,7,2,7,7,7,7,6,7,7,7,1,4,7,2,1
"AVKMFV9CZ0MLR","5","continued",5,"F3","F3",7,1,11,7,5,7,7,6,4,1,7,4,7,1,1,1,7,2,7,7,6,6,6,7,6,6,1,7,7,2,1
"AWTGJ45ZWUCHH","1","continued",5,"F3","F3",7,4,11,1,7,4,7,7,4,1,4,4,5,4,4,7,7,1,1,4,7,4,4,1,1,7,1,4,7,3,7
"AWTGJ45ZWUCHH","2","continued",5,"F3","F3",7,4,11,1,5,5,7,7,4,1,4,4,7,1,4,7,1,1,1,7,4,7,4,1,1,7,1,4,1,3,1
"AWTGJ45ZWUCHH","3","continued",5,"F3","F3",7,4,11,7,7,7,7,7,7,1,7,7,7,7,4,7,7,1,7,7,7,7,7,7,1,7,1,7,1,3,7
"AWVLT2L5AP873","2","continued",3,"F3","F3",7,1,11,7,7,7,7,7,1,7,1,8,7,3,3,7,7,2,5,7,7,5,2,5,4,7,4,7,3,4,7
"AWVLT2L5AP873","3","continued",3,"F3","F3",2,1,7,7,6,7,7,5,5,7,1,8,7,3,1,4,4,2,4,7,5,4,2,5,4,7,2,7,7,5,5
"AXF0OX50YZQC6","1","continued",5,"F3","F3",7,7,8,7,5,5,4,7,7,7,7,1,7,5,3,7,1,2,7,7,7,7,4,1,4,4,1,7,3,4,7
"AXF0OX50YZQC6","2","continued",5,"F3","F3",5,1,6,1,7,7,7,5,7,1,7,7,7,7,1,7,1,1,7,7,7,7,4,1,4,7,1,7,7,3,7
"AXF0OX50YZQC6","3","continued",5,"F3","F3",7,3,6,7,6,6,4,6,7,1,7,1,7,7,3,4,1,2,7,7,7,7,4,4,4,2,1,7,3,4,7
"AXF0OX50YZQC6","4","completed",5,"F3","F3",7,1,11,1,7,7,1,7,7,1,4,5,7,7,1,7,4,1,7,7,7,7,5,4,7,7,4,7,7,3,7
"AXF0OX50YZQC6","5","continued",5,"F3","F3",7,1,10,7,6,6,7,7,7,1,7,2,7,2,3,4,1,2,7,7,7,7,5,1,4,4,1,7,3,4,7
"AY4E4CDN0J6JL","1","continued",4,"F3","F3",5,1,11,1,7,7,1,7,1,1,1,6,7,5,1,7,1,1,7,7,7,7,6,1,7,7,1,7,7,3,7
"AY4E4CDN0J6JL","2","continued",4,"F3","F3",7,1,9,1,7,7,7,6,7,1,1,4,6,6,1,5,3,2,6,7,7,2,1,5,6,7,3,7,7,3,7
"AY4E4CDN0J6JL","3","continued",4,"F3","F3",3,1,5,1,5,6,6,3,5,1,1,5,5,7,1,6,7,1,5,7,7,6,1,6,5,7,3,6,7,2,7
"AY5QPUSEADPBG","1","continued",2,"F3","F3",7,1,6,4,7,7,1,7,1,5,1,7,7,6,1,1,1,2,7,7,7,6,7,1,7,7,1,4,7,3,1
"AYNDATHZBJZ6E","1","continued",3,"F3","F3",4,1,7,4,7,7,1,4,2,2,4,4,7,6,2,5,4,2,7,7,7,4,7,7,7,7,4,7,6,5,7
"AYNDATHZBJZ6E","2","continued",3,"F3","F3",6,3,9,6,7,6,7,6,6,2,5,1,7,4,3,6,6,2,6,6,7,7,1,7,5,6,4,7,4,5,7
"AYNDATHZBJZ6E","3","continued",3,"F3","F3",4,2,8,5,6,6,7,5,5,5,5,3,6,5,1,7,7,2,5,7,7,5,1,7,6,5,6,7,4,5,7
"AYPOAY43REHC8","1","",5,"F3","F3",NA,NA,NA,NA,NA,NA,NA,NA,NA,NA,NA,NA,NA,NA,NA,NA,NA,NA,NA,NA,NA,NA,NA,NA,NA,NA,NA,NA,NA,NA,NA
"AYPOAY43REHC8","2","",5,"F3","F3",NA,NA,NA,NA,NA,NA,NA,NA,NA,NA,NA,NA,NA,NA,NA,NA,NA,NA,NA,NA,NA,NA,NA,NA,NA,NA,NA,NA,NA,NA,NA
"AYPOAY43REHC8","3","",5,"F3","F3",NA,NA,NA,NA,NA,NA,NA,NA,NA,NA,NA,NA,NA,NA,NA,NA,NA,NA,NA,NA,NA,NA,NA,NA,NA,NA,NA,NA,NA,NA,NA
"AYPOAY43REHC8","4","",5,"F3","F3",NA,NA,NA,NA,NA,NA,NA,NA,NA,NA,NA,NA,NA,NA,NA,NA,NA,NA,NA,NA,NA,NA,NA,NA,NA,NA,NA,NA,NA,NA,NA
"AYPOAY43REHC8","5","",5,"F3","F3",NA,NA,NA,NA,NA,NA,NA,NA,NA,NA,NA,NA,NA,NA,NA,NA,NA,NA,NA,NA,NA,NA,NA,NA,NA,NA,NA,NA,NA,NA,NA
